ISO-10303-21;
HEADER;
FILE_DESCRIPTION(('FreeCAD Model'),'2;1');
FILE_NAME('Open CASCADE Shape Model','2025-04-20T09:25:30',(''),(''),
  'Open CASCADE STEP processor 7.6','FreeCAD','Unknown');
FILE_SCHEMA(('AUTOMOTIVE_DESIGN { 1 0 10303 214 1 1 1 1 }'));
ENDSEC;
DATA;
#1 = APPLICATION_PROTOCOL_DEFINITION('international standard',
  'automotive_design',2000,#2);
#2 = APPLICATION_CONTEXT(
  'core data for automotive mechanical design processes');
#3 = SHAPE_DEFINITION_REPRESENTATION(#4,#10);
#4 = PRODUCT_DEFINITION_SHAPE('','',#5);
#5 = PRODUCT_DEFINITION('design','',#6,#9);
#6 = PRODUCT_DEFINITION_FORMATION('','',#7);
#7 = PRODUCT('Part_enkel_grid','Part_enkel_grid','',(#8));
#8 = PRODUCT_CONTEXT('',#2,'mechanical');
#9 = PRODUCT_DEFINITION_CONTEXT('part definition',#2,'design');
#10 = SHAPE_REPRESENTATION('',(#11,#15,#19,#23,#27,#31),#35);
#11 = AXIS2_PLACEMENT_3D('',#12,#13,#14);
#12 = CARTESIAN_POINT('',(0.,0.,0.));
#13 = DIRECTION('',(0.,0.,1.));
#14 = DIRECTION('',(1.,0.,-0.));
#15 = AXIS2_PLACEMENT_3D('',#16,#17,#18);
#16 = CARTESIAN_POINT('',(50.,0.,0.));
#17 = DIRECTION('',(0.,0.,1.));
#18 = DIRECTION('',(1.,0.,0.));
#19 = AXIS2_PLACEMENT_3D('',#20,#21,#22);
#20 = CARTESIAN_POINT('',(0.,0.,0.));
#21 = DIRECTION('',(0.,0.,1.));
#22 = DIRECTION('',(1.,0.,0.));
#23 = AXIS2_PLACEMENT_3D('',#24,#25,#26);
#24 = CARTESIAN_POINT('',(50.,0.,50.));
#25 = DIRECTION('',(0.,0.,1.));
#26 = DIRECTION('',(1.,0.,0.));
#27 = AXIS2_PLACEMENT_3D('',#28,#29,#30);
#28 = CARTESIAN_POINT('',(0.,0.,50.));
#29 = DIRECTION('',(0.,0.,1.));
#30 = DIRECTION('',(1.,0.,0.));
#31 = AXIS2_PLACEMENT_3D('',#32,#33,#34);
#32 = CARTESIAN_POINT('',(0.,0.,0.));
#33 = DIRECTION('',(0.,0.,1.));
#34 = DIRECTION('',(1.,0.,0.));
#35 = ( GEOMETRIC_REPRESENTATION_CONTEXT(3) 
GLOBAL_UNCERTAINTY_ASSIGNED_CONTEXT((#39)) GLOBAL_UNIT_ASSIGNED_CONTEXT(
(#36,#37,#38)) REPRESENTATION_CONTEXT('Context #1',
  '3D Context with UNIT and UNCERTAINTY') );
#36 = ( LENGTH_UNIT() NAMED_UNIT(*) SI_UNIT(.MILLI.,.METRE.) );
#37 = ( NAMED_UNIT(*) PLANE_ANGLE_UNIT() SI_UNIT($,.RADIAN.) );
#38 = ( NAMED_UNIT(*) SI_UNIT($,.STERADIAN.) SOLID_ANGLE_UNIT() );
#39 = UNCERTAINTY_MEASURE_WITH_UNIT(LENGTH_MEASURE(5.E-07),#36,
  'distance_accuracy_value','confusion accuracy');
#40 = PRODUCT_RELATED_PRODUCT_CATEGORY('part',$,(#7));
#41 = SHAPE_DEFINITION_REPRESENTATION(#42,#48);
#42 = PRODUCT_DEFINITION_SHAPE('','',#43);
#43 = PRODUCT_DEFINITION('design','',#44,#47);
#44 = PRODUCT_DEFINITION_FORMATION('','',#45);
#45 = PRODUCT('Body011','Body011','',(#46));
#46 = PRODUCT_CONTEXT('',#2,'mechanical');
#47 = PRODUCT_DEFINITION_CONTEXT('part definition',#2,'design');
#48 = ADVANCED_BREP_SHAPE_REPRESENTATION('',(#11,#49),#1983);
#49 = MANIFOLD_SOLID_BREP('',#50);
#50 = CLOSED_SHELL('',(#51,#347,#423,#584,#725,#752,#807,#862,#1264,
    #1313,#1662,#1690,#1743,#1770,#1855,#1882,#1915,#1942,#1969,#1976));
#51 = ADVANCED_FACE('',(#52,#171,#202,#233),#66,.T.);
#52 = FACE_BOUND('',#53,.T.);
#53 = EDGE_LOOP('',(#54,#89,#117,#145));
#54 = ORIENTED_EDGE('',*,*,#55,.T.);
#55 = EDGE_CURVE('',#56,#58,#60,.T.);
#56 = VERTEX_POINT('',#57);
#57 = CARTESIAN_POINT('',(1.50990331349E-14,-7.549516567451E-15,-17.));
#58 = VERTEX_POINT('',#59);
#59 = CARTESIAN_POINT('',(15.,-1.754152378908E-14,-17.));
#60 = SURFACE_CURVE('',#61,(#65,#77),.PCURVE_S1.);
#61 = LINE('',#62,#63);
#62 = CARTESIAN_POINT('',(2.264854970235E-14,-1.439671152028E-29,-17.));
#63 = VECTOR('',#64,1.);
#64 = DIRECTION('',(1.,-1.110223024625E-15,5.551115123126E-17));
#65 = PCURVE('',#66,#71);
#66 = PLANE('',#67);
#67 = AXIS2_PLACEMENT_3D('',#68,#69,#70);
#68 = CARTESIAN_POINT('',(2.264854970235E-14,-1.439671152028E-29,-17.));
#69 = DIRECTION('',(-6.039716305598E-31,-1.,1.110223024625E-15));
#70 = DIRECTION('',(-1.33226762955E-15,8.874685183736E-31,1.));
#71 = DEFINITIONAL_REPRESENTATION('',(#72),#76);
#72 = LINE('',#73,#74);
#73 = CARTESIAN_POINT('',(0.,0.));
#74 = VECTOR('',#75,1.);
#75 = DIRECTION('',(-1.054711873394E-15,-1.));
#76 = ( GEOMETRIC_REPRESENTATION_CONTEXT(2) 
PARAMETRIC_REPRESENTATION_CONTEXT() REPRESENTATION_CONTEXT('2D SPACE',''
  ) );
#77 = PCURVE('',#78,#83);
#78 = PLANE('',#79);
#79 = AXIS2_PLACEMENT_3D('',#80,#81,#82);
#80 = CARTESIAN_POINT('',(2.129413802518E-14,4.,-16.65004534589));
#81 = DIRECTION('',(1.161298205373E-15,8.715574274765E-02,
    -0.996194698092));
#82 = DIRECTION('',(3.373144329583E-16,-0.996194698092,
    -8.715574274765E-02));
#83 = DEFINITIONAL_REPRESENTATION('',(#84),#88);
#84 = LINE('',#85,#86);
#85 = CARTESIAN_POINT('',(4.015279350173,-3.863535850449E-15));
#86 = VECTOR('',#87,1.);
#87 = DIRECTION('',(1.197922487541E-15,-1.));
#88 = ( GEOMETRIC_REPRESENTATION_CONTEXT(2) 
PARAMETRIC_REPRESENTATION_CONTEXT() REPRESENTATION_CONTEXT('2D SPACE',''
  ) );
#89 = ORIENTED_EDGE('',*,*,#90,.T.);
#90 = EDGE_CURVE('',#58,#91,#93,.T.);
#91 = VERTEX_POINT('',#92);
#92 = CARTESIAN_POINT('',(15.,-2.442490654175E-15,17.));
#93 = SURFACE_CURVE('',#94,(#98,#105),.PCURVE_S1.);
#94 = LINE('',#95,#96);
#95 = CARTESIAN_POINT('',(15.,-2.442490654175E-15,-17.));
#96 = VECTOR('',#97,1.);
#97 = DIRECTION('',(-1.7763568394E-15,-4.440892098501E-16,1.));
#98 = PCURVE('',#66,#99);
#99 = DEFINITIONAL_REPRESENTATION('',(#100),#104);
#100 = LINE('',#101,#102);
#101 = CARTESIAN_POINT('',(-2.39808173319E-14,-15.));
#102 = VECTOR('',#103,1.);
#103 = DIRECTION('',(1.,1.33226762955E-15));
#104 = ( GEOMETRIC_REPRESENTATION_CONTEXT(2) 
PARAMETRIC_REPRESENTATION_CONTEXT() REPRESENTATION_CONTEXT('2D SPACE',''
  ) );
#105 = PCURVE('',#106,#111);
#106 = PLANE('',#107);
#107 = AXIS2_PLACEMENT_3D('',#108,#109,#110);
#108 = CARTESIAN_POINT('',(14.633576400036,10.492999017397,-20.));
#109 = DIRECTION('',(0.999390827019,3.48994967025E-02,0.));
#110 = DIRECTION('',(3.48994967025E-02,-0.999390827019,0.));
#111 = DEFINITIONAL_REPRESENTATION('',(#112),#116);
#112 = LINE('',#113,#114);
#113 = CARTESIAN_POINT('',(10.499394965126,-3.));
#114 = VECTOR('',#115,1.);
#115 = DIRECTION('',(3.818247230432E-16,-1.));
#116 = ( GEOMETRIC_REPRESENTATION_CONTEXT(2) 
PARAMETRIC_REPRESENTATION_CONTEXT() REPRESENTATION_CONTEXT('2D SPACE',''
  ) );
#117 = ORIENTED_EDGE('',*,*,#118,.F.);
#118 = EDGE_CURVE('',#119,#91,#121,.T.);
#119 = VERTEX_POINT('',#120);
#120 = CARTESIAN_POINT('',(-1.50990331349E-14,7.549516567451E-15,17.));
#121 = SURFACE_CURVE('',#122,(#126,#133),.PCURVE_S1.);
#122 = LINE('',#123,#124);
#123 = CARTESIAN_POINT('',(-2.264854970235E-14,1.439671152028E-29,17.));
#124 = VECTOR('',#125,1.);
#125 = DIRECTION('',(1.,-1.110223024625E-15,5.551115123126E-17));
#126 = PCURVE('',#66,#127);
#127 = DEFINITIONAL_REPRESENTATION('',(#128),#132);
#128 = LINE('',#129,#130);
#129 = CARTESIAN_POINT('',(34.,3.01980662698E-14));
#130 = VECTOR('',#131,1.);
#131 = DIRECTION('',(-1.054711873394E-15,-1.));
#132 = ( GEOMETRIC_REPRESENTATION_CONTEXT(2) 
PARAMETRIC_REPRESENTATION_CONTEXT() REPRESENTATION_CONTEXT('2D SPACE',''
  ) );
#133 = PCURVE('',#134,#139);
#134 = PLANE('',#135);
#135 = AXIS2_PLACEMENT_3D('',#136,#137,#138);
#136 = CARTESIAN_POINT('',(-2.264854970235E-14,1.439671152028E-29,17.));
#137 = DIRECTION('',(-1.161298205373E-15,8.715574274766E-02,
    0.996194698092));
#138 = DIRECTION('',(-1.050848833741E-16,0.996194698092,
    -8.715574274766E-02));
#139 = DEFINITIONAL_REPRESENTATION('',(#140),#144);
#140 = LINE('',#141,#142);
#141 = CARTESIAN_POINT('',(0.,0.));
#142 = VECTOR('',#143,1.);
#143 = DIRECTION('',(-1.014074094121E-15,-1.));
#144 = ( GEOMETRIC_REPRESENTATION_CONTEXT(2) 
PARAMETRIC_REPRESENTATION_CONTEXT() REPRESENTATION_CONTEXT('2D SPACE',''
  ) );
#145 = ORIENTED_EDGE('',*,*,#146,.F.);
#146 = EDGE_CURVE('',#56,#119,#147,.T.);
#147 = SURFACE_CURVE('',#148,(#152,#159),.PCURVE_S1.);
#148 = LINE('',#149,#150);
#149 = CARTESIAN_POINT('',(3.01980662698E-14,7.549516567451E-15,-17.));
#150 = VECTOR('',#151,1.);
#151 = DIRECTION('',(-1.7763568394E-15,-4.440892098501E-16,1.));
#152 = PCURVE('',#66,#153);
#153 = DEFINITIONAL_REPRESENTATION('',(#154),#158);
#154 = LINE('',#155,#156);
#155 = CARTESIAN_POINT('',(-1.42108547152E-14,-7.549516567451E-15));
#156 = VECTOR('',#157,1.);
#157 = DIRECTION('',(1.,1.33226762955E-15));
#158 = ( GEOMETRIC_REPRESENTATION_CONTEXT(2) 
PARAMETRIC_REPRESENTATION_CONTEXT() REPRESENTATION_CONTEXT('2D SPACE',''
  ) );
#159 = PCURVE('',#160,#165);
#160 = PLANE('',#161);
#161 = AXIS2_PLACEMENT_3D('',#162,#163,#164);
#162 = CARTESIAN_POINT('',(0.,0.,-20.));
#163 = DIRECTION('',(-0.999390827019,3.48994967025E-02,0.));
#164 = DIRECTION('',(3.48994967025E-02,0.999390827019,0.));
#165 = DEFINITIONAL_REPRESENTATION('',(#166),#170);
#166 = LINE('',#167,#168);
#167 = CARTESIAN_POINT('',(8.598814920144E-15,-3.));
#168 = VECTOR('',#169,1.);
#169 = DIRECTION('',(-5.058126423614E-16,-1.));
#170 = ( GEOMETRIC_REPRESENTATION_CONTEXT(2) 
PARAMETRIC_REPRESENTATION_CONTEXT() REPRESENTATION_CONTEXT('2D SPACE',''
  ) );
#171 = FACE_BOUND('',#172,.T.);
#172 = EDGE_LOOP('',(#173));
#173 = ORIENTED_EDGE('',*,*,#174,.F.);
#174 = EDGE_CURVE('',#175,#175,#177,.T.);
#175 = VERTEX_POINT('',#176);
#176 = CARTESIAN_POINT('',(11.5,-3.219646771413E-15,12.));
#177 = SURFACE_CURVE('',#178,(#183,#190),.PCURVE_S1.);
#178 = CIRCLE('',#179,4.);
#179 = AXIS2_PLACEMENT_3D('',#180,#181,#182);
#180 = CARTESIAN_POINT('',(7.5,-1.665334536938E-15,12.));
#181 = DIRECTION('',(-3.885780586188E-16,-1.,4.996003610813E-16));
#182 = DIRECTION('',(1.,-3.885780586188E-16,1.110223024625E-16));
#183 = PCURVE('',#66,#184);
#184 = DEFINITIONAL_REPRESENTATION('',(#185),#189);
#185 = CIRCLE('',#186,4.);
#186 = AXIS2_PLACEMENT_2D('',#187,#188);
#187 = CARTESIAN_POINT('',(29.,-7.5));
#188 = DIRECTION('',(-1.221245327088E-15,-1.));
#189 = ( GEOMETRIC_REPRESENTATION_CONTEXT(2) 
PARAMETRIC_REPRESENTATION_CONTEXT() REPRESENTATION_CONTEXT('2D SPACE',''
  ) );
#190 = PCURVE('',#191,#196);
#191 = CONICAL_SURFACE('',#192,4.,0.785398163397);
#192 = AXIS2_PLACEMENT_3D('',#193,#194,#195);
#193 = CARTESIAN_POINT('',(7.5,-1.665334536938E-15,12.));
#194 = DIRECTION('',(-3.885780586188E-16,-1.,4.996003610813E-16));
#195 = DIRECTION('',(1.,-3.885780586188E-16,1.110223024625E-16));
#196 = DEFINITIONAL_REPRESENTATION('',(#197),#201);
#197 = LINE('',#198,#199);
#198 = CARTESIAN_POINT('',(0.,-0.));
#199 = VECTOR('',#200,1.);
#200 = DIRECTION('',(1.,-0.));
#201 = ( GEOMETRIC_REPRESENTATION_CONTEXT(2) 
PARAMETRIC_REPRESENTATION_CONTEXT() REPRESENTATION_CONTEXT('2D SPACE',''
  ) );
#202 = FACE_BOUND('',#203,.T.);
#203 = EDGE_LOOP('',(#204));
#204 = ORIENTED_EDGE('',*,*,#205,.F.);
#205 = EDGE_CURVE('',#206,#206,#208,.T.);
#206 = VERTEX_POINT('',#207);
#207 = CARTESIAN_POINT('',(11.5,-9.880984919164E-15,-12.));
#208 = SURFACE_CURVE('',#209,(#214,#221),.PCURVE_S1.);
#209 = CIRCLE('',#210,4.);
#210 = AXIS2_PLACEMENT_3D('',#211,#212,#213);
#211 = CARTESIAN_POINT('',(7.5,-8.326672684689E-15,-12.));
#212 = DIRECTION('',(-3.885780586188E-16,-1.,4.996003610813E-16));
#213 = DIRECTION('',(1.,-3.885780586188E-16,1.110223024625E-16));
#214 = PCURVE('',#66,#215);
#215 = DEFINITIONAL_REPRESENTATION('',(#216),#220);
#216 = CIRCLE('',#217,4.);
#217 = AXIS2_PLACEMENT_2D('',#218,#219);
#218 = CARTESIAN_POINT('',(5.,-7.5));
#219 = DIRECTION('',(-1.221245327088E-15,-1.));
#220 = ( GEOMETRIC_REPRESENTATION_CONTEXT(2) 
PARAMETRIC_REPRESENTATION_CONTEXT() REPRESENTATION_CONTEXT('2D SPACE',''
  ) );
#221 = PCURVE('',#222,#227);
#222 = CONICAL_SURFACE('',#223,4.,0.785398163397);
#223 = AXIS2_PLACEMENT_3D('',#224,#225,#226);
#224 = CARTESIAN_POINT('',(7.5,-8.326672684689E-15,-12.));
#225 = DIRECTION('',(-3.885780586188E-16,-1.,4.996003610813E-16));
#226 = DIRECTION('',(1.,-3.885780586188E-16,1.110223024625E-16));
#227 = DEFINITIONAL_REPRESENTATION('',(#228),#232);
#228 = LINE('',#229,#230);
#229 = CARTESIAN_POINT('',(0.,-0.));
#230 = VECTOR('',#231,1.);
#231 = DIRECTION('',(1.,-0.));
#232 = ( GEOMETRIC_REPRESENTATION_CONTEXT(2) 
PARAMETRIC_REPRESENTATION_CONTEXT() REPRESENTATION_CONTEXT('2D SPACE',''
  ) );
#233 = FACE_BOUND('',#234,.T.);
#234 = EDGE_LOOP('',(#235,#265,#293,#321));
#235 = ORIENTED_EDGE('',*,*,#236,.T.);
#236 = EDGE_CURVE('',#237,#239,#241,.T.);
#237 = VERTEX_POINT('',#238);
#238 = CARTESIAN_POINT('',(5.,-1.221245327088E-15,-5.5));
#239 = VERTEX_POINT('',#240);
#240 = CARTESIAN_POINT('',(5.,1.221245327088E-15,5.5));
#241 = SURFACE_CURVE('',#242,(#246,#253),.PCURVE_S1.);
#242 = LINE('',#243,#244);
#243 = CARTESIAN_POINT('',(5.,-1.221245327088E-15,-5.5));
#244 = VECTOR('',#245,1.);
#245 = DIRECTION('',(0.,2.22044604925E-16,1.));
#246 = PCURVE('',#66,#247);
#247 = DEFINITIONAL_REPRESENTATION('',(#248),#252);
#248 = LINE('',#249,#250);
#249 = CARTESIAN_POINT('',(11.5,-5.));
#250 = VECTOR('',#251,1.);
#251 = DIRECTION('',(1.,-2.22044604925E-16));
#252 = ( GEOMETRIC_REPRESENTATION_CONTEXT(2) 
PARAMETRIC_REPRESENTATION_CONTEXT() REPRESENTATION_CONTEXT('2D SPACE',''
  ) );
#253 = PCURVE('',#254,#259);
#254 = B_SPLINE_SURFACE_WITH_KNOTS('',1,1,(
    (#255,#256)
    ,(#257,#258
  )),.UNSPECIFIED.,.F.,.F.,.F.,(2,2),(2,2),(0.,11.),(0.,1.),
  .PIECEWISE_BEZIER_KNOTS.);
#255 = CARTESIAN_POINT('',(5.,-1.221245327088E-15,-5.5));
#256 = CARTESIAN_POINT('',(5.349207694917,10.,-5.150792305083));
#257 = CARTESIAN_POINT('',(5.,1.221245327088E-15,5.5));
#258 = CARTESIAN_POINT('',(5.349207694917,10.,5.150792305083));
#259 = DEFINITIONAL_REPRESENTATION('',(#260),#264);
#260 = LINE('',#261,#262);
#261 = CARTESIAN_POINT('',(0.,0.));
#262 = VECTOR('',#263,1.);
#263 = DIRECTION('',(1.,0.));
#264 = ( GEOMETRIC_REPRESENTATION_CONTEXT(2) 
PARAMETRIC_REPRESENTATION_CONTEXT() REPRESENTATION_CONTEXT('2D SPACE',''
  ) );
#265 = ORIENTED_EDGE('',*,*,#266,.T.);
#266 = EDGE_CURVE('',#239,#267,#269,.T.);
#267 = VERTEX_POINT('',#268);
#268 = CARTESIAN_POINT('',(10.,1.221245327088E-15,5.5));
#269 = SURFACE_CURVE('',#270,(#274,#281),.PCURVE_S1.);
#270 = LINE('',#271,#272);
#271 = CARTESIAN_POINT('',(5.,1.221245327088E-15,5.5));
#272 = VECTOR('',#273,1.);
#273 = DIRECTION('',(1.,0.,0.));
#274 = PCURVE('',#66,#275);
#275 = DEFINITIONAL_REPRESENTATION('',(#276),#280);
#276 = LINE('',#277,#278);
#277 = CARTESIAN_POINT('',(22.5,-5.));
#278 = VECTOR('',#279,1.);
#279 = DIRECTION('',(-1.33226762955E-15,-1.));
#280 = ( GEOMETRIC_REPRESENTATION_CONTEXT(2) 
PARAMETRIC_REPRESENTATION_CONTEXT() REPRESENTATION_CONTEXT('2D SPACE',''
  ) );
#281 = PCURVE('',#282,#287);
#282 = B_SPLINE_SURFACE_WITH_KNOTS('',1,1,(
    (#283,#284)
    ,(#285,#286)),.UNSPECIFIED.,.F.,.F.,.F.,(2,2),(2,2),(0.,5.),(0.,1.),
  .PIECEWISE_BEZIER_KNOTS.);
#283 = CARTESIAN_POINT('',(5.,1.221245327088E-15,5.5));
#284 = CARTESIAN_POINT('',(5.349207694917,10.,5.150792305083));
#285 = CARTESIAN_POINT('',(10.,1.221245327088E-15,5.5));
#286 = CARTESIAN_POINT('',(9.650792305083,10.,5.150792305083));
#287 = DEFINITIONAL_REPRESENTATION('',(#288),#292);
#288 = LINE('',#289,#290);
#289 = CARTESIAN_POINT('',(0.,0.));
#290 = VECTOR('',#291,1.);
#291 = DIRECTION('',(1.,0.));
#292 = ( GEOMETRIC_REPRESENTATION_CONTEXT(2) 
PARAMETRIC_REPRESENTATION_CONTEXT() REPRESENTATION_CONTEXT('2D SPACE',''
  ) );
#293 = ORIENTED_EDGE('',*,*,#294,.T.);
#294 = EDGE_CURVE('',#267,#295,#297,.T.);
#295 = VERTEX_POINT('',#296);
#296 = CARTESIAN_POINT('',(10.,-1.221245327088E-15,-5.5));
#297 = SURFACE_CURVE('',#298,(#302,#309),.PCURVE_S1.);
#298 = LINE('',#299,#300);
#299 = CARTESIAN_POINT('',(10.,1.221245327088E-15,5.5));
#300 = VECTOR('',#301,1.);
#301 = DIRECTION('',(0.,-2.22044604925E-16,-1.));
#302 = PCURVE('',#66,#303);
#303 = DEFINITIONAL_REPRESENTATION('',(#304),#308);
#304 = LINE('',#305,#306);
#305 = CARTESIAN_POINT('',(22.5,-10.));
#306 = VECTOR('',#307,1.);
#307 = DIRECTION('',(-1.,2.22044604925E-16));
#308 = ( GEOMETRIC_REPRESENTATION_CONTEXT(2) 
PARAMETRIC_REPRESENTATION_CONTEXT() REPRESENTATION_CONTEXT('2D SPACE',''
  ) );
#309 = PCURVE('',#310,#315);
#310 = B_SPLINE_SURFACE_WITH_KNOTS('',1,1,(
    (#311,#312)
    ,(#313,#314
  )),.UNSPECIFIED.,.F.,.F.,.F.,(2,2),(2,2),(0.,11.),(0.,1.),
  .PIECEWISE_BEZIER_KNOTS.);
#311 = CARTESIAN_POINT('',(10.,1.221245327088E-15,5.5));
#312 = CARTESIAN_POINT('',(9.650792305083,10.,5.150792305083));
#313 = CARTESIAN_POINT('',(10.,-1.221245327088E-15,-5.5));
#314 = CARTESIAN_POINT('',(9.650792305083,10.,-5.150792305083));
#315 = DEFINITIONAL_REPRESENTATION('',(#316),#320);
#316 = LINE('',#317,#318);
#317 = CARTESIAN_POINT('',(0.,0.));
#318 = VECTOR('',#319,1.);
#319 = DIRECTION('',(1.,0.));
#320 = ( GEOMETRIC_REPRESENTATION_CONTEXT(2) 
PARAMETRIC_REPRESENTATION_CONTEXT() REPRESENTATION_CONTEXT('2D SPACE',''
  ) );
#321 = ORIENTED_EDGE('',*,*,#322,.T.);
#322 = EDGE_CURVE('',#295,#237,#323,.T.);
#323 = SURFACE_CURVE('',#324,(#328,#335),.PCURVE_S1.);
#324 = LINE('',#325,#326);
#325 = CARTESIAN_POINT('',(10.,-1.221245327088E-15,-5.5));
#326 = VECTOR('',#327,1.);
#327 = DIRECTION('',(-1.,0.,0.));
#328 = PCURVE('',#66,#329);
#329 = DEFINITIONAL_REPRESENTATION('',(#330),#334);
#330 = LINE('',#331,#332);
#331 = CARTESIAN_POINT('',(11.5,-10.));
#332 = VECTOR('',#333,1.);
#333 = DIRECTION('',(1.33226762955E-15,1.));
#334 = ( GEOMETRIC_REPRESENTATION_CONTEXT(2) 
PARAMETRIC_REPRESENTATION_CONTEXT() REPRESENTATION_CONTEXT('2D SPACE',''
  ) );
#335 = PCURVE('',#336,#341);
#336 = B_SPLINE_SURFACE_WITH_KNOTS('',1,1,(
    (#337,#338)
    ,(#339,#340)),.UNSPECIFIED.,.F.,.F.,.F.,(2,2),(2,2),(0.,5.),(0.,1.),
  .PIECEWISE_BEZIER_KNOTS.);
#337 = CARTESIAN_POINT('',(10.,-1.221245327088E-15,-5.5));
#338 = CARTESIAN_POINT('',(9.650792305083,10.,-5.150792305083));
#339 = CARTESIAN_POINT('',(5.,-1.221245327088E-15,-5.5));
#340 = CARTESIAN_POINT('',(5.349207694917,10.,-5.150792305083));
#341 = DEFINITIONAL_REPRESENTATION('',(#342),#346);
#342 = LINE('',#343,#344);
#343 = CARTESIAN_POINT('',(0.,0.));
#344 = VECTOR('',#345,1.);
#345 = DIRECTION('',(1.,0.));
#346 = ( GEOMETRIC_REPRESENTATION_CONTEXT(2) 
PARAMETRIC_REPRESENTATION_CONTEXT() REPRESENTATION_CONTEXT('2D SPACE',''
  ) );
#347 = ADVANCED_FACE('',(#348),#78,.T.);
#348 = FACE_BOUND('',#349,.T.);
#349 = EDGE_LOOP('',(#350,#373,#401,#422));
#350 = ORIENTED_EDGE('',*,*,#351,.T.);
#351 = EDGE_CURVE('',#56,#352,#354,.T.);
#352 = VERTEX_POINT('',#353);
#353 = CARTESIAN_POINT('',(0.139683077967,4.,-16.65004534589));
#354 = SURFACE_CURVE('',#355,(#359,#366),.PCURVE_S1.);
#355 = LINE('',#356,#357);
#356 = CARTESIAN_POINT('',(6.521467039812E-02,1.867503819282,
    -16.83661458672));
#357 = VECTOR('',#358,1.);
#358 = DIRECTION('',(3.476685441099E-02,0.995592448763,8.71030527588E-02
    ));
#359 = PCURVE('',#78,#360);
#360 = DEFINITIONAL_REPRESENTATION('',(#361),#365);
#361 = LINE('',#362,#363);
#362 = CARTESIAN_POINT('',(2.14064196969,-6.52146703981E-02));
#363 = VECTOR('',#364,1.);
#364 = DIRECTION('',(-0.999395450177,-3.476685441099E-02));
#365 = ( GEOMETRIC_REPRESENTATION_CONTEXT(2) 
PARAMETRIC_REPRESENTATION_CONTEXT() REPRESENTATION_CONTEXT('2D SPACE',''
  ) );
#366 = PCURVE('',#160,#367);
#367 = DEFINITIONAL_REPRESENTATION('',(#368),#372);
#368 = LINE('',#369,#370);
#369 = CARTESIAN_POINT('',(1.868642145588,-3.163385413279));
#370 = VECTOR('',#371,1.);
#371 = DIRECTION('',(0.996199306464,-8.71030527588E-02));
#372 = ( GEOMETRIC_REPRESENTATION_CONTEXT(2) 
PARAMETRIC_REPRESENTATION_CONTEXT() REPRESENTATION_CONTEXT('2D SPACE',''
  ) );
#373 = ORIENTED_EDGE('',*,*,#374,.T.);
#374 = EDGE_CURVE('',#352,#375,#377,.T.);
#375 = VERTEX_POINT('',#376);
#376 = CARTESIAN_POINT('',(14.860316922033,4.,-16.65004534589));
#377 = SURFACE_CURVE('',#378,(#382,#389),.PCURVE_S1.);
#378 = LINE('',#379,#380);
#379 = CARTESIAN_POINT('',(2.129413802518E-14,4.,-16.65004534589));
#380 = VECTOR('',#381,1.);
#381 = DIRECTION('',(1.,-1.110223024625E-15,5.551115123126E-17));
#382 = PCURVE('',#78,#383);
#383 = DEFINITIONAL_REPRESENTATION('',(#384),#388);
#384 = LINE('',#385,#386);
#385 = CARTESIAN_POINT('',(0.,0.));
#386 = VECTOR('',#387,1.);
#387 = DIRECTION('',(1.197922487541E-15,-1.));
#388 = ( GEOMETRIC_REPRESENTATION_CONTEXT(2) 
PARAMETRIC_REPRESENTATION_CONTEXT() REPRESENTATION_CONTEXT('2D SPACE',''
  ) );
#389 = PCURVE('',#390,#395);
#390 = PLANE('',#391);
#391 = AXIS2_PLACEMENT_3D('',#392,#393,#394);
#392 = CARTESIAN_POINT('',(1.196826461833E-14,4.,-9.650045345896));
#393 = DIRECTION('',(6.039716305598E-31,1.,-1.110223024625E-15));
#394 = DIRECTION('',(1.33226762955E-15,-8.874685183736E-31,-1.));
#395 = DEFINITIONAL_REPRESENTATION('',(#396),#400);
#396 = LINE('',#397,#398);
#397 = CARTESIAN_POINT('',(7.,-6.217248937901E-15));
#398 = VECTOR('',#399,1.);
#399 = DIRECTION('',(1.054711873394E-15,-1.));
#400 = ( GEOMETRIC_REPRESENTATION_CONTEXT(2) 
PARAMETRIC_REPRESENTATION_CONTEXT() REPRESENTATION_CONTEXT('2D SPACE',''
  ) );
#401 = ORIENTED_EDGE('',*,*,#402,.T.);
#402 = EDGE_CURVE('',#375,#58,#403,.T.);
#403 = SURFACE_CURVE('',#404,(#408,#415),.PCURVE_S1.);
#404 = LINE('',#405,#406);
#405 = CARTESIAN_POINT('',(14.743898040641,7.333800574446,
    -16.35837558917));
#406 = VECTOR('',#407,1.);
#407 = DIRECTION('',(3.476685441099E-02,-0.995592448763,
    -8.71030527588E-02));
#408 = PCURVE('',#78,#409);
#409 = DEFINITIONAL_REPRESENTATION('',(#410),#414);
#410 = LINE('',#411,#412);
#411 = CARTESIAN_POINT('',(-3.346535151043,-14.74389804064));
#412 = VECTOR('',#413,1.);
#413 = DIRECTION('',(0.999395450177,-3.476685441099E-02));
#414 = ( GEOMETRIC_REPRESENTATION_CONTEXT(2) 
PARAMETRIC_REPRESENTATION_CONTEXT() REPRESENTATION_CONTEXT('2D SPACE',''
  ) );
#415 = PCURVE('',#106,#416);
#416 = DEFINITIONAL_REPRESENTATION('',(#417),#421);
#417 = LINE('',#418,#419);
#418 = CARTESIAN_POINT('',(3.16112411435,-3.641624410824));
#419 = VECTOR('',#420,1.);
#420 = DIRECTION('',(0.996199306464,8.71030527588E-02));
#421 = ( GEOMETRIC_REPRESENTATION_CONTEXT(2) 
PARAMETRIC_REPRESENTATION_CONTEXT() REPRESENTATION_CONTEXT('2D SPACE',''
  ) );
#422 = ORIENTED_EDGE('',*,*,#55,.F.);
#423 = ADVANCED_FACE('',(#424),#160,.T.);
#424 = FACE_BOUND('',#425,.T.);
#425 = EDGE_LOOP('',(#426,#427,#428,#451,#479,#507,#535,#563));
#426 = ORIENTED_EDGE('',*,*,#351,.F.);
#427 = ORIENTED_EDGE('',*,*,#146,.T.);
#428 = ORIENTED_EDGE('',*,*,#429,.F.);
#429 = EDGE_CURVE('',#430,#119,#432,.T.);
#430 = VERTEX_POINT('',#431);
#431 = CARTESIAN_POINT('',(0.139683077967,4.,16.650045345896));
#432 = SURFACE_CURVE('',#433,(#437,#444),.PCURVE_S1.);
#433 = LINE('',#434,#435);
#434 = CARTESIAN_POINT('',(5.602353434933E-02,1.604304119432,
    16.859641576702));
#435 = VECTOR('',#436,1.);
#436 = DIRECTION('',(-3.476685441099E-02,-0.995592448763,
    8.71030527588E-02));
#437 = PCURVE('',#160,#438);
#438 = DEFINITIONAL_REPRESENTATION('',(#439),#443);
#439 = LINE('',#440,#441);
#440 = CARTESIAN_POINT('',(1.605282013861,-36.8596415767));
#441 = VECTOR('',#442,1.);
#442 = DIRECTION('',(-0.996199306464,-8.71030527588E-02));
#443 = ( GEOMETRIC_REPRESENTATION_CONTEXT(2) 
PARAMETRIC_REPRESENTATION_CONTEXT() REPRESENTATION_CONTEXT('2D SPACE',''
  ) );
#444 = PCURVE('',#134,#445);
#445 = DEFINITIONAL_REPRESENTATION('',(#446),#450);
#446 = LINE('',#447,#448);
#447 = CARTESIAN_POINT('',(1.610432300538,-5.602353434935E-02));
#448 = VECTOR('',#449,1.);
#449 = DIRECTION('',(-0.999395450177,3.476685441099E-02));
#450 = ( GEOMETRIC_REPRESENTATION_CONTEXT(2) 
PARAMETRIC_REPRESENTATION_CONTEXT() REPRESENTATION_CONTEXT('2D SPACE',''
  ) );
#451 = ORIENTED_EDGE('',*,*,#452,.F.);
#452 = EDGE_CURVE('',#453,#430,#455,.T.);
#453 = VERTEX_POINT('',#454);
#454 = CARTESIAN_POINT('',(0.139683077967,4.,9.650045345896));
#455 = SURFACE_CURVE('',#456,(#460,#467),.PCURVE_S1.);
#456 = LINE('',#457,#458);
#457 = CARTESIAN_POINT('',(0.139683077967,4.,-1.674977327052));
#458 = VECTOR('',#459,1.);
#459 = DIRECTION('',(2.326190539642E-17,6.661338147751E-16,1.));
#460 = PCURVE('',#160,#461);
#461 = DEFINITIONAL_REPRESENTATION('',(#462),#466);
#462 = LINE('',#463,#464);
#463 = CARTESIAN_POINT('',(4.002438177195,-18.32502267294));
#464 = VECTOR('',#465,1.);
#465 = DIRECTION('',(6.665398528441E-16,-1.));
#466 = ( GEOMETRIC_REPRESENTATION_CONTEXT(2) 
PARAMETRIC_REPRESENTATION_CONTEXT() REPRESENTATION_CONTEXT('2D SPACE',''
  ) );
#467 = PCURVE('',#468,#473);
#468 = PLANE('',#469);
#469 = AXIS2_PLACEMENT_3D('',#470,#471,#472);
#470 = CARTESIAN_POINT('',(-2.307049486458E-14,4.,16.650045345896));
#471 = DIRECTION('',(6.039716305598E-31,1.,-1.110223024625E-15));
#472 = DIRECTION('',(1.33226762955E-15,-8.874685183736E-31,-1.));
#473 = DEFINITIONAL_REPRESENTATION('',(#474),#478);
#474 = LINE('',#475,#476);
#475 = CARTESIAN_POINT('',(18.325022672948,-0.139683077967));
#476 = VECTOR('',#477,1.);
#477 = DIRECTION('',(-1.,-2.453065103215E-16));
#478 = ( GEOMETRIC_REPRESENTATION_CONTEXT(2) 
PARAMETRIC_REPRESENTATION_CONTEXT() REPRESENTATION_CONTEXT('2D SPACE',''
  ) );
#479 = ORIENTED_EDGE('',*,*,#480,.F.);
#480 = EDGE_CURVE('',#481,#453,#483,.T.);
#481 = VERTEX_POINT('',#482);
#482 = CARTESIAN_POINT('',(0.314286925426,9.,5.5));
#483 = SURFACE_CURVE('',#484,(#488,#495),.PCURVE_S1.);
#484 = LINE('',#485,#486);
#485 = CARTESIAN_POINT('',(0.352497389817,10.094204536372,4.591800311274
    ));
#486 = VECTOR('',#487,1.);
#487 = DIRECTION('',(-2.686106140033E-02,-0.769200157708,0.638443106912)
  );
#488 = PCURVE('',#160,#489);
#489 = DEFINITIONAL_REPRESENTATION('',(#490),#494);
#490 = LINE('',#491,#492);
#491 = CARTESIAN_POINT('',(10.100357401198,-24.59180031127));
#492 = VECTOR('',#493,1.);
#493 = DIRECTION('',(-0.769669019279,-0.638443106912));
#494 = ( GEOMETRIC_REPRESENTATION_CONTEXT(2) 
PARAMETRIC_REPRESENTATION_CONTEXT() REPRESENTATION_CONTEXT('2D SPACE',''
  ) );
#495 = PCURVE('',#496,#501);
#496 = PLANE('',#497);
#497 = AXIS2_PLACEMENT_3D('',#498,#499,#500);
#498 = CARTESIAN_POINT('',(-1.374462145773E-14,4.,9.650045345896));
#499 = DIRECTION('',(-8.970065728814E-16,0.638673555279,0.76947780331));
#500 = DIRECTION('',(6.80025708714E-16,0.76947780331,-0.638673555279));
#501 = DEFINITIONAL_REPRESENTATION('',(#502),#506);
#502 = LINE('',#503,#504);
#503 = CARTESIAN_POINT('',(7.919922459305,-0.352497389817));
#504 = VECTOR('',#505,1.);
#505 = DIRECTION('',(-0.999639176593,2.686106140033E-02));
#506 = ( GEOMETRIC_REPRESENTATION_CONTEXT(2) 
PARAMETRIC_REPRESENTATION_CONTEXT() REPRESENTATION_CONTEXT('2D SPACE',''
  ) );
#507 = ORIENTED_EDGE('',*,*,#508,.F.);
#508 = EDGE_CURVE('',#509,#481,#511,.T.);
#509 = VERTEX_POINT('',#510);
#510 = CARTESIAN_POINT('',(0.314286925426,9.,-5.5));
#511 = SURFACE_CURVE('',#512,(#516,#523),.PCURVE_S1.);
#512 = LINE('',#513,#514);
#513 = CARTESIAN_POINT('',(0.314286925426,9.,-7.25));
#514 = VECTOR('',#515,1.);
#515 = DIRECTION('',(2.326190539642E-17,6.661338147751E-16,1.));
#516 = PCURVE('',#160,#517);
#517 = DEFINITIONAL_REPRESENTATION('',(#518),#522);
#518 = LINE('',#519,#520);
#519 = CARTESIAN_POINT('',(9.005485898689,-12.75));
#520 = VECTOR('',#521,1.);
#521 = DIRECTION('',(6.665398528441E-16,-1.));
#522 = ( GEOMETRIC_REPRESENTATION_CONTEXT(2) 
PARAMETRIC_REPRESENTATION_CONTEXT() REPRESENTATION_CONTEXT('2D SPACE',''
  ) );
#523 = PCURVE('',#524,#529);
#524 = PLANE('',#525);
#525 = AXIS2_PLACEMENT_3D('',#526,#527,#528);
#526 = CARTESIAN_POINT('',(-9.325873406851E-15,9.,5.5));
#527 = DIRECTION('',(6.039716305598E-31,1.,-1.110223024625E-15));
#528 = DIRECTION('',(1.33226762955E-15,-8.874685183736E-31,-1.));
#529 = DEFINITIONAL_REPRESENTATION('',(#530),#534);
#530 = LINE('',#531,#532);
#531 = CARTESIAN_POINT('',(12.75,-0.314286925426));
#532 = VECTOR('',#533,1.);
#533 = DIRECTION('',(-1.,-2.453065103215E-16));
#534 = ( GEOMETRIC_REPRESENTATION_CONTEXT(2) 
PARAMETRIC_REPRESENTATION_CONTEXT() REPRESENTATION_CONTEXT('2D SPACE',''
  ) );
#535 = ORIENTED_EDGE('',*,*,#536,.F.);
#536 = EDGE_CURVE('',#537,#509,#539,.T.);
#537 = VERTEX_POINT('',#538);
#538 = CARTESIAN_POINT('',(0.139683077967,4.,-9.650045345896));
#539 = SURFACE_CURVE('',#540,(#544,#551),.PCURVE_S1.);
#540 = LINE('',#541,#542);
#541 = CARTESIAN_POINT('',(9.675113385034E-02,2.770589974348,
    -10.67046681692));
#542 = VECTOR('',#543,1.);
#543 = DIRECTION('',(2.686106140033E-02,0.769200157708,0.638443106912));
#544 = PCURVE('',#160,#545);
#545 = DEFINITIONAL_REPRESENTATION('',(#546),#550);
#546 = LINE('',#547,#548);
#547 = CARTESIAN_POINT('',(2.772278771671,-9.329533183072));
#548 = VECTOR('',#549,1.);
#549 = DIRECTION('',(0.769669019279,-0.638443106912));
#550 = ( GEOMETRIC_REPRESENTATION_CONTEXT(2) 
PARAMETRIC_REPRESENTATION_CONTEXT() REPRESENTATION_CONTEXT('2D SPACE',''
  ) );
#551 = PCURVE('',#552,#557);
#552 = PLANE('',#553);
#553 = AXIS2_PLACEMENT_3D('',#554,#555,#556);
#554 = CARTESIAN_POINT('',(5.329070518201E-15,9.,-5.5));
#555 = DIRECTION('',(8.970065728814E-16,0.638673555279,-0.76947780331));
#556 = DIRECTION('',(1.021742498383E-15,-0.76947780331,-0.638673555279)
  );
#557 = DEFINITIONAL_REPRESENTATION('',(#558),#562);
#558 = LINE('',#559,#560);
#559 = CARTESIAN_POINT('',(8.095633166878,-9.675113385034E-02));
#560 = VECTOR('',#561,1.);
#561 = DIRECTION('',(-0.999639176593,-2.686106140033E-02));
#562 = ( GEOMETRIC_REPRESENTATION_CONTEXT(2) 
PARAMETRIC_REPRESENTATION_CONTEXT() REPRESENTATION_CONTEXT('2D SPACE',''
  ) );
#563 = ORIENTED_EDGE('',*,*,#564,.F.);
#564 = EDGE_CURVE('',#352,#537,#565,.T.);
#565 = SURFACE_CURVE('',#566,(#570,#577),.PCURVE_S1.);
#566 = LINE('',#567,#568);
#567 = CARTESIAN_POINT('',(0.139683077967,4.,-14.82502267294));
#568 = VECTOR('',#569,1.);
#569 = DIRECTION('',(2.326190539642E-17,6.661338147751E-16,1.));
#570 = PCURVE('',#160,#571);
#571 = DEFINITIONAL_REPRESENTATION('',(#572),#576);
#572 = LINE('',#573,#574);
#573 = CARTESIAN_POINT('',(4.002438177195,-5.174977327052));
#574 = VECTOR('',#575,1.);
#575 = DIRECTION('',(6.665398528441E-16,-1.));
#576 = ( GEOMETRIC_REPRESENTATION_CONTEXT(2) 
PARAMETRIC_REPRESENTATION_CONTEXT() REPRESENTATION_CONTEXT('2D SPACE',''
  ) );
#577 = PCURVE('',#390,#578);
#578 = DEFINITIONAL_REPRESENTATION('',(#579),#583);
#579 = LINE('',#580,#581);
#580 = CARTESIAN_POINT('',(5.174977327052,-0.139683077967));
#581 = VECTOR('',#582,1.);
#582 = DIRECTION('',(-1.,-2.453065103215E-16));
#583 = ( GEOMETRIC_REPRESENTATION_CONTEXT(2) 
PARAMETRIC_REPRESENTATION_CONTEXT() REPRESENTATION_CONTEXT('2D SPACE',''
  ) );
#584 = ADVANCED_FACE('',(#585),#106,.T.);
#585 = FACE_BOUND('',#586,.T.);
#586 = EDGE_LOOP('',(#587,#588,#589,#612,#635,#658,#681,#704));
#587 = ORIENTED_EDGE('',*,*,#90,.F.);
#588 = ORIENTED_EDGE('',*,*,#402,.F.);
#589 = ORIENTED_EDGE('',*,*,#590,.F.);
#590 = EDGE_CURVE('',#591,#375,#593,.T.);
#591 = VERTEX_POINT('',#592);
#592 = CARTESIAN_POINT('',(14.860316922033,4.,-9.650045345896));
#593 = SURFACE_CURVE('',#594,(#598,#605),.PCURVE_S1.);
#594 = LINE('',#595,#596);
#595 = CARTESIAN_POINT('',(14.860316922033,4.,-14.82502267294));
#596 = VECTOR('',#597,1.);
#597 = DIRECTION('',(2.326190539642E-17,-6.661338147751E-16,-1.));
#598 = PCURVE('',#106,#599);
#599 = DEFINITIONAL_REPRESENTATION('',(#600),#604);
#600 = LINE('',#601,#602);
#601 = CARTESIAN_POINT('',(6.49695678793,-5.174977327052));
#602 = VECTOR('',#603,1.);
#603 = DIRECTION('',(6.665398528441E-16,1.));
#604 = ( GEOMETRIC_REPRESENTATION_CONTEXT(2) 
PARAMETRIC_REPRESENTATION_CONTEXT() REPRESENTATION_CONTEXT('2D SPACE',''
  ) );
#605 = PCURVE('',#390,#606);
#606 = DEFINITIONAL_REPRESENTATION('',(#607),#611);
#607 = LINE('',#608,#609);
#608 = CARTESIAN_POINT('',(5.174977327052,-14.86031692203));
#609 = VECTOR('',#610,1.);
#610 = DIRECTION('',(1.,1.987826995286E-16));
#611 = ( GEOMETRIC_REPRESENTATION_CONTEXT(2) 
PARAMETRIC_REPRESENTATION_CONTEXT() REPRESENTATION_CONTEXT('2D SPACE',''
  ) );
#612 = ORIENTED_EDGE('',*,*,#613,.F.);
#613 = EDGE_CURVE('',#614,#591,#616,.T.);
#614 = VERTEX_POINT('',#615);
#615 = CARTESIAN_POINT('',(14.685713074574,9.,-5.5));
#616 = SURFACE_CURVE('',#617,(#621,#628),.PCURVE_S1.);
#617 = LINE('',#618,#619);
#618 = CARTESIAN_POINT('',(14.789304580167,6.033527407893,
    -7.962199154921));
#619 = VECTOR('',#620,1.);
#620 = DIRECTION('',(2.686106140033E-02,-0.769200157708,-0.638443106912)
  );
#621 = PCURVE('',#106,#622);
#622 = DEFINITIONAL_REPRESENTATION('',(#623),#627);
#623 = LINE('',#624,#625);
#624 = CARTESIAN_POINT('',(4.462189854999,-12.03780084507));
#625 = VECTOR('',#626,1.);
#626 = DIRECTION('',(0.769669019279,0.638443106912));
#627 = ( GEOMETRIC_REPRESENTATION_CONTEXT(2) 
PARAMETRIC_REPRESENTATION_CONTEXT() REPRESENTATION_CONTEXT('2D SPACE',''
  ) );
#628 = PCURVE('',#552,#629);
#629 = DEFINITIONAL_REPRESENTATION('',(#630),#634);
#630 = LINE('',#631,#632);
#631 = CARTESIAN_POINT('',(3.855176301833,-14.78930458016));
#632 = VECTOR('',#633,1.);
#633 = DIRECTION('',(0.999639176593,-2.686106140033E-02));
#634 = ( GEOMETRIC_REPRESENTATION_CONTEXT(2) 
PARAMETRIC_REPRESENTATION_CONTEXT() REPRESENTATION_CONTEXT('2D SPACE',''
  ) );
#635 = ORIENTED_EDGE('',*,*,#636,.F.);
#636 = EDGE_CURVE('',#637,#614,#639,.T.);
#637 = VERTEX_POINT('',#638);
#638 = CARTESIAN_POINT('',(14.685713074574,9.,5.5));
#639 = SURFACE_CURVE('',#640,(#644,#651),.PCURVE_S1.);
#640 = LINE('',#641,#642);
#641 = CARTESIAN_POINT('',(14.685713074574,9.,-7.25));
#642 = VECTOR('',#643,1.);
#643 = DIRECTION('',(2.326190539642E-17,-6.661338147751E-16,-1.));
#644 = PCURVE('',#106,#645);
#645 = DEFINITIONAL_REPRESENTATION('',(#646),#650);
#646 = LINE('',#647,#648);
#647 = CARTESIAN_POINT('',(1.493909066436,-12.75));
#648 = VECTOR('',#649,1.);
#649 = DIRECTION('',(6.665398528441E-16,1.));
#650 = ( GEOMETRIC_REPRESENTATION_CONTEXT(2) 
PARAMETRIC_REPRESENTATION_CONTEXT() REPRESENTATION_CONTEXT('2D SPACE',''
  ) );
#651 = PCURVE('',#524,#652);
#652 = DEFINITIONAL_REPRESENTATION('',(#653),#657);
#653 = LINE('',#654,#655);
#654 = CARTESIAN_POINT('',(12.75,-14.68571307457));
#655 = VECTOR('',#656,1.);
#656 = DIRECTION('',(1.,1.987826995286E-16));
#657 = ( GEOMETRIC_REPRESENTATION_CONTEXT(2) 
PARAMETRIC_REPRESENTATION_CONTEXT() REPRESENTATION_CONTEXT('2D SPACE',''
  ) );
#658 = ORIENTED_EDGE('',*,*,#659,.F.);
#659 = EDGE_CURVE('',#660,#637,#662,.T.);
#660 = VERTEX_POINT('',#661);
#661 = CARTESIAN_POINT('',(14.860316922033,4.,9.650045345896));
#662 = SURFACE_CURVE('',#663,(#667,#674),.PCURVE_S1.);
#663 = LINE('',#664,#665);
#664 = CARTESIAN_POINT('',(14.5335583242,13.357141969917,1.883532649267)
  );
#665 = VECTOR('',#666,1.);
#666 = DIRECTION('',(-2.686106140033E-02,0.769200157708,-0.638443106912)
  );
#667 = PCURVE('',#106,#668);
#668 = DEFINITIONAL_REPRESENTATION('',(#669),#673);
#669 = LINE('',#670,#671);
#670 = CARTESIAN_POINT('',(-2.865888774528,-21.88353264926));
#671 = VECTOR('',#672,1.);
#672 = DIRECTION('',(-0.769669019279,0.638443106912));
#673 = ( GEOMETRIC_REPRESENTATION_CONTEXT(2) 
PARAMETRIC_REPRESENTATION_CONTEXT() REPRESENTATION_CONTEXT('2D SPACE',''
  ) );
#674 = PCURVE('',#496,#675);
#675 = DEFINITIONAL_REPRESENTATION('',(#676),#680);
#676 = LINE('',#677,#678);
#677 = CARTESIAN_POINT('',(12.16037932435,-14.5335583242));
#678 = VECTOR('',#679,1.);
#679 = DIRECTION('',(0.999639176593,2.686106140033E-02));
#680 = ( GEOMETRIC_REPRESENTATION_CONTEXT(2) 
PARAMETRIC_REPRESENTATION_CONTEXT() REPRESENTATION_CONTEXT('2D SPACE',''
  ) );
#681 = ORIENTED_EDGE('',*,*,#682,.F.);
#682 = EDGE_CURVE('',#683,#660,#685,.T.);
#683 = VERTEX_POINT('',#684);
#684 = CARTESIAN_POINT('',(14.860316922033,4.,16.650045345896));
#685 = SURFACE_CURVE('',#686,(#690,#697),.PCURVE_S1.);
#686 = LINE('',#687,#688);
#687 = CARTESIAN_POINT('',(14.860316922033,4.,-1.674977327052));
#688 = VECTOR('',#689,1.);
#689 = DIRECTION('',(2.326190539642E-17,-6.661338147751E-16,-1.));
#690 = PCURVE('',#106,#691);
#691 = DEFINITIONAL_REPRESENTATION('',(#692),#696);
#692 = LINE('',#693,#694);
#693 = CARTESIAN_POINT('',(6.49695678793,-18.32502267294));
#694 = VECTOR('',#695,1.);
#695 = DIRECTION('',(6.665398528441E-16,1.));
#696 = ( GEOMETRIC_REPRESENTATION_CONTEXT(2) 
PARAMETRIC_REPRESENTATION_CONTEXT() REPRESENTATION_CONTEXT('2D SPACE',''
  ) );
#697 = PCURVE('',#468,#698);
#698 = DEFINITIONAL_REPRESENTATION('',(#699),#703);
#699 = LINE('',#700,#701);
#700 = CARTESIAN_POINT('',(18.325022672948,-14.86031692203));
#701 = VECTOR('',#702,1.);
#702 = DIRECTION('',(1.,1.987826995286E-16));
#703 = ( GEOMETRIC_REPRESENTATION_CONTEXT(2) 
PARAMETRIC_REPRESENTATION_CONTEXT() REPRESENTATION_CONTEXT('2D SPACE',''
  ) );
#704 = ORIENTED_EDGE('',*,*,#705,.F.);
#705 = EDGE_CURVE('',#91,#683,#706,.T.);
#706 = SURFACE_CURVE('',#707,(#711,#718),.PCURVE_S1.);
#707 = LINE('',#708,#709);
#708 = CARTESIAN_POINT('',(14.75308917669,7.070600874596,16.381402579156
    ));
#709 = VECTOR('',#710,1.);
#710 = DIRECTION('',(-3.476685441099E-02,0.995592448763,
    -8.71030527588E-02));
#711 = PCURVE('',#106,#712);
#712 = DEFINITIONAL_REPRESENTATION('',(#713),#717);
#713 = LINE('',#714,#715);
#714 = CARTESIAN_POINT('',(3.424484246078,-36.38140257915));
#715 = VECTOR('',#716,1.);
#716 = DIRECTION('',(-0.996199306464,8.71030527588E-02));
#717 = ( GEOMETRIC_REPRESENTATION_CONTEXT(2) 
PARAMETRIC_REPRESENTATION_CONTEXT() REPRESENTATION_CONTEXT('2D SPACE',''
  ) );
#718 = PCURVE('',#134,#719);
#719 = DEFINITIONAL_REPRESENTATION('',(#720),#724);
#720 = LINE('',#721,#722);
#721 = CARTESIAN_POINT('',(7.09760942127,-14.75308917669));
#722 = VECTOR('',#723,1.);
#723 = DIRECTION('',(0.999395450177,3.476685441099E-02));
#724 = ( GEOMETRIC_REPRESENTATION_CONTEXT(2) 
PARAMETRIC_REPRESENTATION_CONTEXT() REPRESENTATION_CONTEXT('2D SPACE',''
  ) );
#725 = ADVANCED_FACE('',(#726),#134,.T.);
#726 = FACE_BOUND('',#727,.T.);
#727 = EDGE_LOOP('',(#728,#729,#730,#731));
#728 = ORIENTED_EDGE('',*,*,#429,.T.);
#729 = ORIENTED_EDGE('',*,*,#118,.T.);
#730 = ORIENTED_EDGE('',*,*,#705,.T.);
#731 = ORIENTED_EDGE('',*,*,#732,.F.);
#732 = EDGE_CURVE('',#430,#683,#733,.T.);
#733 = SURFACE_CURVE('',#734,(#738,#745),.PCURVE_S1.);
#734 = LINE('',#735,#736);
#735 = CARTESIAN_POINT('',(-2.307049486458E-14,4.,16.650045345896));
#736 = VECTOR('',#737,1.);
#737 = DIRECTION('',(1.,-1.110223024625E-15,5.551115123126E-17));
#738 = PCURVE('',#134,#739);
#739 = DEFINITIONAL_REPRESENTATION('',(#740),#744);
#740 = LINE('',#741,#742);
#741 = CARTESIAN_POINT('',(4.015279350173,3.241891507152E-15));
#742 = VECTOR('',#743,1.);
#743 = DIRECTION('',(-1.014074094121E-15,-1.));
#744 = ( GEOMETRIC_REPRESENTATION_CONTEXT(2) 
PARAMETRIC_REPRESENTATION_CONTEXT() REPRESENTATION_CONTEXT('2D SPACE',''
  ) );
#745 = PCURVE('',#468,#746);
#746 = DEFINITIONAL_REPRESENTATION('',(#747),#751);
#747 = LINE('',#748,#749);
#748 = CARTESIAN_POINT('',(0.,0.));
#749 = VECTOR('',#750,1.);
#750 = DIRECTION('',(1.054711873394E-15,-1.));
#751 = ( GEOMETRIC_REPRESENTATION_CONTEXT(2) 
PARAMETRIC_REPRESENTATION_CONTEXT() REPRESENTATION_CONTEXT('2D SPACE',''
  ) );
#752 = ADVANCED_FACE('',(#753),#191,.F.);
#753 = FACE_BOUND('',#754,.T.);
#754 = EDGE_LOOP('',(#755,#756,#779,#806));
#755 = ORIENTED_EDGE('',*,*,#174,.T.);
#756 = ORIENTED_EDGE('',*,*,#757,.T.);
#757 = EDGE_CURVE('',#175,#758,#760,.T.);
#758 = VERTEX_POINT('',#759);
#759 = CARTESIAN_POINT('',(9.5,2.,12.));
#760 = SEAM_CURVE('',#761,(#765,#772),.PCURVE_S1.);
#761 = LINE('',#762,#763);
#762 = CARTESIAN_POINT('',(11.5,-3.219646771413E-15,12.));
#763 = VECTOR('',#764,1.);
#764 = DIRECTION('',(-0.707106781187,0.707106781187,-4.31775426138E-16)
  );
#765 = PCURVE('',#191,#766);
#766 = DEFINITIONAL_REPRESENTATION('',(#767),#771);
#767 = LINE('',#768,#769);
#768 = CARTESIAN_POINT('',(0.,-0.));
#769 = VECTOR('',#770,1.);
#770 = DIRECTION('',(0.,-1.));
#771 = ( GEOMETRIC_REPRESENTATION_CONTEXT(2) 
PARAMETRIC_REPRESENTATION_CONTEXT() REPRESENTATION_CONTEXT('2D SPACE',''
  ) );
#772 = PCURVE('',#191,#773);
#773 = DEFINITIONAL_REPRESENTATION('',(#774),#778);
#774 = LINE('',#775,#776);
#775 = CARTESIAN_POINT('',(6.28318530718,-0.));
#776 = VECTOR('',#777,1.);
#777 = DIRECTION('',(0.,-1.));
#778 = ( GEOMETRIC_REPRESENTATION_CONTEXT(2) 
PARAMETRIC_REPRESENTATION_CONTEXT() REPRESENTATION_CONTEXT('2D SPACE',''
  ) );
#779 = ORIENTED_EDGE('',*,*,#780,.F.);
#780 = EDGE_CURVE('',#758,#758,#781,.T.);
#781 = SURFACE_CURVE('',#782,(#787,#794),.PCURVE_S1.);
#782 = CIRCLE('',#783,2.);
#783 = AXIS2_PLACEMENT_3D('',#784,#785,#786);
#784 = CARTESIAN_POINT('',(7.5,2.,12.));
#785 = DIRECTION('',(-3.885780586188E-16,-1.,4.996003610813E-16));
#786 = DIRECTION('',(1.,-3.885780586188E-16,1.110223024625E-16));
#787 = PCURVE('',#191,#788);
#788 = DEFINITIONAL_REPRESENTATION('',(#789),#793);
#789 = LINE('',#790,#791);
#790 = CARTESIAN_POINT('',(0.,-2.));
#791 = VECTOR('',#792,1.);
#792 = DIRECTION('',(1.,-0.));
#793 = ( GEOMETRIC_REPRESENTATION_CONTEXT(2) 
PARAMETRIC_REPRESENTATION_CONTEXT() REPRESENTATION_CONTEXT('2D SPACE',''
  ) );
#794 = PCURVE('',#795,#800);
#795 = CYLINDRICAL_SURFACE('',#796,2.);
#796 = AXIS2_PLACEMENT_3D('',#797,#798,#799);
#797 = CARTESIAN_POINT('',(7.5,2.,12.));
#798 = DIRECTION('',(3.885780586188E-16,1.,-4.996003610813E-16));
#799 = DIRECTION('',(1.,-3.885780586188E-16,1.110223024625E-16));
#800 = DEFINITIONAL_REPRESENTATION('',(#801),#805);
#801 = LINE('',#802,#803);
#802 = CARTESIAN_POINT('',(-0.,0.));
#803 = VECTOR('',#804,1.);
#804 = DIRECTION('',(-1.,0.));
#805 = ( GEOMETRIC_REPRESENTATION_CONTEXT(2) 
PARAMETRIC_REPRESENTATION_CONTEXT() REPRESENTATION_CONTEXT('2D SPACE',''
  ) );
#806 = ORIENTED_EDGE('',*,*,#757,.F.);
#807 = ADVANCED_FACE('',(#808),#222,.F.);
#808 = FACE_BOUND('',#809,.T.);
#809 = EDGE_LOOP('',(#810,#811,#834,#861));
#810 = ORIENTED_EDGE('',*,*,#205,.T.);
#811 = ORIENTED_EDGE('',*,*,#812,.T.);
#812 = EDGE_CURVE('',#206,#813,#815,.T.);
#813 = VERTEX_POINT('',#814);
#814 = CARTESIAN_POINT('',(9.5,2.,-12.));
#815 = SEAM_CURVE('',#816,(#820,#827),.PCURVE_S1.);
#816 = LINE('',#817,#818);
#817 = CARTESIAN_POINT('',(11.5,-9.880984919164E-15,-12.));
#818 = VECTOR('',#819,1.);
#819 = DIRECTION('',(-0.707106781187,0.707106781187,-4.31775426138E-16)
  );
#820 = PCURVE('',#222,#821);
#821 = DEFINITIONAL_REPRESENTATION('',(#822),#826);
#822 = LINE('',#823,#824);
#823 = CARTESIAN_POINT('',(0.,-0.));
#824 = VECTOR('',#825,1.);
#825 = DIRECTION('',(0.,-1.));
#826 = ( GEOMETRIC_REPRESENTATION_CONTEXT(2) 
PARAMETRIC_REPRESENTATION_CONTEXT() REPRESENTATION_CONTEXT('2D SPACE',''
  ) );
#827 = PCURVE('',#222,#828);
#828 = DEFINITIONAL_REPRESENTATION('',(#829),#833);
#829 = LINE('',#830,#831);
#830 = CARTESIAN_POINT('',(6.28318530718,-0.));
#831 = VECTOR('',#832,1.);
#832 = DIRECTION('',(0.,-1.));
#833 = ( GEOMETRIC_REPRESENTATION_CONTEXT(2) 
PARAMETRIC_REPRESENTATION_CONTEXT() REPRESENTATION_CONTEXT('2D SPACE',''
  ) );
#834 = ORIENTED_EDGE('',*,*,#835,.F.);
#835 = EDGE_CURVE('',#813,#813,#836,.T.);
#836 = SURFACE_CURVE('',#837,(#842,#849),.PCURVE_S1.);
#837 = CIRCLE('',#838,2.);
#838 = AXIS2_PLACEMENT_3D('',#839,#840,#841);
#839 = CARTESIAN_POINT('',(7.5,2.,-12.));
#840 = DIRECTION('',(-3.885780586188E-16,-1.,4.996003610813E-16));
#841 = DIRECTION('',(1.,-3.885780586188E-16,1.110223024625E-16));
#842 = PCURVE('',#222,#843);
#843 = DEFINITIONAL_REPRESENTATION('',(#844),#848);
#844 = LINE('',#845,#846);
#845 = CARTESIAN_POINT('',(0.,-2.));
#846 = VECTOR('',#847,1.);
#847 = DIRECTION('',(1.,-0.));
#848 = ( GEOMETRIC_REPRESENTATION_CONTEXT(2) 
PARAMETRIC_REPRESENTATION_CONTEXT() REPRESENTATION_CONTEXT('2D SPACE',''
  ) );
#849 = PCURVE('',#850,#855);
#850 = CYLINDRICAL_SURFACE('',#851,2.);
#851 = AXIS2_PLACEMENT_3D('',#852,#853,#854);
#852 = CARTESIAN_POINT('',(7.5,2.,-12.));
#853 = DIRECTION('',(3.885780586188E-16,1.,-4.996003610813E-16));
#854 = DIRECTION('',(1.,-3.885780586188E-16,1.110223024625E-16));
#855 = DEFINITIONAL_REPRESENTATION('',(#856),#860);
#856 = LINE('',#857,#858);
#857 = CARTESIAN_POINT('',(-0.,0.));
#858 = VECTOR('',#859,1.);
#859 = DIRECTION('',(-1.,0.));
#860 = ( GEOMETRIC_REPRESENTATION_CONTEXT(2) 
PARAMETRIC_REPRESENTATION_CONTEXT() REPRESENTATION_CONTEXT('2D SPACE',''
  ) );
#861 = ORIENTED_EDGE('',*,*,#812,.F.);
#862 = ADVANCED_FACE('',(#863),#254,.F.);
#863 = FACE_BOUND('',#864,.F.);
#864 = EDGE_LOOP('',(#865,#887,#1055,#1075,#1243,#1263));
#865 = ORIENTED_EDGE('',*,*,#866,.T.);
#866 = EDGE_CURVE('',#239,#867,#869,.T.);
#867 = VERTEX_POINT('',#868);
#868 = CARTESIAN_POINT('',(5.180697433857,5.174497483513,5.319302566143)
  );
#869 = SURFACE_CURVE('',#870,(#873,#880),.PCURVE_S1.);
#870 = B_SPLINE_CURVE_WITH_KNOTS('',1,(#871,#872),.UNSPECIFIED.,.F.,.F.,
  (2,2),(0.,1.),.PIECEWISE_BEZIER_KNOTS.);
#871 = CARTESIAN_POINT('',(5.,1.221245327088E-15,5.5));
#872 = CARTESIAN_POINT('',(5.349207694917,10.,5.150792305083));
#873 = PCURVE('',#254,#874);
#874 = DEFINITIONAL_REPRESENTATION('',(#875),#879);
#875 = LINE('',#876,#877);
#876 = CARTESIAN_POINT('',(11.,0.));
#877 = VECTOR('',#878,1.);
#878 = DIRECTION('',(0.,1.));
#879 = ( GEOMETRIC_REPRESENTATION_CONTEXT(2) 
PARAMETRIC_REPRESENTATION_CONTEXT() REPRESENTATION_CONTEXT('2D SPACE',''
  ) );
#880 = PCURVE('',#282,#881);
#881 = DEFINITIONAL_REPRESENTATION('',(#882),#886);
#882 = LINE('',#883,#884);
#883 = CARTESIAN_POINT('',(0.,0.));
#884 = VECTOR('',#885,1.);
#885 = DIRECTION('',(0.,1.));
#886 = ( GEOMETRIC_REPRESENTATION_CONTEXT(2) 
PARAMETRIC_REPRESENTATION_CONTEXT() REPRESENTATION_CONTEXT('2D SPACE',''
  ) );
#887 = ORIENTED_EDGE('',*,*,#888,.T.);
#888 = EDGE_CURVE('',#867,#889,#891,.T.);
#889 = VERTEX_POINT('',#890);
#890 = CARTESIAN_POINT('',(5.314286925426,9.,3.322348479465));
#891 = SURFACE_CURVE('',#892,(#939,#989),.PCURVE_S1.);
#892 = B_SPLINE_CURVE_WITH_KNOTS('',5,(#893,#894,#895,#896,#897,#898,
    #899,#900,#901,#902,#903,#904,#905,#906,#907,#908,#909,#910,#911,
    #912,#913,#914,#915,#916,#917,#918,#919,#920,#921,#922,#923,#924,
    #925,#926,#927,#928,#929,#930,#931,#932,#933,#934,#935,#936,#937,
    #938),.UNSPECIFIED.,.F.,.F.,(6,4,4,4,4,4,4,4,4,4,4,6),(0.,
    6.092725357432E-02,0.158096061294,0.26344799462,0.389141050056,
    0.467927482587,0.547348677386,0.662181957385,0.771890017478,
    0.878999610103,0.985453418975,1.),.UNSPECIFIED.);
#893 = CARTESIAN_POINT('',(5.180697433857,5.174497483513,5.319302566143)
  );
#894 = CARTESIAN_POINT('',(5.184435947543,5.281554508328,5.315564050646)
  );
#895 = CARTESIAN_POINT('',(5.188183385492,5.388867090574,5.308946182609)
  );
#896 = CARTESIAN_POINT('',(5.19193266594,5.496232435119,5.29941746163));
#897 = CARTESIAN_POINT('',(5.195676605578,5.603444838867,5.286973953968)
  );
#898 = CARTESIAN_POINT('',(5.205358743001,5.880704978444,5.247183065157)
  );
#899 = CARTESIAN_POINT('',(5.211277827355,6.050205377199,5.215371943956)
  );
#900 = CARTESIAN_POINT('',(5.217135255729,6.217940179693,5.176304025719)
  );
#901 = CARTESIAN_POINT('',(5.222904413434,6.383147240973,5.130250891973)
  );
#902 = CARTESIAN_POINT('',(5.234696663965,6.720833113952,5.020523593958)
  );
#903 = CARTESIAN_POINT('',(5.240700676584,6.892765540015,4.955687711413)
  );
#904 = CARTESIAN_POINT('',(5.246545536173,7.060140419631,4.88359002204)
  );
#905 = CARTESIAN_POINT('',(5.25221102326,7.222378742826,4.804845056692)
  );
#906 = CARTESIAN_POINT('',(5.264212135292,7.566045626645,4.61892780558)
  );
#907 = CARTESIAN_POINT('',(5.270466015585,7.745133326703,4.509201037931)
  );
#908 = CARTESIAN_POINT('',(5.276422519283,7.915705275282,4.391927818547)
  );
#909 = CARTESIAN_POINT('',(5.282072541905,8.077500754159,4.268124888678)
  );
#910 = CARTESIAN_POINT('',(5.290762265042,8.326341866862,4.057482921907)
  );
#911 = CARTESIAN_POINT('',(5.293989216742,8.418749673064,3.974091868312)
  );
#912 = CARTESIAN_POINT('',(5.297094473895,8.50767260341,3.888681139623)
  );
#913 = CARTESIAN_POINT('',(5.300078466859,8.593122981717,3.801442430005)
  );
#914 = CARTESIAN_POINT('',(5.305828949749,8.757795266248,3.622930077815)
  );
#915 = CARTESIAN_POINT('',(5.308593459176,8.836960458422,3.531630322964)
  );
#916 = CARTESIAN_POINT('',(5.311236748463,8.912654359948,3.438818077809)
  );
#917 = CARTESIAN_POINT('',(5.313760166844,8.984915607844,3.344647463737)
  );
#918 = CARTESIAN_POINT('',(5.319642985331,9.153377488038,3.111326171082)
  );
#919 = CARTESIAN_POINT('',(5.322873374605,9.24588373349,2.970844118127)
  );
#920 = CARTESIAN_POINT('',(5.325861481612,9.331451922576,2.828213622696)
  );
#921 = CARTESIAN_POINT('',(5.328612543205,9.410232019151,2.683779880401)
  );
#922 = CARTESIAN_POINT('',(5.333538313648,9.551287629169,2.398395814391)
  );
#923 = CARTESIAN_POINT('',(5.335733221426,9.614141564245,2.257580329369)
  );
#924 = CARTESIAN_POINT('',(5.33772078535,9.671057948175,2.115636918397)
  );
#925 = CARTESIAN_POINT('',(5.339505034508,9.722152158987,1.972787109502)
  );
#926 = CARTESIAN_POINT('',(5.342636606876,9.811828658512,1.689064453404)
  );
#927 = CARTESIAN_POINT('',(5.34399326059,9.850678137885,1.548226469929)
  );
#928 = CARTESIAN_POINT('',(5.34516290619,9.884172405519,1.406893568747)
  );
#929 = CARTESIAN_POINT('',(5.34614842351,9.912393929115,1.265233301068)
  );
#930 = CARTESIAN_POINT('',(5.347751269576,9.958293435048,0.982439460064)
  );
#931 = CARTESIAN_POINT('',(5.348370809275,9.976034730767,0.841309064999)
  );
#932 = CARTESIAN_POINT('',(5.348813374166,9.98870813108,0.70016498322));
#933 = CARTESIAN_POINT('',(5.349080995336,9.996371798682,0.559157619937)
  );
#934 = CARTESIAN_POINT('',(5.349188356784,9.999446228303,0.399207426309)
  );
#935 = CARTESIAN_POINT('',(5.349198030258,9.999723240353,0.37998368202)
  );
#936 = CARTESIAN_POINT('',(5.349204474819,9.999907788457,0.360765677201)
  );
#937 = CARTESIAN_POINT('',(5.349207694917,10.,0.341553797861));
#938 = CARTESIAN_POINT('',(5.349207694917,10.,0.322348431047));
#939 = PCURVE('',#254,#940);
#940 = DEFINITIONAL_REPRESENTATION('',(#941),#988);
#941 = B_SPLINE_CURVE_WITH_KNOTS('',5,(#942,#943,#944,#945,#946,#947,
    #948,#949,#950,#951,#952,#953,#954,#955,#956,#957,#958,#959,#960,
    #961,#962,#963,#964,#965,#966,#967,#968,#969,#970,#971,#972,#973,
    #974,#975,#976,#977,#978,#979,#980,#981,#982,#983,#984,#985,#986,
    #987),.UNSPECIFIED.,.F.,.F.,(6,4,4,4,4,4,4,4,4,4,4,6),(0.,
    6.092725357432E-02,0.158096061294,0.26344799462,0.389141050056,
    0.467927482587,0.547348677386,0.662181957385,0.771890017478,
    0.878999610103,0.985453418975,1.),.UNSPECIFIED.);
#942 = CARTESIAN_POINT('',(11.,0.51744975679));
#943 = CARTESIAN_POINT('',(10.999999998128,0.528155459272));
#944 = CARTESIAN_POINT('',(10.997032104477,0.538886706118));
#945 = CARTESIAN_POINT('',(10.991045815699,0.549623237197));
#946 = CARTESIAN_POINT('',(10.982019022601,0.560344483887));
#947 = CARTESIAN_POINT('',(10.950722706871,0.588070497844));
#948 = CARTESIAN_POINT('',(10.923769094838,0.60502053772));
#949 = CARTESIAN_POINT('',(10.889125235635,0.621794017969));
#950 = CARTESIAN_POINT('',(10.84700538511,0.638314724097));
#951 = CARTESIAN_POINT('',(10.744371600432,0.672083311395));
#952 = CARTESIAN_POINT('',(10.682603225553,0.689276554002));
#953 = CARTESIAN_POINT('',(10.61290058003,0.706014041963));
#954 = CARTESIAN_POINT('',(10.535855358066,0.722237874283));
#955 = CARTESIAN_POINT('',(10.352136130182,0.756604562665));
#956 = CARTESIAN_POINT('',(10.242612283525,0.77451333267));
#957 = CARTESIAN_POINT('',(10.124545364165,0.791570527528));
#958 = CARTESIAN_POINT('',(9.998987948571,0.807750075416));
#959 = CARTESIAN_POINT('',(9.784011315726,0.832634186686));
#960 = CARTESIAN_POINT('',(9.698592572189,0.841874967306));
#961 = CARTESIAN_POINT('',(9.610809153798,0.850767260341));
#962 = CARTESIAN_POINT('',(9.520867709152,0.859312298172));
#963 = CARTESIAN_POINT('',(9.336297016665,0.875779526625));
#964 = CARTESIAN_POINT('',(9.241636547948,0.883696045842));
#965 = CARTESIAN_POINT('',(9.14516057111,0.891265435995));
#966 = CARTESIAN_POINT('',(9.04704009642,0.898491560784));
#967 = CARTESIAN_POINT('',(8.803400666054,0.915337748804));
#968 = CARTESIAN_POINT('',(8.656257283033,0.924588373349));
#969 = CARTESIAN_POINT('',(8.506455664067,0.933145192258));
#970 = CARTESIAN_POINT('',(8.354393983024,0.941023201915));
#971 = CARTESIAN_POINT('',(8.05330085188,0.955128762917));
#972 = CARTESIAN_POINT('',(7.904439807791,0.961414156424));
#973 = CARTESIAN_POINT('',(7.754125086755,0.967105794818));
#974 = CARTESIAN_POINT('',(7.602622083051,0.972215215899));
#975 = CARTESIAN_POINT('',(7.30132444611,0.981182865851));
#976 = CARTESIAN_POINT('',(7.15157599001,0.985067813788));
#977 = CARTESIAN_POINT('',(7.001143724481,0.988417240552));
#978 = CARTESIAN_POINT('',(6.850233819232,0.991239392911));
#979 = CARTESIAN_POINT('',(6.548772559584,0.995829343505));
#980 = CARTESIAN_POINT('',(6.398225832555,0.997603473077));
#981 = CARTESIAN_POINT('',(6.24759101483,0.998870813108));
#982 = CARTESIAN_POINT('',(6.097054836018,0.999637179868));
#983 = CARTESIAN_POINT('',(5.926270898993,0.99994462283));
#984 = CARTESIAN_POINT('',(5.905744683526,0.999972324035));
#985 = CARTESIAN_POINT('',(5.88522425259,0.999990778846));
#986 = CARTESIAN_POINT('',(5.864710082984,1.));
#987 = CARTESIAN_POINT('',(5.844202652046,1.));
#988 = ( GEOMETRIC_REPRESENTATION_CONTEXT(2) 
PARAMETRIC_REPRESENTATION_CONTEXT() REPRESENTATION_CONTEXT('2D SPACE',''
  ) );
#989 = PCURVE('',#990,#1006);
#990 = ( BOUNDED_SURFACE() B_SPLINE_SURFACE(2,2,(
    (#991,#992,#993,#994,#995)
    ,(#996,#997,#998,#999,#1000)
    ,(#1001,#1002,#1003,#1004,#1005
)),.UNSPECIFIED.,.F.,.F.,.F.) B_SPLINE_SURFACE_WITH_KNOTS((3,3),(3,1,1,3
    ),(0.,4.638605132285),(-0.431767239202,-0.16851026106,4.470094871225
,4.733351849367),.UNSPECIFIED.) GEOMETRIC_REPRESENTATION_ITEM() 
RATIONAL_B_SPLINE_SURFACE((
    (1.,1.,1.,1.,1.)
    ,(0.719339800339,0.719339800339,0.719339800339,0.719339800339
      ,0.719339800339)
,(1.,1.,1.,1.,1.))) REPRESENTATION_ITEM('') SURFACE() );
#991 = CARTESIAN_POINT('',(4.917440455715,5.174497483513,5.319302566143)
  );
#992 = CARTESIAN_POINT('',(5.049068944786,5.174497483513,5.319302566143)
  );
#993 = CARTESIAN_POINT('',(7.5,5.174497483513,5.319302566143));
#994 = CARTESIAN_POINT('',(9.950931055214,5.174497483513,5.319302566143)
  );
#995 = CARTESIAN_POINT('',(10.082559544285,5.174497483513,5.319302566143
    ));
#996 = CARTESIAN_POINT('',(4.917440455715,10.,5.150792305083));
#997 = CARTESIAN_POINT('',(5.049068944786,10.,5.150792305083));
#998 = CARTESIAN_POINT('',(7.5,10.,5.150792305083));
#999 = CARTESIAN_POINT('',(9.950931055214,10.,5.150792305083));
#1000 = CARTESIAN_POINT('',(10.082559544285,10.,5.150792305083));
#1001 = CARTESIAN_POINT('',(4.917440455715,10.,0.322348431047));
#1002 = CARTESIAN_POINT('',(5.049068944786,10.,0.322348431047));
#1003 = CARTESIAN_POINT('',(7.5,10.,0.322348431047));
#1004 = CARTESIAN_POINT('',(9.950931055214,10.,0.322348431047));
#1005 = CARTESIAN_POINT('',(10.082559544285,10.,0.322348431047));
#1006 = DEFINITIONAL_REPRESENTATION('',(#1007),#1054);
#1007 = B_SPLINE_CURVE_WITH_KNOTS('',5,(#1008,#1009,#1010,#1011,#1012,
    #1013,#1014,#1015,#1016,#1017,#1018,#1019,#1020,#1021,#1022,#1023,
    #1024,#1025,#1026,#1027,#1028,#1029,#1030,#1031,#1032,#1033,#1034,
    #1035,#1036,#1037,#1038,#1039,#1040,#1041,#1042,#1043,#1044,#1045,
    #1046,#1047,#1048,#1049,#1050,#1051,#1052,#1053),.UNSPECIFIED.,.F.,
  .F.,(6,4,4,4,4,4,4,4,4,4,4,6),(0.,6.092725357432E-02,0.158096061294,
    0.26344799462,0.389141050056,0.467927482587,0.547348677386,
    0.662181957385,0.771890017478,0.878999610103,0.985453418975,1.),
  .UNSPECIFIED.);
#1008 = CARTESIAN_POINT('',(0.,-0.16851026106));
#1009 = CARTESIAN_POINT('',(7.153127056468E-02,-0.164771747374));
#1010 = CARTESIAN_POINT('',(0.142525921876,-0.161024309426));
#1011 = CARTESIAN_POINT('',(0.212959605356,-0.157275028978));
#1012 = CARTESIAN_POINT('',(0.282809126027,-0.15353108934));
#1013 = CARTESIAN_POINT('',(0.462483983584,-0.143848951916));
#1014 = CARTESIAN_POINT('',(0.571379702812,-0.137929867563));
#1015 = CARTESIAN_POINT('',(0.678639306179,-0.132072439189));
#1016 = CARTESIAN_POINT('',(0.784221114588,-0.126303281484));
#1017 = CARTESIAN_POINT('',(1.000715557925,-0.114511030953));
#1018 = CARTESIAN_POINT('',(1.111336513724,-0.108507018334));
#1019 = CARTESIAN_POINT('',(1.219930450584,-0.102662158744));
#1020 = CARTESIAN_POINT('',(1.32655000563,-9.699667165724E-02));
#1021 = CARTESIAN_POINT('',(1.55621690316,-8.499555962545E-02));
#1022 = CARTESIAN_POINT('',(1.678462851778,-7.874167933291E-02));
#1023 = CARTESIAN_POINT('',(1.79816934298,-7.278517563484E-02));
#1024 = CARTESIAN_POINT('',(1.915562088353,-6.713515301215E-02));
#1025 = CARTESIAN_POINT('',(2.10318801959,-5.844542987541E-02));
#1026 = CARTESIAN_POINT('',(2.174671146717,-5.521847817579E-02));
#1027 = CARTESIAN_POINT('',(2.245407814151,-5.211322102262E-02));
#1028 = CARTESIAN_POINT('',(2.31546202606,-4.91292280588E-02));
#1029 = CARTESIAN_POINT('',(2.454896535669,-4.3378745169E-02));
#1030 = CARTESIAN_POINT('',(2.524266381397,-4.061423574134E-02));
#1031 = CARTESIAN_POINT('',(2.593076112249,-3.797094645419E-02));
#1032 = CARTESIAN_POINT('',(2.661391822424,-3.544752807325E-02));
#1033 = CARTESIAN_POINT('',(2.827434741179,-2.956470958683E-02));
#1034 = CARTESIAN_POINT('',(2.92469270524,-2.633432031285E-02));
#1035 = CARTESIAN_POINT('',(3.021252810485,-2.334621330596E-02));
#1036 = CARTESIAN_POINT('',(3.117300241173,-2.059515171293E-02));
#1037 = CARTESIAN_POINT('',(3.30447230881,-1.566938126997E-02));
#1038 = CARTESIAN_POINT('',(3.395623630488,-1.347447349153E-02));
#1039 = CARTESIAN_POINT('',(3.486638782412,-1.148690956801E-02));
#1040 = CARTESIAN_POINT('',(3.577671295138,-9.702660409884E-03));
#1041 = CARTESIAN_POINT('',(3.757924382357,-6.571088041154E-03));
#1042 = CARTESIAN_POINT('',(3.847135815495,-5.214434327101E-03));
#1043 = CARTESIAN_POINT('',(3.936657661482,-4.044788727746E-03));
#1044 = CARTESIAN_POINT('',(4.026631880163,-3.059271407561E-03));
#1045 = CARTESIAN_POINT('',(4.207225848268,-1.456425341081E-03));
#1046 = CARTESIAN_POINT('',(4.297837572905,-8.368856427998E-04));
#1047 = CARTESIAN_POINT('',(4.389186020106,-3.943207517813E-04));
#1048 = CARTESIAN_POINT('',(4.481416839499,-1.266995820008E-04));
#1049 = CARTESIAN_POINT('',(4.587428927515,-1.933813386154E-05));
#1050 = CARTESIAN_POINT('',(4.600192974636,-9.664659924408E-06));
#1051 = CARTESIAN_POINT('',(4.61297676191,-3.22009812867E-06));
#1052 = CARTESIAN_POINT('',(4.625780682619,-9.12880881998E-14));
#1053 = CARTESIAN_POINT('',(4.638605132285,-9.12880881998E-14));
#1054 = ( GEOMETRIC_REPRESENTATION_CONTEXT(2) 
PARAMETRIC_REPRESENTATION_CONTEXT() REPRESENTATION_CONTEXT('2D SPACE',''
  ) );
#1055 = ORIENTED_EDGE('',*,*,#1056,.T.);
#1056 = EDGE_CURVE('',#889,#1057,#1059,.T.);
#1057 = VERTEX_POINT('',#1058);
#1058 = CARTESIAN_POINT('',(5.314286925426,9.,-3.322348477774));
#1059 = SURFACE_CURVE('',#1060,(#1063,#1069),.PCURVE_S1.);
#1060 = B_SPLINE_CURVE_WITH_KNOTS('',1,(#1061,#1062),.UNSPECIFIED.,.F.,
  .F.,(2,2),(0.,1.),.PIECEWISE_BEZIER_KNOTS.);
#1061 = CARTESIAN_POINT('',(5.314286925426,9.,5.185713074574));
#1062 = CARTESIAN_POINT('',(5.314286925426,9.,-5.185713074574));
#1063 = PCURVE('',#254,#1064);
#1064 = DEFINITIONAL_REPRESENTATION('',(#1065),#1068);
#1065 = B_SPLINE_CURVE_WITH_KNOTS('',1,(#1066,#1067),.UNSPECIFIED.,.F.,
  .F.,(2,2),(0.,1.),.PIECEWISE_BEZIER_KNOTS.);
#1066 = CARTESIAN_POINT('',(11.,0.9));
#1067 = CARTESIAN_POINT('',(0.,0.9));
#1068 = ( GEOMETRIC_REPRESENTATION_CONTEXT(2) 
PARAMETRIC_REPRESENTATION_CONTEXT() REPRESENTATION_CONTEXT('2D SPACE',''
  ) );
#1069 = PCURVE('',#524,#1070);
#1070 = DEFINITIONAL_REPRESENTATION('',(#1071),#1074);
#1071 = B_SPLINE_CURVE_WITH_KNOTS('',1,(#1072,#1073),.UNSPECIFIED.,.F.,
  .F.,(2,2),(0.,1.),.PIECEWISE_BEZIER_KNOTS.);
#1072 = CARTESIAN_POINT('',(0.314286925426,-5.314286925426));
#1073 = CARTESIAN_POINT('',(10.685713074574,-5.314286925426));
#1074 = ( GEOMETRIC_REPRESENTATION_CONTEXT(2) 
PARAMETRIC_REPRESENTATION_CONTEXT() REPRESENTATION_CONTEXT('2D SPACE',''
  ) );
#1075 = ORIENTED_EDGE('',*,*,#1076,.F.);
#1076 = EDGE_CURVE('',#1077,#1057,#1079,.T.);
#1077 = VERTEX_POINT('',#1078);
#1078 = CARTESIAN_POINT('',(5.180697433857,5.174497483513,
    -5.319302566143));
#1079 = SURFACE_CURVE('',#1080,(#1127,#1177),.PCURVE_S1.);
#1080 = B_SPLINE_CURVE_WITH_KNOTS('',5,(#1081,#1082,#1083,#1084,#1085,
    #1086,#1087,#1088,#1089,#1090,#1091,#1092,#1093,#1094,#1095,#1096,
    #1097,#1098,#1099,#1100,#1101,#1102,#1103,#1104,#1105,#1106,#1107,
    #1108,#1109,#1110,#1111,#1112,#1113,#1114,#1115,#1116,#1117,#1118,
    #1119,#1120,#1121,#1122,#1123,#1124,#1125,#1126),.UNSPECIFIED.,.F.,
  .F.,(6,4,4,4,4,4,4,4,4,4,4,6),(0.,6.084112224289E-02,0.158005592387,
    0.263346099359,0.389014930396,0.468189748702,0.547190067761,
    0.662342488325,0.772045336022,0.879481406617,0.985605866868,1.),
  .UNSPECIFIED.);
#1081 = CARTESIAN_POINT('',(5.180697433857,5.174497483513,
    -5.319302566143));
#1082 = CARTESIAN_POINT('',(5.184430663466,5.281403192134,
    -5.315569336448));
#1083 = CARTESIAN_POINT('',(5.188172790645,5.388563693863,
    -5.308964886459));
#1084 = CARTESIAN_POINT('',(5.191916765512,5.495777106442,
    -5.299457852925));
#1085 = CARTESIAN_POINT('',(5.195655435552,5.602838608632,
    -5.287044280798));
#1086 = CARTESIAN_POINT('',(5.205332216755,5.879945366136,
    -5.247318559944));
#1087 = CARTESIAN_POINT('',(5.211251229005,6.049443700123,
    -5.215535006737));
#1088 = CARTESIAN_POINT('',(5.217108667256,6.217178785456,
    -5.176494731991));
#1089 = CARTESIAN_POINT('',(5.222877913572,6.382388384218,
    -5.130468996925));
#1090 = CARTESIAN_POINT('',(5.234670107307,6.720072630763,
    -5.020801440179));
#1091 = CARTESIAN_POINT('',(5.240674004046,6.892001738482,
    -4.955998805481));
#1092 = CARTESIAN_POINT('',(5.246518845807,7.059376107548,
    -4.883934393492));
#1093 = CARTESIAN_POINT('',(5.252184405238,7.221616502391,
    -4.805222425635));
#1094 = CARTESIAN_POINT('',(5.264185302838,7.565277245681,
    -4.619385040635));
#1095 = CARTESIAN_POINT('',(5.270438977393,7.744359054184,
    -4.509706383932));
#1096 = CARTESIAN_POINT('',(5.276395426628,7.914929443156,
    -4.392481478815));
#1097 = CARTESIAN_POINT('',(5.282045532555,8.076727307563,
    -4.268726680206));
#1098 = CARTESIAN_POINT('',(5.290752749138,8.326069367007,
    -4.057746718923));
#1099 = CARTESIAN_POINT('',(5.293995790093,8.418937909218,
    -3.973946868113));
#1100 = CARTESIAN_POINT('',(5.297115930858,8.508287050441,
    -3.888107466518));
#1101 = CARTESIAN_POINT('',(5.300113610247,8.594129356673,
    -3.800423031522));
#1102 = CARTESIAN_POINT('',(5.305859696428,8.758675735938,-3.62190301354
    ));
#1103 = CARTESIAN_POINT('',(5.30860860423,8.837394156005,-3.531075526083
    ));
#1104 = CARTESIAN_POINT('',(5.311237579976,8.912678171368,
    -3.438752201875));
#1105 = CARTESIAN_POINT('',(5.313747952109,8.98456582359,-3.345084699552
    ));
#1106 = CARTESIAN_POINT('',(5.319629998713,9.153005599976,-3.1119094869)
  );
#1107 = CARTESIAN_POINT('',(5.322870025856,9.245787837881,
    -2.971042359574));
#1108 = CARTESIAN_POINT('',(5.325866414632,9.33159318579,-2.828014441135
    ));
#1109 = CARTESIAN_POINT('',(5.328624446204,9.410572876468,-2.68317381166
    ));
#1110 = CARTESIAN_POINT('',(5.333554563306,9.551752958517,
    -2.397374187825));
#1111 = CARTESIAN_POINT('',(5.335748156823,9.614569258069,
    -2.256558496859));
#1112 = CARTESIAN_POINT('',(5.337734444355,9.671449090911,
    -2.114615985987));
#1113 = CARTESIAN_POINT('',(5.339517453194,9.72250778363,-1.971768068625
    ));
#1114 = CARTESIAN_POINT('',(5.342651427394,9.81225306261,-1.68761704964)
  );
#1115 = CARTESIAN_POINT('',(5.344010541354,9.851172994209,-1.54634458229
    ));
#1116 = CARTESIAN_POINT('',(5.345181529142,9.884705697081,
    -1.404575477634));
#1117 = CARTESIAN_POINT('',(5.346167294195,9.912934314834,
    -1.262478744748));
#1118 = CARTESIAN_POINT('',(5.347763603163,9.958646622766,
    -0.979682635827));
#1119 = CARTESIAN_POINT('',(5.348378574658,9.976257102241,
    -0.838988465307));
#1120 = CARTESIAN_POINT('',(5.348817686493,9.988831619965,
    -0.698282258281));
#1121 = CARTESIAN_POINT('',(5.349082949181,9.99642774949,-0.55771301874)
  );
#1122 = CARTESIAN_POINT('',(5.349188760167,9.999457779694,
    -0.398401572318));
#1123 = CARTESIAN_POINT('',(5.349198231812,9.999729012111,
    -0.379379471126));
#1124 = CARTESIAN_POINT('',(5.349204541959,9.99990971108,-0.360362997683
    ));
#1125 = CARTESIAN_POINT('',(5.349207694917,10.,-0.341352525997));
#1126 = CARTESIAN_POINT('',(5.349207694917,10.,-0.322348431047));
#1127 = PCURVE('',#254,#1128);
#1128 = DEFINITIONAL_REPRESENTATION('',(#1129),#1176);
#1129 = B_SPLINE_CURVE_WITH_KNOTS('',5,(#1130,#1131,#1132,#1133,#1134,
    #1135,#1136,#1137,#1138,#1139,#1140,#1141,#1142,#1143,#1144,#1145,
    #1146,#1147,#1148,#1149,#1150,#1151,#1152,#1153,#1154,#1155,#1156,
    #1157,#1158,#1159,#1160,#1161,#1162,#1163,#1164,#1165,#1166,#1167,
    #1168,#1169,#1170,#1171,#1172,#1173,#1174,#1175),.UNSPECIFIED.,.F.,
  .F.,(6,4,4,4,4,4,4,4,4,4,4,6),(0.,6.084112224289E-02,0.158005592387,
    0.263346099359,0.389014930396,0.468189748702,0.547190067761,
    0.662342488325,0.772045336022,0.879481406617,0.985605866868,1.),
  .UNSPECIFIED.);
#1130 = CARTESIAN_POINT('',(1.704678295084E-11,0.517449748757));
#1131 = CARTESIAN_POINT('',(1.068681238405E-10,0.528140319619));
#1132 = CARTESIAN_POINT('',(2.959511370608E-03,0.538856369245));
#1133 = CARTESIAN_POINT('',(8.928816978945E-03,0.549577710341));
#1134 = CARTESIAN_POINT('',(1.792997148472E-02,0.560283860863));
#1135 = CARTESIAN_POINT('',(4.916388407648E-02,0.587994536614));
#1136 = CARTESIAN_POINT('',(7.60886557578E-02,0.604944370012));
#1137 = CARTESIAN_POINT('',(0.110703391398,0.621717878546));
#1138 = CARTESIAN_POINT('',(0.152794178435,0.638238838422));
#1139 = CARTESIAN_POINT('',(0.25536466346,0.672007263076));
#1140 = CARTESIAN_POINT('',(0.317097789851,0.689200173848));
#1141 = CARTESIAN_POINT('',(0.386764922401,0.705937610755));
#1142 = CARTESIAN_POINT('',(0.463774715577,0.722161650239));
#1143 = CARTESIAN_POINT('',(0.647408499841,0.756527724568));
#1144 = CARTESIAN_POINT('',(0.756880854972,0.774435905418));
#1145 = CARTESIAN_POINT('',(0.874895750361,0.791492944316));
#1146 = CARTESIAN_POINT('',(1.000401067,0.807672730756));
#1147 = CARTESIAN_POINT('',(1.21571746136,0.832606936701));
#1148 = CARTESIAN_POINT('',(1.30155452892,0.841893790922));
#1149 = CARTESIAN_POINT('',(1.389779563075,0.850828705044));
#1150 = CARTESIAN_POINT('',(1.480182863033,0.859412935667));
#1151 = CARTESIAN_POINT('',(1.664768376183,0.875867573594));
#1152 = CARTESIAN_POINT('',(1.75894112,0.883739415601));
#1153 = CARTESIAN_POINT('',(1.854909437325,0.891267817137));
#1154 = CARTESIAN_POINT('',(1.952505046591,0.898456582359));
#1155 = CARTESIAN_POINT('',(2.195987743965,0.915300559998));
#1156 = CARTESIAN_POINT('',(2.343533383349,0.924578783788));
#1157 = CARTESIAN_POINT('',(2.493752519127,0.933159318579));
#1158 = CARTESIAN_POINT('',(2.646243645557,0.941057287647));
#1159 = CARTESIAN_POINT('',(2.947778738952,0.955175295852));
#1160 = CARTESIAN_POINT('',(3.096641560029,0.961456925807));
#1161 = CARTESIAN_POINT('',(3.24695672983,0.967144909091));
#1162 = CARTESIAN_POINT('',(3.398458978614,0.972250778363));
#1163 = CARTESIAN_POINT('',(3.700213703841,0.981225306261));
#1164 = CARTESIAN_POINT('',(3.850425656301,0.985117299421));
#1165 = CARTESIAN_POINT('',(4.001324000564,0.988470569708));
#1166 = CARTESIAN_POINT('',(4.152700760085,0.991293431483));
#1167 = CARTESIAN_POINT('',(4.454168070422,0.995864662277));
#1168 = CARTESIAN_POINT('',(4.60425060317,0.997625710224));
#1169 = CARTESIAN_POINT('',(4.754418737942,0.998883161996));
#1170 = CARTESIAN_POINT('',(4.90448748662,0.999642774949));
#1171 = CARTESIAN_POINT('',(5.074589554447,0.999945777969));
#1172 = CARTESIAN_POINT('',(5.094900475443,0.999972901211));
#1173 = CARTESIAN_POINT('',(5.115205722823,0.999990971108));
#1174 = CARTESIAN_POINT('',(5.135504834593,1.));
#1175 = CARTESIAN_POINT('',(5.155797348062,1.));
#1176 = ( GEOMETRIC_REPRESENTATION_CONTEXT(2) 
PARAMETRIC_REPRESENTATION_CONTEXT() REPRESENTATION_CONTEXT('2D SPACE',''
  ) );
#1177 = PCURVE('',#1178,#1194);
#1178 = ( BOUNDED_SURFACE() B_SPLINE_SURFACE(2,2,(
    (#1179,#1180,#1181,#1182,#1183)
    ,(#1184,#1185,#1186,#1187,#1188)
    ,(#1189,#1190,#1191,#1192,#1193
)),.UNSPECIFIED.,.F.,.F.,.F.) B_SPLINE_SURFACE_WITH_KNOTS((3,3),(3,1,1,3
    ),(0.,4.638605132285),(-0.431767239202,-0.16851026106,4.470094871225
,4.733351849367),.UNSPECIFIED.) GEOMETRIC_REPRESENTATION_ITEM() 
RATIONAL_B_SPLINE_SURFACE((
    (1.,1.,1.,1.,1.)
    ,(0.719339800339,0.719339800339,0.719339800339,0.719339800339
      ,0.719339800339)
,(1.,1.,1.,1.,1.))) REPRESENTATION_ITEM('') SURFACE() );
#1179 = CARTESIAN_POINT('',(10.082559544285,5.174497483513,
    -5.319302566143));
#1180 = CARTESIAN_POINT('',(9.950931055214,5.174497483513,
    -5.319302566143));
#1181 = CARTESIAN_POINT('',(7.5,5.174497483513,-5.319302566143));
#1182 = CARTESIAN_POINT('',(5.049068944786,5.174497483513,
    -5.319302566143));
#1183 = CARTESIAN_POINT('',(4.917440455715,5.174497483513,
    -5.319302566143));
#1184 = CARTESIAN_POINT('',(10.082559544285,10.,-5.150792305083));
#1185 = CARTESIAN_POINT('',(9.950931055214,10.,-5.150792305083));
#1186 = CARTESIAN_POINT('',(7.5,10.,-5.150792305083));
#1187 = CARTESIAN_POINT('',(5.049068944786,10.,-5.150792305083));
#1188 = CARTESIAN_POINT('',(4.917440455715,10.,-5.150792305083));
#1189 = CARTESIAN_POINT('',(10.082559544285,10.,-0.322348431047));
#1190 = CARTESIAN_POINT('',(9.950931055214,10.,-0.322348431047));
#1191 = CARTESIAN_POINT('',(7.5,10.,-0.322348431047));
#1192 = CARTESIAN_POINT('',(5.049068944786,10.,-0.322348431047));
#1193 = CARTESIAN_POINT('',(4.917440455715,10.,-0.322348431047));
#1194 = DEFINITIONAL_REPRESENTATION('',(#1195),#1242);
#1195 = B_SPLINE_CURVE_WITH_KNOTS('',5,(#1196,#1197,#1198,#1199,#1200,
    #1201,#1202,#1203,#1204,#1205,#1206,#1207,#1208,#1209,#1210,#1211,
    #1212,#1213,#1214,#1215,#1216,#1217,#1218,#1219,#1220,#1221,#1222,
    #1223,#1224,#1225,#1226,#1227,#1228,#1229,#1230,#1231,#1232,#1233,
    #1234,#1235,#1236,#1237,#1238,#1239,#1240,#1241),.UNSPECIFIED.,.F.,
  .F.,(6,4,4,4,4,4,4,4,4,4,4,6),(0.,6.084112224289E-02,0.158005592387,
    0.263346099359,0.389014930396,0.468189748702,0.547190067761,
    0.662342488325,0.772045336022,0.879481406617,0.985605866868,1.),
  .UNSPECIFIED.);
#1196 = CARTESIAN_POINT('',(0.,4.470094871225));
#1197 = CARTESIAN_POINT('',(7.143016749134E-02,4.466361641617));
#1198 = CARTESIAN_POINT('',(0.142325203885,4.462619514438));
#1199 = CARTESIAN_POINT('',(0.212660897624,4.45887553957));
#1200 = CARTESIAN_POINT('',(0.282414155909,4.455136869531));
#1201 = CARTESIAN_POINT('',(0.461995077704,4.445460088328));
#1202 = CARTESIAN_POINT('',(0.570891694688,4.439541076077));
#1203 = CARTESIAN_POINT('',(0.678152531609,4.433683637827));
#1204 = CARTESIAN_POINT('',(0.783735849134,4.42791439151));
#1205 = CARTESIAN_POINT('',(1.000226657543,4.416122197776));
#1206 = CARTESIAN_POINT('',(1.110842763521,4.410118301036));
#1207 = CARTESIAN_POINT('',(1.219432235117,4.404273459275));
#1208 = CARTESIAN_POINT('',(1.326047597883,4.398607899845));
#1209 = CARTESIAN_POINT('',(1.555695110949,4.386607002245));
#1210 = CARTESIAN_POINT('',(1.677926396872,4.38035332769));
#1211 = CARTESIAN_POINT('',(1.797618663543,4.374396878455));
#1212 = CARTESIAN_POINT('',(1.914997417641,4.368746772527));
#1213 = CARTESIAN_POINT('',(2.102970970454,4.360039555945));
#1214 = CARTESIAN_POINT('',(2.174807371829,4.356796514989));
#1215 = CARTESIAN_POINT('',(2.245889943612,4.353676374224));
#1216 = CARTESIAN_POINT('',(2.316283639357,4.350678694836));
#1217 = CARTESIAN_POINT('',(2.45567302998,4.344932608655));
#1218 = CARTESIAN_POINT('',(2.524670994007,4.342183700853));
#1219 = CARTESIAN_POINT('',(2.593115063124,4.339554725106));
#1220 = CARTESIAN_POINT('',(2.661070285245,4.337044352973));
#1221 = CARTESIAN_POINT('',(2.827034625678,4.331162306369));
#1222 = CARTESIAN_POINT('',(2.924564524372,4.327922279226));
#1223 = CARTESIAN_POINT('',(3.021392448733,4.324925890451));
#1224 = CARTESIAN_POINT('',(3.11770510393,4.322167858878));
#1225 = CARTESIAN_POINT('',(3.305135285016,4.317237741776));
#1226 = CARTESIAN_POINT('',(3.396281253809,4.315044148259));
#1227 = CARTESIAN_POINT('',(3.487291748775,4.313057860728));
#1228 = CARTESIAN_POINT('',(3.578320271678,4.311274851889));
#1229 = CARTESIAN_POINT('',(3.758842394927,4.308140877688));
#1230 = CARTESIAN_POINT('',(3.848327848205,4.306781763728));
#1231 = CARTESIAN_POINT('',(3.938126687254,4.305610775941));
#1232 = CARTESIAN_POINT('',(4.028382166855,4.304625010887));
#1233 = CARTESIAN_POINT('',(4.208995255275,4.303028701919));
#1234 = CARTESIAN_POINT('',(4.299337469518,4.302413730425));
#1235 = CARTESIAN_POINT('',(4.390413374704,4.30197461859));
#1236 = CARTESIAN_POINT('',(4.482367314225,4.301709355902));
#1237 = CARTESIAN_POINT('',(4.587964008327,4.301603544915));
#1238 = CARTESIAN_POINT('',(4.600594902771,4.301594073271));
#1239 = CARTESIAN_POINT('',(4.613245133839,4.301587763124));
#1240 = CARTESIAN_POINT('',(4.625915082598,4.301584610165));
#1241 = CARTESIAN_POINT('',(4.638605132285,4.301584610165));
#1242 = ( GEOMETRIC_REPRESENTATION_CONTEXT(2) 
PARAMETRIC_REPRESENTATION_CONTEXT() REPRESENTATION_CONTEXT('2D SPACE',''
  ) );
#1243 = ORIENTED_EDGE('',*,*,#1244,.F.);
#1244 = EDGE_CURVE('',#237,#1077,#1245,.T.);
#1245 = SURFACE_CURVE('',#1246,(#1249,#1256),.PCURVE_S1.);
#1246 = B_SPLINE_CURVE_WITH_KNOTS('',1,(#1247,#1248),.UNSPECIFIED.,.F.,
  .F.,(2,2),(0.,1.),.PIECEWISE_BEZIER_KNOTS.);
#1247 = CARTESIAN_POINT('',(5.,-1.221245327088E-15,-5.5));
#1248 = CARTESIAN_POINT('',(5.349207694917,10.,-5.150792305083));
#1249 = PCURVE('',#254,#1250);
#1250 = DEFINITIONAL_REPRESENTATION('',(#1251),#1255);
#1251 = LINE('',#1252,#1253);
#1252 = CARTESIAN_POINT('',(0.,0.));
#1253 = VECTOR('',#1254,1.);
#1254 = DIRECTION('',(0.,1.));
#1255 = ( GEOMETRIC_REPRESENTATION_CONTEXT(2) 
PARAMETRIC_REPRESENTATION_CONTEXT() REPRESENTATION_CONTEXT('2D SPACE',''
  ) );
#1256 = PCURVE('',#336,#1257);
#1257 = DEFINITIONAL_REPRESENTATION('',(#1258),#1262);
#1258 = LINE('',#1259,#1260);
#1259 = CARTESIAN_POINT('',(5.,0.));
#1260 = VECTOR('',#1261,1.);
#1261 = DIRECTION('',(0.,1.));
#1262 = ( GEOMETRIC_REPRESENTATION_CONTEXT(2) 
PARAMETRIC_REPRESENTATION_CONTEXT() REPRESENTATION_CONTEXT('2D SPACE',''
  ) );
#1263 = ORIENTED_EDGE('',*,*,#236,.T.);
#1264 = ADVANCED_FACE('',(#1265),#336,.F.);
#1265 = FACE_BOUND('',#1266,.F.);
#1266 = EDGE_LOOP('',(#1267,#1268,#1292,#1312));
#1267 = ORIENTED_EDGE('',*,*,#1244,.T.);
#1268 = ORIENTED_EDGE('',*,*,#1269,.F.);
#1269 = EDGE_CURVE('',#1270,#1077,#1272,.T.);
#1270 = VERTEX_POINT('',#1271);
#1271 = CARTESIAN_POINT('',(9.819302566143,5.174497483513,
    -5.319302566143));
#1272 = SURFACE_CURVE('',#1273,(#1279,#1285),.PCURVE_S1.);
#1273 = B_SPLINE_CURVE_WITH_KNOTS('',2,(#1274,#1275,#1276,#1277,#1278),
  .UNSPECIFIED.,.F.,.F.,(3,1,1,3),(-0.431767239202,-0.16851026106,
    4.470094871225,4.733351849367),.UNSPECIFIED.);
#1274 = CARTESIAN_POINT('',(10.082559544285,5.174497483513,
    -5.319302566143));
#1275 = CARTESIAN_POINT('',(9.950931055214,5.174497483513,
    -5.319302566143));
#1276 = CARTESIAN_POINT('',(7.5,5.174497483513,-5.319302566143));
#1277 = CARTESIAN_POINT('',(5.049068944786,5.174497483513,
    -5.319302566143));
#1278 = CARTESIAN_POINT('',(4.917440455715,5.174497483513,
    -5.319302566143));
#1279 = PCURVE('',#336,#1280);
#1280 = DEFINITIONAL_REPRESENTATION('',(#1281),#1284);
#1281 = B_SPLINE_CURVE_WITH_KNOTS('',1,(#1282,#1283),.UNSPECIFIED.,.F.,
  .F.,(2,2),(-0.16851026106,4.470094871225),.PIECEWISE_BEZIER_KNOTS.);
#1282 = CARTESIAN_POINT('',(0.,0.517449748351));
#1283 = CARTESIAN_POINT('',(5.,0.517449748351));
#1284 = ( GEOMETRIC_REPRESENTATION_CONTEXT(2) 
PARAMETRIC_REPRESENTATION_CONTEXT() REPRESENTATION_CONTEXT('2D SPACE',''
  ) );
#1285 = PCURVE('',#1178,#1286);
#1286 = DEFINITIONAL_REPRESENTATION('',(#1287),#1291);
#1287 = LINE('',#1288,#1289);
#1288 = CARTESIAN_POINT('',(0.,0.));
#1289 = VECTOR('',#1290,1.);
#1290 = DIRECTION('',(0.,1.));
#1291 = ( GEOMETRIC_REPRESENTATION_CONTEXT(2) 
PARAMETRIC_REPRESENTATION_CONTEXT() REPRESENTATION_CONTEXT('2D SPACE',''
  ) );
#1292 = ORIENTED_EDGE('',*,*,#1293,.F.);
#1293 = EDGE_CURVE('',#295,#1270,#1294,.T.);
#1294 = SURFACE_CURVE('',#1295,(#1298,#1305),.PCURVE_S1.);
#1295 = B_SPLINE_CURVE_WITH_KNOTS('',1,(#1296,#1297),.UNSPECIFIED.,.F.,
  .F.,(2,2),(0.,1.),.PIECEWISE_BEZIER_KNOTS.);
#1296 = CARTESIAN_POINT('',(10.,-1.221245327088E-15,-5.5));
#1297 = CARTESIAN_POINT('',(9.650792305083,10.,-5.150792305083));
#1298 = PCURVE('',#336,#1299);
#1299 = DEFINITIONAL_REPRESENTATION('',(#1300),#1304);
#1300 = LINE('',#1301,#1302);
#1301 = CARTESIAN_POINT('',(0.,0.));
#1302 = VECTOR('',#1303,1.);
#1303 = DIRECTION('',(0.,1.));
#1304 = ( GEOMETRIC_REPRESENTATION_CONTEXT(2) 
PARAMETRIC_REPRESENTATION_CONTEXT() REPRESENTATION_CONTEXT('2D SPACE',''
  ) );
#1305 = PCURVE('',#310,#1306);
#1306 = DEFINITIONAL_REPRESENTATION('',(#1307),#1311);
#1307 = LINE('',#1308,#1309);
#1308 = CARTESIAN_POINT('',(11.,0.));
#1309 = VECTOR('',#1310,1.);
#1310 = DIRECTION('',(0.,1.));
#1311 = ( GEOMETRIC_REPRESENTATION_CONTEXT(2) 
PARAMETRIC_REPRESENTATION_CONTEXT() REPRESENTATION_CONTEXT('2D SPACE',''
  ) );
#1312 = ORIENTED_EDGE('',*,*,#322,.T.);
#1313 = ADVANCED_FACE('',(#1314),#310,.F.);
#1314 = FACE_BOUND('',#1315,.F.);
#1315 = EDGE_LOOP('',(#1316,#1317,#1469,#1489,#1641,#1661));
#1316 = ORIENTED_EDGE('',*,*,#1293,.T.);
#1317 = ORIENTED_EDGE('',*,*,#1318,.T.);
#1318 = EDGE_CURVE('',#1270,#1319,#1321,.T.);
#1319 = VERTEX_POINT('',#1320);
#1320 = CARTESIAN_POINT('',(9.685713074574,9.,-3.322348479465));
#1321 = SURFACE_CURVE('',#1322,(#1369,#1419),.PCURVE_S1.);
#1322 = B_SPLINE_CURVE_WITH_KNOTS('',5,(#1323,#1324,#1325,#1326,#1327,
    #1328,#1329,#1330,#1331,#1332,#1333,#1334,#1335,#1336,#1337,#1338,
    #1339,#1340,#1341,#1342,#1343,#1344,#1345,#1346,#1347,#1348,#1349,
    #1350,#1351,#1352,#1353,#1354,#1355,#1356,#1357,#1358,#1359,#1360,
    #1361,#1362,#1363,#1364,#1365,#1366,#1367,#1368),.UNSPECIFIED.,.F.,
  .F.,(6,4,4,4,4,4,4,4,4,4,4,6),(0.,6.092725388302E-02,0.158096061571,
    0.263447994862,0.389141050257,0.467927482762,0.547348677535,
    0.662181957496,0.771890017553,0.878999610143,0.98545341898,1.),
  .UNSPECIFIED.);
#1323 = CARTESIAN_POINT('',(9.819302566143,5.174497483513,
    -5.319302566143));
#1324 = CARTESIAN_POINT('',(9.815564052471,5.281554507911,
    -5.315564052387));
#1325 = CARTESIAN_POINT('',(9.811816614514,5.388867090425,
    -5.308946182383));
#1326 = CARTESIAN_POINT('',(9.808067334068,5.49623243489,-5.299417460574
    ));
#1327 = CARTESIAN_POINT('',(9.804323394442,5.603444838291,
    -5.286973954051));
#1328 = CARTESIAN_POINT('',(9.794641256999,5.880704978444,
    -5.247183065157));
#1329 = CARTESIAN_POINT('',(9.788722172645,6.0502053772,-5.215371943955)
  );
#1330 = CARTESIAN_POINT('',(9.782864744271,6.217940179693,
    -5.176304025719));
#1331 = CARTESIAN_POINT('',(9.777095586566,6.383147240973,
    -5.130250891973));
#1332 = CARTESIAN_POINT('',(9.765303336035,6.720833113952,
    -5.020523593958));
#1333 = CARTESIAN_POINT('',(9.759299323416,6.892765540015,
    -4.955687711413));
#1334 = CARTESIAN_POINT('',(9.753454463827,7.060140419631,-4.88359002204
    ));
#1335 = CARTESIAN_POINT('',(9.74778897674,7.222378742826,-4.804845056692
    ));
#1336 = CARTESIAN_POINT('',(9.735787864708,7.566045626645,
    -4.618927805579));
#1337 = CARTESIAN_POINT('',(9.729533984415,7.745133326703,
    -4.509201037931));
#1338 = CARTESIAN_POINT('',(9.723577480717,7.915705275282,
    -4.391927818547));
#1339 = CARTESIAN_POINT('',(9.717927458095,8.077500754159,
    -4.268124888678));
#1340 = CARTESIAN_POINT('',(9.709237734958,8.326341866862,
    -4.057482921907));
#1341 = CARTESIAN_POINT('',(9.706010783258,8.418749673063,
    -3.974091868312));
#1342 = CARTESIAN_POINT('',(9.702905526105,8.50767260341,-3.888681139623
    ));
#1343 = CARTESIAN_POINT('',(9.699921533141,8.593122981717,
    -3.801442430005));
#1344 = CARTESIAN_POINT('',(9.694171050251,8.757795266248,
    -3.622930077815));
#1345 = CARTESIAN_POINT('',(9.691406540824,8.836960458422,
    -3.531630322964));
#1346 = CARTESIAN_POINT('',(9.688763251537,8.912654359948,
    -3.438818077809));
#1347 = CARTESIAN_POINT('',(9.686239833156,8.984915607844,
    -3.344647463737));
#1348 = CARTESIAN_POINT('',(9.680357014669,9.153377488038,
    -3.111326171082));
#1349 = CARTESIAN_POINT('',(9.677126625395,9.24588373349,-2.970844118128
    ));
#1350 = CARTESIAN_POINT('',(9.674138518388,9.331451922576,
    -2.828213622696));
#1351 = CARTESIAN_POINT('',(9.671387456795,9.410232019151,
    -2.683779880402));
#1352 = CARTESIAN_POINT('',(9.666461686352,9.551287629169,
    -2.398395814391));
#1353 = CARTESIAN_POINT('',(9.664266778574,9.614141564245,-2.25758032937
    ));
#1354 = CARTESIAN_POINT('',(9.66227921465,9.671057948175,-2.115636918397
    ));
#1355 = CARTESIAN_POINT('',(9.660494965492,9.722152158987,
    -1.972787109502));
#1356 = CARTESIAN_POINT('',(9.657363393124,9.811828658512,
    -1.689064453404));
#1357 = CARTESIAN_POINT('',(9.65600673941,9.850678137885,-1.548226469929
    ));
#1358 = CARTESIAN_POINT('',(9.65483709381,9.884172405519,-1.406893568747
    ));
#1359 = CARTESIAN_POINT('',(9.65385157649,9.912393929115,-1.265233301068
    ));
#1360 = CARTESIAN_POINT('',(9.652248730424,9.958293435048,
    -0.982439460064));
#1361 = CARTESIAN_POINT('',(9.651629190725,9.976034730767,
    -0.841309064999));
#1362 = CARTESIAN_POINT('',(9.651186625834,9.98870813108,-0.70016498322)
  );
#1363 = CARTESIAN_POINT('',(9.650919004664,9.996371798682,
    -0.559157619937));
#1364 = CARTESIAN_POINT('',(9.650811643216,9.999446228303,
    -0.399207426309));
#1365 = CARTESIAN_POINT('',(9.650801969742,9.999723240353,-0.37998368202
    ));
#1366 = CARTESIAN_POINT('',(9.650795525181,9.999907788457,
    -0.360765677201));
#1367 = CARTESIAN_POINT('',(9.650792305083,9.999999999999,
    -0.341553797861));
#1368 = CARTESIAN_POINT('',(9.650792305083,10.,-0.322348431047));
#1369 = PCURVE('',#310,#1370);
#1370 = DEFINITIONAL_REPRESENTATION('',(#1371),#1418);
#1371 = B_SPLINE_CURVE_WITH_KNOTS('',5,(#1372,#1373,#1374,#1375,#1376,
    #1377,#1378,#1379,#1380,#1381,#1382,#1383,#1384,#1385,#1386,#1387,
    #1388,#1389,#1390,#1391,#1392,#1393,#1394,#1395,#1396,#1397,#1398,
    #1399,#1400,#1401,#1402,#1403,#1404,#1405,#1406,#1407,#1408,#1409,
    #1410,#1411,#1412,#1413,#1414,#1415,#1416,#1417),.UNSPECIFIED.,.F.,
  .F.,(6,4,4,4,4,4,4,4,4,4,4,6),(0.,6.092725388302E-02,0.158096061571,
    0.263447994862,0.389141050257,0.467927482762,0.547348677535,
    0.662181957496,0.771890017553,0.878999610143,0.98545341898,1.),
  .UNSPECIFIED.);
#1372 = CARTESIAN_POINT('',(10.999999999986,0.517449748745));
#1373 = CARTESIAN_POINT('',(10.999999999899,0.528155451185));
#1374 = CARTESIAN_POINT('',(10.997032104242,0.538886708905));
#1375 = CARTESIAN_POINT('',(10.99104581461,0.549623243194));
#1376 = CARTESIAN_POINT('',(10.982019022666,0.560344483829));
#1377 = CARTESIAN_POINT('',(10.950722706871,0.588070497844));
#1378 = CARTESIAN_POINT('',(10.923769094837,0.60502053772));
#1379 = CARTESIAN_POINT('',(10.889125235635,0.621794017969));
#1380 = CARTESIAN_POINT('',(10.84700538511,0.638314724097));
#1381 = CARTESIAN_POINT('',(10.744371600432,0.672083311395));
#1382 = CARTESIAN_POINT('',(10.682603225553,0.689276554002));
#1383 = CARTESIAN_POINT('',(10.61290058003,0.706014041963));
#1384 = CARTESIAN_POINT('',(10.535855358066,0.722237874283));
#1385 = CARTESIAN_POINT('',(10.352136130182,0.756604562665));
#1386 = CARTESIAN_POINT('',(10.242612283525,0.77451333267));
#1387 = CARTESIAN_POINT('',(10.124545364165,0.791570527528));
#1388 = CARTESIAN_POINT('',(9.998987948571,0.807750075416));
#1389 = CARTESIAN_POINT('',(9.784011315726,0.832634186686));
#1390 = CARTESIAN_POINT('',(9.698592572189,0.841874967306));
#1391 = CARTESIAN_POINT('',(9.610809153798,0.850767260341));
#1392 = CARTESIAN_POINT('',(9.520867709152,0.859312298172));
#1393 = CARTESIAN_POINT('',(9.336297016665,0.875779526625));
#1394 = CARTESIAN_POINT('',(9.241636547948,0.883696045842));
#1395 = CARTESIAN_POINT('',(9.14516057111,0.891265435995));
#1396 = CARTESIAN_POINT('',(9.04704009642,0.898491560784));
#1397 = CARTESIAN_POINT('',(8.803400666054,0.915337748804));
#1398 = CARTESIAN_POINT('',(8.656257283033,0.924588373349));
#1399 = CARTESIAN_POINT('',(8.506455664067,0.933145192258));
#1400 = CARTESIAN_POINT('',(8.354393983024,0.941023201915));
#1401 = CARTESIAN_POINT('',(8.05330085188,0.955128762917));
#1402 = CARTESIAN_POINT('',(7.904439807791,0.961414156424));
#1403 = CARTESIAN_POINT('',(7.754125086754,0.967105794818));
#1404 = CARTESIAN_POINT('',(7.602622083051,0.972215215899));
#1405 = CARTESIAN_POINT('',(7.30132444611,0.981182865851));
#1406 = CARTESIAN_POINT('',(7.15157599001,0.985067813788));
#1407 = CARTESIAN_POINT('',(7.001143724481,0.988417240552));
#1408 = CARTESIAN_POINT('',(6.850233819232,0.991239392911));
#1409 = CARTESIAN_POINT('',(6.548772559584,0.995829343505));
#1410 = CARTESIAN_POINT('',(6.398225832555,0.997603473077));
#1411 = CARTESIAN_POINT('',(6.24759101483,0.998870813108));
#1412 = CARTESIAN_POINT('',(6.097054836018,0.999637179868));
#1413 = CARTESIAN_POINT('',(5.926270898993,0.99994462283));
#1414 = CARTESIAN_POINT('',(5.905744683526,0.999972324035));
#1415 = CARTESIAN_POINT('',(5.88522425259,0.999990778846));
#1416 = CARTESIAN_POINT('',(5.864710082984,1.));
#1417 = CARTESIAN_POINT('',(5.844202652046,1.));
#1418 = ( GEOMETRIC_REPRESENTATION_CONTEXT(2) 
PARAMETRIC_REPRESENTATION_CONTEXT() REPRESENTATION_CONTEXT('2D SPACE',''
  ) );
#1419 = PCURVE('',#1178,#1420);
#1420 = DEFINITIONAL_REPRESENTATION('',(#1421),#1468);
#1421 = B_SPLINE_CURVE_WITH_KNOTS('',5,(#1422,#1423,#1424,#1425,#1426,
    #1427,#1428,#1429,#1430,#1431,#1432,#1433,#1434,#1435,#1436,#1437,
    #1438,#1439,#1440,#1441,#1442,#1443,#1444,#1445,#1446,#1447,#1448,
    #1449,#1450,#1451,#1452,#1453,#1454,#1455,#1456,#1457,#1458,#1459,
    #1460,#1461,#1462,#1463,#1464,#1465,#1466,#1467),.UNSPECIFIED.,.F.,
  .F.,(6,4,4,4,4,4,4,4,4,4,4,6),(0.,6.092725388302E-02,0.158096061571,
    0.263447994862,0.389141050257,0.467927482762,0.547348677535,
    0.662181957496,0.771890017553,0.878999610143,0.98545341898,1.),
  .UNSPECIFIED.);
#1422 = CARTESIAN_POINT('',(0.,-0.16851026106));
#1423 = CARTESIAN_POINT('',(7.15312707112E-02,-0.164771747389));
#1424 = CARTESIAN_POINT('',(0.142525921721,-0.161024309431));
#1425 = CARTESIAN_POINT('',(0.21295960494,-0.157275028986));
#1426 = CARTESIAN_POINT('',(0.282809125653,-0.15353108936));
#1427 = CARTESIAN_POINT('',(0.462483983584,-0.143848951916));
#1428 = CARTESIAN_POINT('',(0.571379702812,-0.137929867563));
#1429 = CARTESIAN_POINT('',(0.678639306179,-0.132072439189));
#1430 = CARTESIAN_POINT('',(0.784221114588,-0.126303281484));
#1431 = CARTESIAN_POINT('',(1.000715557925,-0.114511030953));
#1432 = CARTESIAN_POINT('',(1.111336513724,-0.108507018334));
#1433 = CARTESIAN_POINT('',(1.219930450584,-0.102662158744));
#1434 = CARTESIAN_POINT('',(1.32655000563,-9.699667165714E-02));
#1435 = CARTESIAN_POINT('',(1.55621690316,-8.499555962536E-02));
#1436 = CARTESIAN_POINT('',(1.678462851778,-7.874167933282E-02));
#1437 = CARTESIAN_POINT('',(1.79816934298,-7.278517563475E-02));
#1438 = CARTESIAN_POINT('',(1.915562088352,-6.713515301206E-02));
#1439 = CARTESIAN_POINT('',(2.10318801959,-5.844542987531E-02));
#1440 = CARTESIAN_POINT('',(2.174671146716,-5.521847817571E-02));
#1441 = CARTESIAN_POINT('',(2.245407814151,-5.211322102251E-02));
#1442 = CARTESIAN_POINT('',(2.31546202606,-4.912922805871E-02));
#1443 = CARTESIAN_POINT('',(2.454896535669,-4.337874516891E-02));
#1444 = CARTESIAN_POINT('',(2.524266381397,-4.061423574125E-02));
#1445 = CARTESIAN_POINT('',(2.593076112249,-3.79709464541E-02));
#1446 = CARTESIAN_POINT('',(2.661391822424,-3.544752807316E-02));
#1447 = CARTESIAN_POINT('',(2.827434741179,-2.956470958674E-02));
#1448 = CARTESIAN_POINT('',(2.92469270524,-2.633432031276E-02));
#1449 = CARTESIAN_POINT('',(3.021252810485,-2.334621330587E-02));
#1450 = CARTESIAN_POINT('',(3.117300241173,-2.059515171283E-02));
#1451 = CARTESIAN_POINT('',(3.30447230881,-1.566938126987E-02));
#1452 = CARTESIAN_POINT('',(3.395623630488,-1.347447349145E-02));
#1453 = CARTESIAN_POINT('',(3.486638782412,-1.148690956791E-02));
#1454 = CARTESIAN_POINT('',(3.577671295138,-9.702660409792E-03));
#1455 = CARTESIAN_POINT('',(3.757924382357,-6.571088041061E-03));
#1456 = CARTESIAN_POINT('',(3.847135815495,-5.21443432701E-03));
#1457 = CARTESIAN_POINT('',(3.936657661482,-4.044788727647E-03));
#1458 = CARTESIAN_POINT('',(4.026631880163,-3.059271407471E-03));
#1459 = CARTESIAN_POINT('',(4.207225848268,-1.456425340991E-03));
#1460 = CARTESIAN_POINT('',(4.297837572905,-8.368856426978E-04));
#1461 = CARTESIAN_POINT('',(4.389186020106,-3.943207516943E-04));
#1462 = CARTESIAN_POINT('',(4.481416839499,-1.266995819083E-04));
#1463 = CARTESIAN_POINT('',(4.587428927515,-1.933813376913E-05));
#1464 = CARTESIAN_POINT('',(4.600192974636,-9.664659821584E-06));
#1465 = CARTESIAN_POINT('',(4.61297676191,-3.220098034695E-06));
#1466 = CARTESIAN_POINT('',(4.62578068262,-1.622035838977E-14));
#1467 = CARTESIAN_POINT('',(4.638605132285,2.942091015257E-15));
#1468 = ( GEOMETRIC_REPRESENTATION_CONTEXT(2) 
PARAMETRIC_REPRESENTATION_CONTEXT() REPRESENTATION_CONTEXT('2D SPACE',''
  ) );
#1469 = ORIENTED_EDGE('',*,*,#1470,.T.);
#1470 = EDGE_CURVE('',#1319,#1471,#1473,.T.);
#1471 = VERTEX_POINT('',#1472);
#1472 = CARTESIAN_POINT('',(9.685713074574,9.,3.322348477511));
#1473 = SURFACE_CURVE('',#1474,(#1477,#1483),.PCURVE_S1.);
#1474 = B_SPLINE_CURVE_WITH_KNOTS('',1,(#1475,#1476),.UNSPECIFIED.,.F.,
  .F.,(2,2),(0.,1.),.PIECEWISE_BEZIER_KNOTS.);
#1475 = CARTESIAN_POINT('',(9.685713074574,9.,-5.185713074574));
#1476 = CARTESIAN_POINT('',(9.685713074574,9.,5.185713074574));
#1477 = PCURVE('',#310,#1478);
#1478 = DEFINITIONAL_REPRESENTATION('',(#1479),#1482);
#1479 = B_SPLINE_CURVE_WITH_KNOTS('',1,(#1480,#1481),.UNSPECIFIED.,.F.,
  .F.,(2,2),(0.,1.),.PIECEWISE_BEZIER_KNOTS.);
#1480 = CARTESIAN_POINT('',(11.,0.9));
#1481 = CARTESIAN_POINT('',(0.,0.9));
#1482 = ( GEOMETRIC_REPRESENTATION_CONTEXT(2) 
PARAMETRIC_REPRESENTATION_CONTEXT() REPRESENTATION_CONTEXT('2D SPACE',''
  ) );
#1483 = PCURVE('',#524,#1484);
#1484 = DEFINITIONAL_REPRESENTATION('',(#1485),#1488);
#1485 = B_SPLINE_CURVE_WITH_KNOTS('',1,(#1486,#1487),.UNSPECIFIED.,.F.,
  .F.,(2,2),(0.,1.),.PIECEWISE_BEZIER_KNOTS.);
#1486 = CARTESIAN_POINT('',(10.685713074574,-9.685713074574));
#1487 = CARTESIAN_POINT('',(0.314286925426,-9.685713074574));
#1488 = ( GEOMETRIC_REPRESENTATION_CONTEXT(2) 
PARAMETRIC_REPRESENTATION_CONTEXT() REPRESENTATION_CONTEXT('2D SPACE',''
  ) );
#1489 = ORIENTED_EDGE('',*,*,#1490,.F.);
#1490 = EDGE_CURVE('',#1491,#1471,#1493,.T.);
#1491 = VERTEX_POINT('',#1492);
#1492 = CARTESIAN_POINT('',(9.819302566143,5.174497483513,5.319302566143
    ));
#1493 = SURFACE_CURVE('',#1494,(#1541,#1591),.PCURVE_S1.);
#1494 = B_SPLINE_CURVE_WITH_KNOTS('',5,(#1495,#1496,#1497,#1498,#1499,
    #1500,#1501,#1502,#1503,#1504,#1505,#1506,#1507,#1508,#1509,#1510,
    #1511,#1512,#1513,#1514,#1515,#1516,#1517,#1518,#1519,#1520,#1521,
    #1522,#1523,#1524,#1525,#1526,#1527,#1528,#1529,#1530,#1531,#1532,
    #1533,#1534,#1535,#1536,#1537,#1538,#1539,#1540),.UNSPECIFIED.,.F.,
  .F.,(6,4,4,4,4,4,4,4,4,4,4,6),(0.,6.077042358173E-02,0.157902634223,
    0.263261772106,0.388885823629,0.468151910232,0.547141154375,
    0.662300327247,0.772006192443,0.879406260089,0.985533218746,1.),
  .UNSPECIFIED.);
#1495 = CARTESIAN_POINT('',(9.819302566143,5.174497483513,5.319302566143
    ));
#1496 = CARTESIAN_POINT('',(9.815573675296,5.281278946249,5.31557367305)
  );
#1497 = CARTESIAN_POINT('',(9.811835906806,5.388314631453,5.308980232717
    ));
#1498 = CARTESIAN_POINT('',(9.808096286737,5.495403338925,5.299490986226
    ));
#1499 = CARTESIAN_POINT('',(9.804361942838,5.602340956676,5.287101959473
    ));
#1500 = CARTESIAN_POINT('',(9.794691316287,5.879271467988,5.24743690635)
  );
#1501 = CARTESIAN_POINT('',(9.788774102635,6.048718296841,5.215687536589
    ));
#1502 = CARTESIAN_POINT('',(9.782918350284,6.216405104333,5.176685765091
    ));
#1503 = CARTESIAN_POINT('',(9.77715065737,6.381570219491,5.130702297022)
  );
#1504 = CARTESIAN_POINT('',(9.765358277811,6.719259787356,5.021100398677
    ));
#1505 = CARTESIAN_POINT('',(9.759352749163,6.891235626799,4.956313820367
    ));
#1506 = CARTESIAN_POINT('',(9.753506268154,7.058656937785,4.884261286641
    ));
#1507 = CARTESIAN_POINT('',(9.747839086633,7.220943783216,4.805557253607
    ));
#1508 = CARTESIAN_POINT('',(9.735838192771,7.564604419481,4.619783269062
    ));
#1509 = CARTESIAN_POINT('',(9.729585865558,7.743647645169,4.510167696893
    ));
#1510 = CARTESIAN_POINT('',(9.723630517223,7.91418650848,4.393008810998)
  );
#1511 = CARTESIAN_POINT('',(9.717981274075,8.075959666109,4.269322055527
    ));
#1512 = CARTESIAN_POINT('',(9.709270015331,8.325417477926,4.058332261377
    ));
#1513 = CARTESIAN_POINT('',(9.706022575377,8.41841199097,3.974446878383)
  );
#1514 = CARTESIAN_POINT('',(9.702898320413,8.507878947446,3.888516502117
    ));
#1515 = CARTESIAN_POINT('',(9.699896811416,8.593830919306,3.800736373227
    ));
#1516 = CARTESIAN_POINT('',(9.694147347785,8.758474016093,3.622132242186
    ));
#1517 = CARTESIAN_POINT('',(9.691398578061,8.837188482116,3.531320667311
    ));
#1518 = CARTESIAN_POINT('',(9.688769708743,8.912469449741,3.439013425147
    ));
#1519 = CARTESIAN_POINT('',(9.686259412274,8.984354935257,3.345362130835
    ));
#1520 = CARTESIAN_POINT('',(9.680376784456,9.152811355424,3.112199478304
    ));
#1521 = CARTESIAN_POINT('',(9.677136165673,9.245610535675,2.971327782365
    ));
#1522 = CARTESIAN_POINT('',(9.674139220252,9.331431823824,2.82829459911)
  );
#1523 = CARTESIAN_POINT('',(9.671380666076,9.410426479908,2.683448117682
    ));
#1524 = CARTESIAN_POINT('',(9.666449667607,9.551631801013,2.397640424422
    ));
#1525 = CARTESIAN_POINT('',(9.664255699128,9.614458838074,2.256822649444
    ));
#1526 = CARTESIAN_POINT('',(9.662269052745,9.671348947064,2.114877733985
    ));
#1527 = CARTESIAN_POINT('',(9.660485700519,9.722417473099,1.972027131093
    ));
#1528 = CARTESIAN_POINT('',(9.65735163836,9.812165270892,1.687921281222)
  );
#1529 = CARTESIAN_POINT('',(9.655992640349,9.851081882149,1.546697171832
    ));
#1530 = CARTESIAN_POINT('',(9.65482164695,9.884614745715,1.404976508285)
  );
#1531 = CARTESIAN_POINT('',(9.65383575715,9.912846935754,1.262928143697)
  );
#1532 = CARTESIAN_POINT('',(9.652238682597,9.958581167141,0.98017734131)
  );
#1533 = CARTESIAN_POINT('',(9.651623200972,9.976206254859,0.839479994981
    ));
#1534 = CARTESIAN_POINT('',(9.651183591805,9.988795014321,0.698770297755
    ));
#1535 = CARTESIAN_POINT('',(9.650917843969,9.996405036649,0.558197267005
    ));
#1536 = CARTESIAN_POINT('',(9.650811431532,9.999452290141,0.398785596658
    ));
#1537 = CARTESIAN_POINT('',(9.650801863973,9.999726269201,0.379667403993
    ));
#1538 = CARTESIAN_POINT('',(9.650795489948,9.999908797391,0.360554892206
    ));
#1539 = CARTESIAN_POINT('',(9.650792305083,10.,0.341448440991));
#1540 = CARTESIAN_POINT('',(9.650792305083,10.,0.322348431047));
#1541 = PCURVE('',#310,#1542);
#1542 = DEFINITIONAL_REPRESENTATION('',(#1543),#1590);
#1543 = B_SPLINE_CURVE_WITH_KNOTS('',5,(#1544,#1545,#1546,#1547,#1548,
    #1549,#1550,#1551,#1552,#1553,#1554,#1555,#1556,#1557,#1558,#1559,
    #1560,#1561,#1562,#1563,#1564,#1565,#1566,#1567,#1568,#1569,#1570,
    #1571,#1572,#1573,#1574,#1575,#1576,#1577,#1578,#1579,#1580,#1581,
    #1582,#1583,#1584,#1585,#1586,#1587,#1588,#1589),.UNSPECIFIED.,.F.,
  .F.,(6,4,4,4,4,4,4,4,4,4,4,6),(0.,6.077042358173E-02,0.157902634223,
    0.263261772106,0.388885823629,0.468151910232,0.547141154375,
    0.662300327247,0.772006192443,0.879406260089,0.985533218746,1.),
  .UNSPECIFIED.);
#1544 = CARTESIAN_POINT('',(0.,0.51744975885));
#1545 = CARTESIAN_POINT('',(2.322620866992E-09,0.528127905124));
#1546 = CARTESIAN_POINT('',(2.952636965566E-03,0.538831459492));
#1547 = CARTESIAN_POINT('',(8.908017353925E-03,0.54954032604));
#1548 = CARTESIAN_POINT('',(1.788815543014E-02,0.560234095668));
#1549 = CARTESIAN_POINT('',(4.906521490428E-02,0.587927146799));
#1550 = CARTESIAN_POINT('',(7.595608773173E-02,0.604871829684));
#1551 = CARTESIAN_POINT('',(0.110532157366,0.621640510433));
#1552 = CARTESIAN_POINT('',(0.152580039533,0.638157021949));
#1553 = CARTESIAN_POINT('',(0.255080666804,0.671925978736));
#1554 = CARTESIAN_POINT('',(0.316794725074,0.68912356268));
#1555 = CARTESIAN_POINT('',(0.38644711905,0.705865693779));
#1556 = CARTESIAN_POINT('',(0.463446325298,0.722094378322));
#1557 = CARTESIAN_POINT('',(0.64701206229,0.756460441948));
#1558 = CARTESIAN_POINT('',(0.756418381779,0.774364764517));
#1559 = CARTESIAN_POINT('',(0.874363641661,0.791418650848));
#1560 = CARTESIAN_POINT('',(0.999796721191,0.807595966611));
#1561 = CARTESIAN_POINT('',(1.215117836228,0.832541747793));
#1562 = CARTESIAN_POINT('',(1.301040904975,0.841841199097));
#1563 = CARTESIAN_POINT('',(1.389358242331,0.850787894745));
#1564 = CARTESIAN_POINT('',(1.479859373967,0.859383091931));
#1565 = CARTESIAN_POINT('',(1.664530863157,0.875847401609));
#1566 = CARTESIAN_POINT('',(1.758686599061,0.883718848212));
#1567 = CARTESIAN_POINT('',(1.85463768104,0.891246944974));
#1568 = CARTESIAN_POINT('',(1.95221587856,0.898435493526));
#1569 = CARTESIAN_POINT('',(2.195684167101,0.915281135542));
#1570 = CARTESIAN_POINT('',(2.343233906439,0.924561053568));
#1571 = CARTESIAN_POINT('',(2.493457963094,0.933143182382));
#1572 = CARTESIAN_POINT('',(2.645954712027,0.941042647991));
#1573 = CARTESIAN_POINT('',(2.947497392181,0.955163180101));
#1574 = CARTESIAN_POINT('',(3.096362011287,0.961445883807));
#1575 = CARTESIAN_POINT('',(3.246679367161,0.967134894706));
#1576 = CARTESIAN_POINT('',(3.398184145859,0.97224174731));
#1577 = CARTESIAN_POINT('',(3.699890351748,0.981216527089));
#1578 = CARTESIAN_POINT('',(3.8500505828,0.985108188215));
#1579 = CARTESIAN_POINT('',(4.000897051437,0.988461474571));
#1580 = CARTESIAN_POINT('',(4.152221975255,0.991284693575));
#1581 = CARTESIAN_POINT('',(4.453640422068,0.995858116714));
#1582 = CARTESIAN_POINT('',(4.603726120037,0.997620625486));
#1583 = CARTESIAN_POINT('',(4.753897813753,0.998879501432));
#1584 = CARTESIAN_POINT('',(4.903970498284,0.999640503665));
#1585 = CARTESIAN_POINT('',(5.074179511048,0.999945229014));
#1586 = CARTESIAN_POINT('',(5.094593028991,0.99997262692));
#1587 = CARTESIAN_POINT('',(5.115000820591,0.999990879739));
#1588 = CARTESIAN_POINT('',(5.135402416833,1.));
#1589 = CARTESIAN_POINT('',(5.155797348033,1.));
#1590 = ( GEOMETRIC_REPRESENTATION_CONTEXT(2) 
PARAMETRIC_REPRESENTATION_CONTEXT() REPRESENTATION_CONTEXT('2D SPACE',''
  ) );
#1591 = PCURVE('',#990,#1592);
#1592 = DEFINITIONAL_REPRESENTATION('',(#1593),#1640);
#1593 = B_SPLINE_CURVE_WITH_KNOTS('',5,(#1594,#1595,#1596,#1597,#1598,
    #1599,#1600,#1601,#1602,#1603,#1604,#1605,#1606,#1607,#1608,#1609,
    #1610,#1611,#1612,#1613,#1614,#1615,#1616,#1617,#1618,#1619,#1620,
    #1621,#1622,#1623,#1624,#1625,#1626,#1627,#1628,#1629,#1630,#1631,
    #1632,#1633,#1634,#1635,#1636,#1637,#1638,#1639),.UNSPECIFIED.,.F.,
  .F.,(6,4,4,4,4,4,4,4,4,4,4,6),(0.,6.077042358173E-02,0.157902634223,
    0.263261772106,0.388885823629,0.468151910232,0.547141154375,
    0.662300327247,0.772006192443,0.879406260089,0.985533218746,1.),
  .UNSPECIFIED.);
#1594 = CARTESIAN_POINT('',(0.,4.470094871225));
#1595 = CARTESIAN_POINT('',(7.134715077166E-02,4.466365980379));
#1596 = CARTESIAN_POINT('',(0.142160429795,4.462628211888));
#1597 = CARTESIAN_POINT('',(0.212415691564,4.45888859182));
#1598 = CARTESIAN_POINT('',(0.282089917886,4.45515424792));
#1599 = CARTESIAN_POINT('',(0.461561107565,4.445483621369));
#1600 = CARTESIAN_POINT('',(0.570426744603,4.439566407718));
#1601 = CARTESIAN_POINT('',(0.677657876895,4.433710655367));
#1602 = CARTESIAN_POINT('',(0.783212734006,4.427942962452));
#1603 = CARTESIAN_POINT('',(0.999704014463,4.416150582893));
#1604 = CARTESIAN_POINT('',(1.110347221587,4.410145054246));
#1605 = CARTESIAN_POINT('',(1.218963005841,4.404298573237));
#1606 = CARTESIAN_POINT('',(1.32560383658,4.398631391716));
#1607 = CARTESIAN_POINT('',(1.555238640697,4.386630497853));
#1608 = CARTESIAN_POINT('',(1.677434267298,4.38037817064));
#1609 = CARTESIAN_POINT('',(1.797092203386,4.374422822305));
#1610 = CARTESIAN_POINT('',(1.914437642023,4.368773579158));
#1611 = CARTESIAN_POINT('',(2.102467658553,4.360062320413));
#1612 = CARTESIAN_POINT('',(2.174390954975,4.356814880459));
#1613 = CARTESIAN_POINT('',(2.245558438123,4.353690625495));
#1614 = CARTESIAN_POINT('',(2.316035283338,4.350689116498));
#1615 = CARTESIAN_POINT('',(2.455497722438,4.344939652867));
#1616 = CARTESIAN_POINT('',(2.524487194037,4.342190883143));
#1617 = CARTESIAN_POINT('',(2.592922822747,4.339562013826));
#1618 = CARTESIAN_POINT('',(2.660869630053,4.337051717356));
#1619 = CARTESIAN_POINT('',(2.826832862363,4.331169089538));
#1620 = CARTESIAN_POINT('',(2.924369708525,4.327928470756));
#1621 = CARTESIAN_POINT('',(3.021204263246,4.324931525335));
#1622 = CARTESIAN_POINT('',(3.117523268922,4.322172971159));
#1623 = CARTESIAN_POINT('',(3.30496253145,4.317241972689));
#1624 = CARTESIAN_POINT('',(3.396111271405,4.31504800421));
#1625 = CARTESIAN_POINT('',(3.487124353152,4.313061357828));
#1626 = CARTESIAN_POINT('',(3.578155292801,4.311278005602));
#1627 = CARTESIAN_POINT('',(3.758649502137,4.308143943443));
#1628 = CARTESIAN_POINT('',(3.848104510563,4.306784945432));
#1629 = CARTESIAN_POINT('',(3.937872486923,4.305613952033));
#1630 = CARTESIAN_POINT('',(4.028096542258,4.304628062232));
#1631 = CARTESIAN_POINT('',(4.208677931047,4.30303098768));
#1632 = CARTESIAN_POINT('',(4.299020311209,4.302415506054));
#1633 = CARTESIAN_POINT('',(4.390096113379,4.301975896887));
#1634 = CARTESIAN_POINT('',(4.482049684307,4.301710149051));
#1635 = CARTESIAN_POINT('',(4.587709015265,4.301603736615));
#1636 = CARTESIAN_POINT('',(4.600403364479,4.301594169055));
#1637 = CARTESIAN_POINT('',(4.613117242116,4.30158779503));
#1638 = CARTESIAN_POINT('',(4.625851035031,4.301584610165));
#1639 = CARTESIAN_POINT('',(4.638605132285,4.301584610165));
#1640 = ( GEOMETRIC_REPRESENTATION_CONTEXT(2) 
PARAMETRIC_REPRESENTATION_CONTEXT() REPRESENTATION_CONTEXT('2D SPACE',''
  ) );
#1641 = ORIENTED_EDGE('',*,*,#1642,.F.);
#1642 = EDGE_CURVE('',#267,#1491,#1643,.T.);
#1643 = SURFACE_CURVE('',#1644,(#1647,#1654),.PCURVE_S1.);
#1644 = B_SPLINE_CURVE_WITH_KNOTS('',1,(#1645,#1646),.UNSPECIFIED.,.F.,
  .F.,(2,2),(0.,1.),.PIECEWISE_BEZIER_KNOTS.);
#1645 = CARTESIAN_POINT('',(10.,1.221245327088E-15,5.5));
#1646 = CARTESIAN_POINT('',(9.650792305083,10.,5.150792305083));
#1647 = PCURVE('',#310,#1648);
#1648 = DEFINITIONAL_REPRESENTATION('',(#1649),#1653);
#1649 = LINE('',#1650,#1651);
#1650 = CARTESIAN_POINT('',(0.,0.));
#1651 = VECTOR('',#1652,1.);
#1652 = DIRECTION('',(0.,1.));
#1653 = ( GEOMETRIC_REPRESENTATION_CONTEXT(2) 
PARAMETRIC_REPRESENTATION_CONTEXT() REPRESENTATION_CONTEXT('2D SPACE',''
  ) );
#1654 = PCURVE('',#282,#1655);
#1655 = DEFINITIONAL_REPRESENTATION('',(#1656),#1660);
#1656 = LINE('',#1657,#1658);
#1657 = CARTESIAN_POINT('',(5.,0.));
#1658 = VECTOR('',#1659,1.);
#1659 = DIRECTION('',(0.,1.));
#1660 = ( GEOMETRIC_REPRESENTATION_CONTEXT(2) 
PARAMETRIC_REPRESENTATION_CONTEXT() REPRESENTATION_CONTEXT('2D SPACE',''
  ) );
#1661 = ORIENTED_EDGE('',*,*,#294,.T.);
#1662 = ADVANCED_FACE('',(#1663),#282,.F.);
#1663 = FACE_BOUND('',#1664,.F.);
#1664 = EDGE_LOOP('',(#1665,#1666,#1688,#1689));
#1665 = ORIENTED_EDGE('',*,*,#1642,.T.);
#1666 = ORIENTED_EDGE('',*,*,#1667,.F.);
#1667 = EDGE_CURVE('',#867,#1491,#1668,.T.);
#1668 = SURFACE_CURVE('',#1669,(#1675,#1681),.PCURVE_S1.);
#1669 = B_SPLINE_CURVE_WITH_KNOTS('',2,(#1670,#1671,#1672,#1673,#1674),
  .UNSPECIFIED.,.F.,.F.,(3,1,1,3),(-0.431767239202,-0.16851026106,
    4.470094871225,4.733351849367),.UNSPECIFIED.);
#1670 = CARTESIAN_POINT('',(4.917440455715,5.174497483513,5.319302566143
    ));
#1671 = CARTESIAN_POINT('',(5.049068944786,5.174497483513,5.319302566143
    ));
#1672 = CARTESIAN_POINT('',(7.5,5.174497483513,5.319302566143));
#1673 = CARTESIAN_POINT('',(9.950931055214,5.174497483513,5.319302566143
    ));
#1674 = CARTESIAN_POINT('',(10.082559544285,5.174497483513,
    5.319302566143));
#1675 = PCURVE('',#282,#1676);
#1676 = DEFINITIONAL_REPRESENTATION('',(#1677),#1680);
#1677 = B_SPLINE_CURVE_WITH_KNOTS('',1,(#1678,#1679),.UNSPECIFIED.,.F.,
  .F.,(2,2),(-0.16851026106,4.470094871225),.PIECEWISE_BEZIER_KNOTS.);
#1678 = CARTESIAN_POINT('',(1.4847033866E-15,0.517449748351));
#1679 = CARTESIAN_POINT('',(5.,0.517449748351));
#1680 = ( GEOMETRIC_REPRESENTATION_CONTEXT(2) 
PARAMETRIC_REPRESENTATION_CONTEXT() REPRESENTATION_CONTEXT('2D SPACE',''
  ) );
#1681 = PCURVE('',#990,#1682);
#1682 = DEFINITIONAL_REPRESENTATION('',(#1683),#1687);
#1683 = LINE('',#1684,#1685);
#1684 = CARTESIAN_POINT('',(0.,0.));
#1685 = VECTOR('',#1686,1.);
#1686 = DIRECTION('',(0.,1.));
#1687 = ( GEOMETRIC_REPRESENTATION_CONTEXT(2) 
PARAMETRIC_REPRESENTATION_CONTEXT() REPRESENTATION_CONTEXT('2D SPACE',''
  ) );
#1688 = ORIENTED_EDGE('',*,*,#866,.F.);
#1689 = ORIENTED_EDGE('',*,*,#266,.T.);
#1690 = ADVANCED_FACE('',(#1691,#1717),#390,.T.);
#1691 = FACE_BOUND('',#1692,.T.);
#1692 = EDGE_LOOP('',(#1693,#1694,#1715,#1716));
#1693 = ORIENTED_EDGE('',*,*,#564,.T.);
#1694 = ORIENTED_EDGE('',*,*,#1695,.T.);
#1695 = EDGE_CURVE('',#537,#591,#1696,.T.);
#1696 = SURFACE_CURVE('',#1697,(#1701,#1708),.PCURVE_S1.);
#1697 = LINE('',#1698,#1699);
#1698 = CARTESIAN_POINT('',(1.196826461833E-14,4.,-9.650045345896));
#1699 = VECTOR('',#1700,1.);
#1700 = DIRECTION('',(1.,-1.110223024625E-15,5.551115123126E-17));
#1701 = PCURVE('',#390,#1702);
#1702 = DEFINITIONAL_REPRESENTATION('',(#1703),#1707);
#1703 = LINE('',#1704,#1705);
#1704 = CARTESIAN_POINT('',(0.,0.));
#1705 = VECTOR('',#1706,1.);
#1706 = DIRECTION('',(1.054711873394E-15,-1.));
#1707 = ( GEOMETRIC_REPRESENTATION_CONTEXT(2) 
PARAMETRIC_REPRESENTATION_CONTEXT() REPRESENTATION_CONTEXT('2D SPACE',''
  ) );
#1708 = PCURVE('',#552,#1709);
#1709 = DEFINITIONAL_REPRESENTATION('',(#1710),#1714);
#1710 = LINE('',#1711,#1712);
#1711 = CARTESIAN_POINT('',(6.497913232184,-8.126872815503E-15));
#1712 = VECTOR('',#1713,1.);
#1713 = DIRECTION('',(1.527908556149E-15,-1.));
#1714 = ( GEOMETRIC_REPRESENTATION_CONTEXT(2) 
PARAMETRIC_REPRESENTATION_CONTEXT() REPRESENTATION_CONTEXT('2D SPACE',''
  ) );
#1715 = ORIENTED_EDGE('',*,*,#590,.T.);
#1716 = ORIENTED_EDGE('',*,*,#374,.F.);
#1717 = FACE_BOUND('',#1718,.T.);
#1718 = EDGE_LOOP('',(#1719));
#1719 = ORIENTED_EDGE('',*,*,#1720,.F.);
#1720 = EDGE_CURVE('',#1721,#1721,#1723,.T.);
#1721 = VERTEX_POINT('',#1722);
#1722 = CARTESIAN_POINT('',(9.5,4.,-12.));
#1723 = SURFACE_CURVE('',#1724,(#1729,#1736),.PCURVE_S1.);
#1724 = CIRCLE('',#1725,2.);
#1725 = AXIS2_PLACEMENT_3D('',#1726,#1727,#1728);
#1726 = CARTESIAN_POINT('',(7.5,4.,-12.));
#1727 = DIRECTION('',(3.885780586188E-16,1.,-4.996003610813E-16));
#1728 = DIRECTION('',(1.,-3.885780586188E-16,1.110223024625E-16));
#1729 = PCURVE('',#390,#1730);
#1730 = DEFINITIONAL_REPRESENTATION('',(#1731),#1735);
#1731 = CIRCLE('',#1732,2.);
#1732 = AXIS2_PLACEMENT_2D('',#1733,#1734);
#1733 = CARTESIAN_POINT('',(2.349954654104,-7.5));
#1734 = DIRECTION('',(1.221245327088E-15,-1.));
#1735 = ( GEOMETRIC_REPRESENTATION_CONTEXT(2) 
PARAMETRIC_REPRESENTATION_CONTEXT() REPRESENTATION_CONTEXT('2D SPACE',''
  ) );
#1736 = PCURVE('',#850,#1737);
#1737 = DEFINITIONAL_REPRESENTATION('',(#1738),#1742);
#1738 = LINE('',#1739,#1740);
#1739 = CARTESIAN_POINT('',(-6.28318530718,2.));
#1740 = VECTOR('',#1741,1.);
#1741 = DIRECTION('',(1.,-0.));
#1742 = ( GEOMETRIC_REPRESENTATION_CONTEXT(2) 
PARAMETRIC_REPRESENTATION_CONTEXT() REPRESENTATION_CONTEXT('2D SPACE',''
  ) );
#1743 = ADVANCED_FACE('',(#1744),#552,.T.);
#1744 = FACE_BOUND('',#1745,.T.);
#1745 = EDGE_LOOP('',(#1746,#1747,#1768,#1769));
#1746 = ORIENTED_EDGE('',*,*,#536,.T.);
#1747 = ORIENTED_EDGE('',*,*,#1748,.T.);
#1748 = EDGE_CURVE('',#509,#614,#1749,.T.);
#1749 = SURFACE_CURVE('',#1750,(#1754,#1761),.PCURVE_S1.);
#1750 = LINE('',#1751,#1752);
#1751 = CARTESIAN_POINT('',(5.329070518201E-15,9.,-5.5));
#1752 = VECTOR('',#1753,1.);
#1753 = DIRECTION('',(1.,-1.110223024625E-15,5.551115123126E-17));
#1754 = PCURVE('',#552,#1755);
#1755 = DEFINITIONAL_REPRESENTATION('',(#1756),#1760);
#1756 = LINE('',#1757,#1758);
#1757 = CARTESIAN_POINT('',(0.,0.));
#1758 = VECTOR('',#1759,1.);
#1759 = DIRECTION('',(1.527908556149E-15,-1.));
#1760 = ( GEOMETRIC_REPRESENTATION_CONTEXT(2) 
PARAMETRIC_REPRESENTATION_CONTEXT() REPRESENTATION_CONTEXT('2D SPACE',''
  ) );
#1761 = PCURVE('',#524,#1762);
#1762 = DEFINITIONAL_REPRESENTATION('',(#1763),#1767);
#1763 = LINE('',#1764,#1765);
#1764 = CARTESIAN_POINT('',(11.,-9.769962616701E-15));
#1765 = VECTOR('',#1766,1.);
#1766 = DIRECTION('',(1.054711873394E-15,-1.));
#1767 = ( GEOMETRIC_REPRESENTATION_CONTEXT(2) 
PARAMETRIC_REPRESENTATION_CONTEXT() REPRESENTATION_CONTEXT('2D SPACE',''
  ) );
#1768 = ORIENTED_EDGE('',*,*,#613,.T.);
#1769 = ORIENTED_EDGE('',*,*,#1695,.F.);
#1770 = ADVANCED_FACE('',(#1771,#1797),#524,.T.);
#1771 = FACE_BOUND('',#1772,.T.);
#1772 = EDGE_LOOP('',(#1773,#1774,#1795,#1796));
#1773 = ORIENTED_EDGE('',*,*,#508,.T.);
#1774 = ORIENTED_EDGE('',*,*,#1775,.T.);
#1775 = EDGE_CURVE('',#481,#637,#1776,.T.);
#1776 = SURFACE_CURVE('',#1777,(#1781,#1788),.PCURVE_S1.);
#1777 = LINE('',#1778,#1779);
#1778 = CARTESIAN_POINT('',(-9.325873406851E-15,9.,5.5));
#1779 = VECTOR('',#1780,1.);
#1780 = DIRECTION('',(1.,-1.110223024625E-15,5.551115123126E-17));
#1781 = PCURVE('',#524,#1782);
#1782 = DEFINITIONAL_REPRESENTATION('',(#1783),#1787);
#1783 = LINE('',#1784,#1785);
#1784 = CARTESIAN_POINT('',(0.,0.));
#1785 = VECTOR('',#1786,1.);
#1786 = DIRECTION('',(1.054711873394E-15,-1.));
#1787 = ( GEOMETRIC_REPRESENTATION_CONTEXT(2) 
PARAMETRIC_REPRESENTATION_CONTEXT() REPRESENTATION_CONTEXT('2D SPACE',''
  ) );
#1788 = PCURVE('',#496,#1789);
#1789 = DEFINITIONAL_REPRESENTATION('',(#1790),#1794);
#1790 = LINE('',#1791,#1792);
#1791 = CARTESIAN_POINT('',(6.497913232184,7.549113814986E-16));
#1792 = VECTOR('',#1793,1.);
#1793 = DIRECTION('',(-1.806753921968E-16,-1.));
#1794 = ( GEOMETRIC_REPRESENTATION_CONTEXT(2) 
PARAMETRIC_REPRESENTATION_CONTEXT() REPRESENTATION_CONTEXT('2D SPACE',''
  ) );
#1795 = ORIENTED_EDGE('',*,*,#636,.T.);
#1796 = ORIENTED_EDGE('',*,*,#1748,.F.);
#1797 = FACE_BOUND('',#1798,.T.);
#1798 = EDGE_LOOP('',(#1799,#1826,#1827,#1854));
#1799 = ORIENTED_EDGE('',*,*,#1800,.F.);
#1800 = EDGE_CURVE('',#1319,#1057,#1801,.T.);
#1801 = SURFACE_CURVE('',#1802,(#1808,#1817),.PCURVE_S1.);
#1802 = B_SPLINE_CURVE_WITH_KNOTS('',4,(#1803,#1804,#1805,#1806,#1807),
  .UNSPECIFIED.,.F.,.F.,(5,5),(0.,1.),.PIECEWISE_BEZIER_KNOTS.);
#1803 = CARTESIAN_POINT('',(9.819303166143,9.,-3.322348431047));
#1804 = CARTESIAN_POINT('',(8.659651583071,9.,-3.322348431047));
#1805 = CARTESIAN_POINT('',(7.5,9.,-3.322348431047));
#1806 = CARTESIAN_POINT('',(6.340348416929,9.,-3.322348431047));
#1807 = CARTESIAN_POINT('',(5.180696833857,9.,-3.322348431047));
#1808 = PCURVE('',#524,#1809);
#1809 = DEFINITIONAL_REPRESENTATION('',(#1810),#1816);
#1810 = B_SPLINE_CURVE_WITH_KNOTS('',4,(#1811,#1812,#1813,#1814,#1815),
  .UNSPECIFIED.,.F.,.F.,(5,5),(0.,1.),.PIECEWISE_BEZIER_KNOTS.);
#1811 = CARTESIAN_POINT('',(8.822348431047,-9.819303166143));
#1812 = CARTESIAN_POINT('',(8.822348431047,-8.659651583071));
#1813 = CARTESIAN_POINT('',(8.822348431047,-7.5));
#1814 = CARTESIAN_POINT('',(8.822348431047,-6.340348416929));
#1815 = CARTESIAN_POINT('',(8.822348431047,-5.180696833857));
#1816 = ( GEOMETRIC_REPRESENTATION_CONTEXT(2) 
PARAMETRIC_REPRESENTATION_CONTEXT() REPRESENTATION_CONTEXT('2D SPACE',''
  ) );
#1817 = PCURVE('',#1178,#1818);
#1818 = DEFINITIONAL_REPRESENTATION('',(#1819),#1825);
#1819 = B_SPLINE_CURVE_WITH_KNOTS('',4,(#1820,#1821,#1822,#1823,#1824),
  .UNSPECIFIED.,.F.,.F.,(5,5),(0.,1.),.PIECEWISE_BEZIER_KNOTS.);
#1820 = CARTESIAN_POINT('',(2.67694740408,-0.16851086106));
#1821 = CARTESIAN_POINT('',(2.67694740408,0.991140722011));
#1822 = CARTESIAN_POINT('',(2.67694740408,2.150792305083));
#1823 = CARTESIAN_POINT('',(2.67694740408,3.310443888154));
#1824 = CARTESIAN_POINT('',(2.67694740408,4.470095471225));
#1825 = ( GEOMETRIC_REPRESENTATION_CONTEXT(2) 
PARAMETRIC_REPRESENTATION_CONTEXT() REPRESENTATION_CONTEXT('2D SPACE',''
  ) );
#1826 = ORIENTED_EDGE('',*,*,#1470,.T.);
#1827 = ORIENTED_EDGE('',*,*,#1828,.F.);
#1828 = EDGE_CURVE('',#889,#1471,#1829,.T.);
#1829 = SURFACE_CURVE('',#1830,(#1836,#1845),.PCURVE_S1.);
#1830 = B_SPLINE_CURVE_WITH_KNOTS('',4,(#1831,#1832,#1833,#1834,#1835),
  .UNSPECIFIED.,.F.,.F.,(5,5),(0.,1.),.PIECEWISE_BEZIER_KNOTS.);
#1831 = CARTESIAN_POINT('',(5.180696833857,9.,3.322348431047));
#1832 = CARTESIAN_POINT('',(6.340348416929,9.,3.322348431047));
#1833 = CARTESIAN_POINT('',(7.5,9.,3.322348431047));
#1834 = CARTESIAN_POINT('',(8.659651583071,9.,3.322348431047));
#1835 = CARTESIAN_POINT('',(9.819303166143,9.,3.322348431047));
#1836 = PCURVE('',#524,#1837);
#1837 = DEFINITIONAL_REPRESENTATION('',(#1838),#1844);
#1838 = B_SPLINE_CURVE_WITH_KNOTS('',4,(#1839,#1840,#1841,#1842,#1843),
  .UNSPECIFIED.,.F.,.F.,(5,5),(0.,1.),.PIECEWISE_BEZIER_KNOTS.);
#1839 = CARTESIAN_POINT('',(2.177651568953,-5.180696833857));
#1840 = CARTESIAN_POINT('',(2.177651568953,-6.340348416929));
#1841 = CARTESIAN_POINT('',(2.177651568953,-7.5));
#1842 = CARTESIAN_POINT('',(2.177651568953,-8.659651583071));
#1843 = CARTESIAN_POINT('',(2.177651568953,-9.819303166143));
#1844 = ( GEOMETRIC_REPRESENTATION_CONTEXT(2) 
PARAMETRIC_REPRESENTATION_CONTEXT() REPRESENTATION_CONTEXT('2D SPACE',''
  ) );
#1845 = PCURVE('',#990,#1846);
#1846 = DEFINITIONAL_REPRESENTATION('',(#1847),#1853);
#1847 = B_SPLINE_CURVE_WITH_KNOTS('',4,(#1848,#1849,#1850,#1851,#1852),
  .UNSPECIFIED.,.F.,.F.,(5,5),(0.,1.),.PIECEWISE_BEZIER_KNOTS.);
#1848 = CARTESIAN_POINT('',(2.67694740408,-0.16851086106));
#1849 = CARTESIAN_POINT('',(2.67694740408,0.991140722011));
#1850 = CARTESIAN_POINT('',(2.67694740408,2.150792305082));
#1851 = CARTESIAN_POINT('',(2.67694740408,3.310443888154));
#1852 = CARTESIAN_POINT('',(2.67694740408,4.470095471225));
#1853 = ( GEOMETRIC_REPRESENTATION_CONTEXT(2) 
PARAMETRIC_REPRESENTATION_CONTEXT() REPRESENTATION_CONTEXT('2D SPACE',''
  ) );
#1854 = ORIENTED_EDGE('',*,*,#1056,.T.);
#1855 = ADVANCED_FACE('',(#1856),#496,.T.);
#1856 = FACE_BOUND('',#1857,.T.);
#1857 = EDGE_LOOP('',(#1858,#1859,#1880,#1881));
#1858 = ORIENTED_EDGE('',*,*,#480,.T.);
#1859 = ORIENTED_EDGE('',*,*,#1860,.T.);
#1860 = EDGE_CURVE('',#453,#660,#1861,.T.);
#1861 = SURFACE_CURVE('',#1862,(#1866,#1873),.PCURVE_S1.);
#1862 = LINE('',#1863,#1864);
#1863 = CARTESIAN_POINT('',(-1.374462145773E-14,4.,9.650045345896));
#1864 = VECTOR('',#1865,1.);
#1865 = DIRECTION('',(1.,-1.110223024625E-15,5.551115123126E-17));
#1866 = PCURVE('',#496,#1867);
#1867 = DEFINITIONAL_REPRESENTATION('',(#1868),#1872);
#1868 = LINE('',#1869,#1870);
#1869 = CARTESIAN_POINT('',(0.,0.));
#1870 = VECTOR('',#1871,1.);
#1871 = DIRECTION('',(-1.806753921968E-16,-1.));
#1872 = ( GEOMETRIC_REPRESENTATION_CONTEXT(2) 
PARAMETRIC_REPRESENTATION_CONTEXT() REPRESENTATION_CONTEXT('2D SPACE',''
  ) );
#1873 = PCURVE('',#468,#1874);
#1874 = DEFINITIONAL_REPRESENTATION('',(#1875),#1879);
#1875 = LINE('',#1876,#1877);
#1876 = CARTESIAN_POINT('',(7.,-6.217248937901E-15));
#1877 = VECTOR('',#1878,1.);
#1878 = DIRECTION('',(1.054711873394E-15,-1.));
#1879 = ( GEOMETRIC_REPRESENTATION_CONTEXT(2) 
PARAMETRIC_REPRESENTATION_CONTEXT() REPRESENTATION_CONTEXT('2D SPACE',''
  ) );
#1880 = ORIENTED_EDGE('',*,*,#659,.T.);
#1881 = ORIENTED_EDGE('',*,*,#1775,.F.);
#1882 = ADVANCED_FACE('',(#1883,#1889),#468,.T.);
#1883 = FACE_BOUND('',#1884,.T.);
#1884 = EDGE_LOOP('',(#1885,#1886,#1887,#1888));
#1885 = ORIENTED_EDGE('',*,*,#452,.T.);
#1886 = ORIENTED_EDGE('',*,*,#732,.T.);
#1887 = ORIENTED_EDGE('',*,*,#682,.T.);
#1888 = ORIENTED_EDGE('',*,*,#1860,.F.);
#1889 = FACE_BOUND('',#1890,.T.);
#1890 = EDGE_LOOP('',(#1891));
#1891 = ORIENTED_EDGE('',*,*,#1892,.F.);
#1892 = EDGE_CURVE('',#1893,#1893,#1895,.T.);
#1893 = VERTEX_POINT('',#1894);
#1894 = CARTESIAN_POINT('',(9.5,4.,12.));
#1895 = SURFACE_CURVE('',#1896,(#1901,#1908),.PCURVE_S1.);
#1896 = CIRCLE('',#1897,2.);
#1897 = AXIS2_PLACEMENT_3D('',#1898,#1899,#1900);
#1898 = CARTESIAN_POINT('',(7.5,4.,12.));
#1899 = DIRECTION('',(3.885780586188E-16,1.,-4.996003610813E-16));
#1900 = DIRECTION('',(1.,-3.885780586188E-16,1.110223024625E-16));
#1901 = PCURVE('',#468,#1902);
#1902 = DEFINITIONAL_REPRESENTATION('',(#1903),#1907);
#1903 = CIRCLE('',#1904,2.);
#1904 = AXIS2_PLACEMENT_2D('',#1905,#1906);
#1905 = CARTESIAN_POINT('',(4.650045345896,-7.5));
#1906 = DIRECTION('',(1.221245327088E-15,-1.));
#1907 = ( GEOMETRIC_REPRESENTATION_CONTEXT(2) 
PARAMETRIC_REPRESENTATION_CONTEXT() REPRESENTATION_CONTEXT('2D SPACE',''
  ) );
#1908 = PCURVE('',#795,#1909);
#1909 = DEFINITIONAL_REPRESENTATION('',(#1910),#1914);
#1910 = LINE('',#1911,#1912);
#1911 = CARTESIAN_POINT('',(-6.28318530718,2.));
#1912 = VECTOR('',#1913,1.);
#1913 = DIRECTION('',(1.,-0.));
#1914 = ( GEOMETRIC_REPRESENTATION_CONTEXT(2) 
PARAMETRIC_REPRESENTATION_CONTEXT() REPRESENTATION_CONTEXT('2D SPACE',''
  ) );
#1915 = ADVANCED_FACE('',(#1916),#795,.F.);
#1916 = FACE_BOUND('',#1917,.T.);
#1917 = EDGE_LOOP('',(#1918,#1939,#1940,#1941));
#1918 = ORIENTED_EDGE('',*,*,#1919,.F.);
#1919 = EDGE_CURVE('',#758,#1893,#1920,.T.);
#1920 = SEAM_CURVE('',#1921,(#1925,#1932),.PCURVE_S1.);
#1921 = LINE('',#1922,#1923);
#1922 = CARTESIAN_POINT('',(9.5,2.,12.));
#1923 = VECTOR('',#1924,1.);
#1924 = DIRECTION('',(3.089316242435E-16,1.,-4.996003610813E-16));
#1925 = PCURVE('',#795,#1926);
#1926 = DEFINITIONAL_REPRESENTATION('',(#1927),#1931);
#1927 = LINE('',#1928,#1929);
#1928 = CARTESIAN_POINT('',(-0.,0.));
#1929 = VECTOR('',#1930,1.);
#1930 = DIRECTION('',(-0.,1.));
#1931 = ( GEOMETRIC_REPRESENTATION_CONTEXT(2) 
PARAMETRIC_REPRESENTATION_CONTEXT() REPRESENTATION_CONTEXT('2D SPACE',''
  ) );
#1932 = PCURVE('',#795,#1933);
#1933 = DEFINITIONAL_REPRESENTATION('',(#1934),#1938);
#1934 = LINE('',#1935,#1936);
#1935 = CARTESIAN_POINT('',(-6.28318530718,0.));
#1936 = VECTOR('',#1937,1.);
#1937 = DIRECTION('',(-0.,1.));
#1938 = ( GEOMETRIC_REPRESENTATION_CONTEXT(2) 
PARAMETRIC_REPRESENTATION_CONTEXT() REPRESENTATION_CONTEXT('2D SPACE',''
  ) );
#1939 = ORIENTED_EDGE('',*,*,#780,.T.);
#1940 = ORIENTED_EDGE('',*,*,#1919,.T.);
#1941 = ORIENTED_EDGE('',*,*,#1892,.T.);
#1942 = ADVANCED_FACE('',(#1943),#850,.F.);
#1943 = FACE_BOUND('',#1944,.T.);
#1944 = EDGE_LOOP('',(#1945,#1966,#1967,#1968));
#1945 = ORIENTED_EDGE('',*,*,#1946,.F.);
#1946 = EDGE_CURVE('',#813,#1721,#1947,.T.);
#1947 = SEAM_CURVE('',#1948,(#1952,#1959),.PCURVE_S1.);
#1948 = LINE('',#1949,#1950);
#1949 = CARTESIAN_POINT('',(9.5,2.,-12.));
#1950 = VECTOR('',#1951,1.);
#1951 = DIRECTION('',(3.089316242435E-16,1.,-4.996003610813E-16));
#1952 = PCURVE('',#850,#1953);
#1953 = DEFINITIONAL_REPRESENTATION('',(#1954),#1958);
#1954 = LINE('',#1955,#1956);
#1955 = CARTESIAN_POINT('',(-0.,0.));
#1956 = VECTOR('',#1957,1.);
#1957 = DIRECTION('',(-0.,1.));
#1958 = ( GEOMETRIC_REPRESENTATION_CONTEXT(2) 
PARAMETRIC_REPRESENTATION_CONTEXT() REPRESENTATION_CONTEXT('2D SPACE',''
  ) );
#1959 = PCURVE('',#850,#1960);
#1960 = DEFINITIONAL_REPRESENTATION('',(#1961),#1965);
#1961 = LINE('',#1962,#1963);
#1962 = CARTESIAN_POINT('',(-6.28318530718,0.));
#1963 = VECTOR('',#1964,1.);
#1964 = DIRECTION('',(-0.,1.));
#1965 = ( GEOMETRIC_REPRESENTATION_CONTEXT(2) 
PARAMETRIC_REPRESENTATION_CONTEXT() REPRESENTATION_CONTEXT('2D SPACE',''
  ) );
#1966 = ORIENTED_EDGE('',*,*,#835,.T.);
#1967 = ORIENTED_EDGE('',*,*,#1946,.T.);
#1968 = ORIENTED_EDGE('',*,*,#1720,.T.);
#1969 = ADVANCED_FACE('',(#1970),#1178,.T.);
#1970 = FACE_BOUND('',#1971,.T.);
#1971 = EDGE_LOOP('',(#1972,#1973,#1974,#1975));
#1972 = ORIENTED_EDGE('',*,*,#1269,.F.);
#1973 = ORIENTED_EDGE('',*,*,#1318,.T.);
#1974 = ORIENTED_EDGE('',*,*,#1800,.T.);
#1975 = ORIENTED_EDGE('',*,*,#1076,.F.);
#1976 = ADVANCED_FACE('',(#1977),#990,.T.);
#1977 = FACE_BOUND('',#1978,.T.);
#1978 = EDGE_LOOP('',(#1979,#1980,#1981,#1982));
#1979 = ORIENTED_EDGE('',*,*,#1667,.F.);
#1980 = ORIENTED_EDGE('',*,*,#888,.T.);
#1981 = ORIENTED_EDGE('',*,*,#1828,.T.);
#1982 = ORIENTED_EDGE('',*,*,#1490,.F.);
#1983 = ( GEOMETRIC_REPRESENTATION_CONTEXT(3) 
GLOBAL_UNCERTAINTY_ASSIGNED_CONTEXT((#1987)) 
GLOBAL_UNIT_ASSIGNED_CONTEXT((#1984,#1985,#1986)) REPRESENTATION_CONTEXT
('Context #1','3D Context with UNIT and UNCERTAINTY') );
#1984 = ( LENGTH_UNIT() NAMED_UNIT(*) SI_UNIT(.MILLI.,.METRE.) );
#1985 = ( NAMED_UNIT(*) PLANE_ANGLE_UNIT() SI_UNIT($,.RADIAN.) );
#1986 = ( NAMED_UNIT(*) SI_UNIT($,.STERADIAN.) SOLID_ANGLE_UNIT() );
#1987 = UNCERTAINTY_MEASURE_WITH_UNIT(LENGTH_MEASURE(5.E-07),#1984,
  'distance_accuracy_value','confusion accuracy');
#1988 = CONTEXT_DEPENDENT_SHAPE_REPRESENTATION(#1989,#1991);
#1989 = ( REPRESENTATION_RELATIONSHIP('','',#48,#10) 
REPRESENTATION_RELATIONSHIP_WITH_TRANSFORMATION(#1990) 
SHAPE_REPRESENTATION_RELATIONSHIP() );
#1990 = ITEM_DEFINED_TRANSFORMATION('','',#11,#15);
#1991 = PRODUCT_DEFINITION_SHAPE('Placement','Placement of an item',
  #1992);
#1992 = NEXT_ASSEMBLY_USAGE_OCCURRENCE('8','Body011','',#5,#43,$);
#1993 = PRODUCT_RELATED_PRODUCT_CATEGORY('part',$,(#45));
#1994 = SHAPE_DEFINITION_REPRESENTATION(#1995,#2001);
#1995 = PRODUCT_DEFINITION_SHAPE('','',#1996);
#1996 = PRODUCT_DEFINITION('design','',#1997,#2000);
#1997 = PRODUCT_DEFINITION_FORMATION('','',#1998);
#1998 = PRODUCT('Body012','Body012','',(#1999));
#1999 = PRODUCT_CONTEXT('',#2,'mechanical');
#2000 = PRODUCT_DEFINITION_CONTEXT('part definition',#2,'design');
#2001 = ADVANCED_BREP_SHAPE_REPRESENTATION('',(#11,#2002),#3936);
#2002 = MANIFOLD_SOLID_BREP('',#2003);
#2003 = CLOSED_SHELL('',(#2004,#2300,#2376,#2537,#2678,#2705,#2760,#2815
    ,#3217,#3266,#3615,#3643,#3696,#3723,#3808,#3835,#3868,#3895,#3922,
    #3929));
#2004 = ADVANCED_FACE('',(#2005,#2124,#2155,#2186),#2019,.T.);
#2005 = FACE_BOUND('',#2006,.T.);
#2006 = EDGE_LOOP('',(#2007,#2042,#2070,#2098));
#2007 = ORIENTED_EDGE('',*,*,#2008,.T.);
#2008 = EDGE_CURVE('',#2009,#2011,#2013,.T.);
#2009 = VERTEX_POINT('',#2010);
#2010 = CARTESIAN_POINT('',(1.50990331349E-14,-7.549516567451E-15,-17.)
  );
#2011 = VERTEX_POINT('',#2012);
#2012 = CARTESIAN_POINT('',(15.,-1.754152378908E-14,-17.));
#2013 = SURFACE_CURVE('',#2014,(#2018,#2030),.PCURVE_S1.);
#2014 = LINE('',#2015,#2016);
#2015 = CARTESIAN_POINT('',(2.264854970235E-14,-1.439671152028E-29,-17.)
  );
#2016 = VECTOR('',#2017,1.);
#2017 = DIRECTION('',(1.,-1.110223024625E-15,5.551115123126E-17));
#2018 = PCURVE('',#2019,#2024);
#2019 = PLANE('',#2020);
#2020 = AXIS2_PLACEMENT_3D('',#2021,#2022,#2023);
#2021 = CARTESIAN_POINT('',(2.264854970235E-14,-1.439671152028E-29,-17.)
  );
#2022 = DIRECTION('',(-6.039716305598E-31,-1.,1.110223024625E-15));
#2023 = DIRECTION('',(-1.33226762955E-15,8.874685183736E-31,1.));
#2024 = DEFINITIONAL_REPRESENTATION('',(#2025),#2029);
#2025 = LINE('',#2026,#2027);
#2026 = CARTESIAN_POINT('',(0.,0.));
#2027 = VECTOR('',#2028,1.);
#2028 = DIRECTION('',(-1.054711873394E-15,-1.));
#2029 = ( GEOMETRIC_REPRESENTATION_CONTEXT(2) 
PARAMETRIC_REPRESENTATION_CONTEXT() REPRESENTATION_CONTEXT('2D SPACE',''
  ) );
#2030 = PCURVE('',#2031,#2036);
#2031 = PLANE('',#2032);
#2032 = AXIS2_PLACEMENT_3D('',#2033,#2034,#2035);
#2033 = CARTESIAN_POINT('',(2.129413802518E-14,4.,-16.65004534589));
#2034 = DIRECTION('',(1.161298205373E-15,8.715574274765E-02,
    -0.996194698092));
#2035 = DIRECTION('',(3.373144329583E-16,-0.996194698092,
    -8.715574274765E-02));
#2036 = DEFINITIONAL_REPRESENTATION('',(#2037),#2041);
#2037 = LINE('',#2038,#2039);
#2038 = CARTESIAN_POINT('',(4.015279350173,-3.863535850449E-15));
#2039 = VECTOR('',#2040,1.);
#2040 = DIRECTION('',(1.197922487541E-15,-1.));
#2041 = ( GEOMETRIC_REPRESENTATION_CONTEXT(2) 
PARAMETRIC_REPRESENTATION_CONTEXT() REPRESENTATION_CONTEXT('2D SPACE',''
  ) );
#2042 = ORIENTED_EDGE('',*,*,#2043,.T.);
#2043 = EDGE_CURVE('',#2011,#2044,#2046,.T.);
#2044 = VERTEX_POINT('',#2045);
#2045 = CARTESIAN_POINT('',(15.,-2.442490654175E-15,17.));
#2046 = SURFACE_CURVE('',#2047,(#2051,#2058),.PCURVE_S1.);
#2047 = LINE('',#2048,#2049);
#2048 = CARTESIAN_POINT('',(15.,-2.442490654175E-15,-17.));
#2049 = VECTOR('',#2050,1.);
#2050 = DIRECTION('',(-1.7763568394E-15,-4.440892098501E-16,1.));
#2051 = PCURVE('',#2019,#2052);
#2052 = DEFINITIONAL_REPRESENTATION('',(#2053),#2057);
#2053 = LINE('',#2054,#2055);
#2054 = CARTESIAN_POINT('',(-2.39808173319E-14,-15.));
#2055 = VECTOR('',#2056,1.);
#2056 = DIRECTION('',(1.,1.33226762955E-15));
#2057 = ( GEOMETRIC_REPRESENTATION_CONTEXT(2) 
PARAMETRIC_REPRESENTATION_CONTEXT() REPRESENTATION_CONTEXT('2D SPACE',''
  ) );
#2058 = PCURVE('',#2059,#2064);
#2059 = PLANE('',#2060);
#2060 = AXIS2_PLACEMENT_3D('',#2061,#2062,#2063);
#2061 = CARTESIAN_POINT('',(14.633576400036,10.492999017397,-20.));
#2062 = DIRECTION('',(0.999390827019,3.48994967025E-02,0.));
#2063 = DIRECTION('',(3.48994967025E-02,-0.999390827019,0.));
#2064 = DEFINITIONAL_REPRESENTATION('',(#2065),#2069);
#2065 = LINE('',#2066,#2067);
#2066 = CARTESIAN_POINT('',(10.499394965126,-3.));
#2067 = VECTOR('',#2068,1.);
#2068 = DIRECTION('',(3.818247230432E-16,-1.));
#2069 = ( GEOMETRIC_REPRESENTATION_CONTEXT(2) 
PARAMETRIC_REPRESENTATION_CONTEXT() REPRESENTATION_CONTEXT('2D SPACE',''
  ) );
#2070 = ORIENTED_EDGE('',*,*,#2071,.F.);
#2071 = EDGE_CURVE('',#2072,#2044,#2074,.T.);
#2072 = VERTEX_POINT('',#2073);
#2073 = CARTESIAN_POINT('',(-1.50990331349E-14,7.549516567451E-15,17.));
#2074 = SURFACE_CURVE('',#2075,(#2079,#2086),.PCURVE_S1.);
#2075 = LINE('',#2076,#2077);
#2076 = CARTESIAN_POINT('',(-2.264854970235E-14,1.439671152028E-29,17.)
  );
#2077 = VECTOR('',#2078,1.);
#2078 = DIRECTION('',(1.,-1.110223024625E-15,5.551115123126E-17));
#2079 = PCURVE('',#2019,#2080);
#2080 = DEFINITIONAL_REPRESENTATION('',(#2081),#2085);
#2081 = LINE('',#2082,#2083);
#2082 = CARTESIAN_POINT('',(34.,3.01980662698E-14));
#2083 = VECTOR('',#2084,1.);
#2084 = DIRECTION('',(-1.054711873394E-15,-1.));
#2085 = ( GEOMETRIC_REPRESENTATION_CONTEXT(2) 
PARAMETRIC_REPRESENTATION_CONTEXT() REPRESENTATION_CONTEXT('2D SPACE',''
  ) );
#2086 = PCURVE('',#2087,#2092);
#2087 = PLANE('',#2088);
#2088 = AXIS2_PLACEMENT_3D('',#2089,#2090,#2091);
#2089 = CARTESIAN_POINT('',(-2.264854970235E-14,1.439671152028E-29,17.)
  );
#2090 = DIRECTION('',(-1.161298205373E-15,8.715574274766E-02,
    0.996194698092));
#2091 = DIRECTION('',(-1.050848833741E-16,0.996194698092,
    -8.715574274766E-02));
#2092 = DEFINITIONAL_REPRESENTATION('',(#2093),#2097);
#2093 = LINE('',#2094,#2095);
#2094 = CARTESIAN_POINT('',(0.,0.));
#2095 = VECTOR('',#2096,1.);
#2096 = DIRECTION('',(-1.014074094121E-15,-1.));
#2097 = ( GEOMETRIC_REPRESENTATION_CONTEXT(2) 
PARAMETRIC_REPRESENTATION_CONTEXT() REPRESENTATION_CONTEXT('2D SPACE',''
  ) );
#2098 = ORIENTED_EDGE('',*,*,#2099,.F.);
#2099 = EDGE_CURVE('',#2009,#2072,#2100,.T.);
#2100 = SURFACE_CURVE('',#2101,(#2105,#2112),.PCURVE_S1.);
#2101 = LINE('',#2102,#2103);
#2102 = CARTESIAN_POINT('',(3.01980662698E-14,7.549516567451E-15,-17.));
#2103 = VECTOR('',#2104,1.);
#2104 = DIRECTION('',(-1.7763568394E-15,-4.440892098501E-16,1.));
#2105 = PCURVE('',#2019,#2106);
#2106 = DEFINITIONAL_REPRESENTATION('',(#2107),#2111);
#2107 = LINE('',#2108,#2109);
#2108 = CARTESIAN_POINT('',(-1.42108547152E-14,-7.549516567451E-15));
#2109 = VECTOR('',#2110,1.);
#2110 = DIRECTION('',(1.,1.33226762955E-15));
#2111 = ( GEOMETRIC_REPRESENTATION_CONTEXT(2) 
PARAMETRIC_REPRESENTATION_CONTEXT() REPRESENTATION_CONTEXT('2D SPACE',''
  ) );
#2112 = PCURVE('',#2113,#2118);
#2113 = PLANE('',#2114);
#2114 = AXIS2_PLACEMENT_3D('',#2115,#2116,#2117);
#2115 = CARTESIAN_POINT('',(0.,0.,-20.));
#2116 = DIRECTION('',(-0.999390827019,3.48994967025E-02,0.));
#2117 = DIRECTION('',(3.48994967025E-02,0.999390827019,0.));
#2118 = DEFINITIONAL_REPRESENTATION('',(#2119),#2123);
#2119 = LINE('',#2120,#2121);
#2120 = CARTESIAN_POINT('',(8.598814920144E-15,-3.));
#2121 = VECTOR('',#2122,1.);
#2122 = DIRECTION('',(-5.058126423614E-16,-1.));
#2123 = ( GEOMETRIC_REPRESENTATION_CONTEXT(2) 
PARAMETRIC_REPRESENTATION_CONTEXT() REPRESENTATION_CONTEXT('2D SPACE',''
  ) );
#2124 = FACE_BOUND('',#2125,.T.);
#2125 = EDGE_LOOP('',(#2126));
#2126 = ORIENTED_EDGE('',*,*,#2127,.F.);
#2127 = EDGE_CURVE('',#2128,#2128,#2130,.T.);
#2128 = VERTEX_POINT('',#2129);
#2129 = CARTESIAN_POINT('',(11.5,-3.219646771413E-15,12.));
#2130 = SURFACE_CURVE('',#2131,(#2136,#2143),.PCURVE_S1.);
#2131 = CIRCLE('',#2132,4.);
#2132 = AXIS2_PLACEMENT_3D('',#2133,#2134,#2135);
#2133 = CARTESIAN_POINT('',(7.5,-1.665334536938E-15,12.));
#2134 = DIRECTION('',(-3.885780586188E-16,-1.,4.996003610813E-16));
#2135 = DIRECTION('',(1.,-3.885780586188E-16,1.110223024625E-16));
#2136 = PCURVE('',#2019,#2137);
#2137 = DEFINITIONAL_REPRESENTATION('',(#2138),#2142);
#2138 = CIRCLE('',#2139,4.);
#2139 = AXIS2_PLACEMENT_2D('',#2140,#2141);
#2140 = CARTESIAN_POINT('',(29.,-7.5));
#2141 = DIRECTION('',(-1.221245327088E-15,-1.));
#2142 = ( GEOMETRIC_REPRESENTATION_CONTEXT(2) 
PARAMETRIC_REPRESENTATION_CONTEXT() REPRESENTATION_CONTEXT('2D SPACE',''
  ) );
#2143 = PCURVE('',#2144,#2149);
#2144 = CONICAL_SURFACE('',#2145,4.,0.785398163397);
#2145 = AXIS2_PLACEMENT_3D('',#2146,#2147,#2148);
#2146 = CARTESIAN_POINT('',(7.5,-1.665334536938E-15,12.));
#2147 = DIRECTION('',(-3.885780586188E-16,-1.,4.996003610813E-16));
#2148 = DIRECTION('',(1.,-3.885780586188E-16,1.110223024625E-16));
#2149 = DEFINITIONAL_REPRESENTATION('',(#2150),#2154);
#2150 = LINE('',#2151,#2152);
#2151 = CARTESIAN_POINT('',(0.,-0.));
#2152 = VECTOR('',#2153,1.);
#2153 = DIRECTION('',(1.,-0.));
#2154 = ( GEOMETRIC_REPRESENTATION_CONTEXT(2) 
PARAMETRIC_REPRESENTATION_CONTEXT() REPRESENTATION_CONTEXT('2D SPACE',''
  ) );
#2155 = FACE_BOUND('',#2156,.T.);
#2156 = EDGE_LOOP('',(#2157));
#2157 = ORIENTED_EDGE('',*,*,#2158,.F.);
#2158 = EDGE_CURVE('',#2159,#2159,#2161,.T.);
#2159 = VERTEX_POINT('',#2160);
#2160 = CARTESIAN_POINT('',(11.5,-9.880984919164E-15,-12.));
#2161 = SURFACE_CURVE('',#2162,(#2167,#2174),.PCURVE_S1.);
#2162 = CIRCLE('',#2163,4.);
#2163 = AXIS2_PLACEMENT_3D('',#2164,#2165,#2166);
#2164 = CARTESIAN_POINT('',(7.5,-8.326672684689E-15,-12.));
#2165 = DIRECTION('',(-3.885780586188E-16,-1.,4.996003610813E-16));
#2166 = DIRECTION('',(1.,-3.885780586188E-16,1.110223024625E-16));
#2167 = PCURVE('',#2019,#2168);
#2168 = DEFINITIONAL_REPRESENTATION('',(#2169),#2173);
#2169 = CIRCLE('',#2170,4.);
#2170 = AXIS2_PLACEMENT_2D('',#2171,#2172);
#2171 = CARTESIAN_POINT('',(5.,-7.5));
#2172 = DIRECTION('',(-1.221245327088E-15,-1.));
#2173 = ( GEOMETRIC_REPRESENTATION_CONTEXT(2) 
PARAMETRIC_REPRESENTATION_CONTEXT() REPRESENTATION_CONTEXT('2D SPACE',''
  ) );
#2174 = PCURVE('',#2175,#2180);
#2175 = CONICAL_SURFACE('',#2176,4.,0.785398163397);
#2176 = AXIS2_PLACEMENT_3D('',#2177,#2178,#2179);
#2177 = CARTESIAN_POINT('',(7.5,-8.326672684689E-15,-12.));
#2178 = DIRECTION('',(-3.885780586188E-16,-1.,4.996003610813E-16));
#2179 = DIRECTION('',(1.,-3.885780586188E-16,1.110223024625E-16));
#2180 = DEFINITIONAL_REPRESENTATION('',(#2181),#2185);
#2181 = LINE('',#2182,#2183);
#2182 = CARTESIAN_POINT('',(0.,-0.));
#2183 = VECTOR('',#2184,1.);
#2184 = DIRECTION('',(1.,-0.));
#2185 = ( GEOMETRIC_REPRESENTATION_CONTEXT(2) 
PARAMETRIC_REPRESENTATION_CONTEXT() REPRESENTATION_CONTEXT('2D SPACE',''
  ) );
#2186 = FACE_BOUND('',#2187,.T.);
#2187 = EDGE_LOOP('',(#2188,#2218,#2246,#2274));
#2188 = ORIENTED_EDGE('',*,*,#2189,.T.);
#2189 = EDGE_CURVE('',#2190,#2192,#2194,.T.);
#2190 = VERTEX_POINT('',#2191);
#2191 = CARTESIAN_POINT('',(5.,-1.221245327088E-15,-5.5));
#2192 = VERTEX_POINT('',#2193);
#2193 = CARTESIAN_POINT('',(5.,1.221245327088E-15,5.5));
#2194 = SURFACE_CURVE('',#2195,(#2199,#2206),.PCURVE_S1.);
#2195 = LINE('',#2196,#2197);
#2196 = CARTESIAN_POINT('',(5.,-1.221245327088E-15,-5.5));
#2197 = VECTOR('',#2198,1.);
#2198 = DIRECTION('',(0.,2.22044604925E-16,1.));
#2199 = PCURVE('',#2019,#2200);
#2200 = DEFINITIONAL_REPRESENTATION('',(#2201),#2205);
#2201 = LINE('',#2202,#2203);
#2202 = CARTESIAN_POINT('',(11.5,-5.));
#2203 = VECTOR('',#2204,1.);
#2204 = DIRECTION('',(1.,-2.22044604925E-16));
#2205 = ( GEOMETRIC_REPRESENTATION_CONTEXT(2) 
PARAMETRIC_REPRESENTATION_CONTEXT() REPRESENTATION_CONTEXT('2D SPACE',''
  ) );
#2206 = PCURVE('',#2207,#2212);
#2207 = B_SPLINE_SURFACE_WITH_KNOTS('',1,1,(
    (#2208,#2209)
    ,(#2210,#2211
    )),.UNSPECIFIED.,.F.,.F.,.F.,(2,2),(2,2),(0.,11.),(0.,1.),
  .PIECEWISE_BEZIER_KNOTS.);
#2208 = CARTESIAN_POINT('',(5.,-1.221245327088E-15,-5.5));
#2209 = CARTESIAN_POINT('',(5.349207694917,10.,-5.150792305083));
#2210 = CARTESIAN_POINT('',(5.,1.221245327088E-15,5.5));
#2211 = CARTESIAN_POINT('',(5.349207694917,10.,5.150792305083));
#2212 = DEFINITIONAL_REPRESENTATION('',(#2213),#2217);
#2213 = LINE('',#2214,#2215);
#2214 = CARTESIAN_POINT('',(0.,0.));
#2215 = VECTOR('',#2216,1.);
#2216 = DIRECTION('',(1.,0.));
#2217 = ( GEOMETRIC_REPRESENTATION_CONTEXT(2) 
PARAMETRIC_REPRESENTATION_CONTEXT() REPRESENTATION_CONTEXT('2D SPACE',''
  ) );
#2218 = ORIENTED_EDGE('',*,*,#2219,.T.);
#2219 = EDGE_CURVE('',#2192,#2220,#2222,.T.);
#2220 = VERTEX_POINT('',#2221);
#2221 = CARTESIAN_POINT('',(10.,1.221245327088E-15,5.5));
#2222 = SURFACE_CURVE('',#2223,(#2227,#2234),.PCURVE_S1.);
#2223 = LINE('',#2224,#2225);
#2224 = CARTESIAN_POINT('',(5.,1.221245327088E-15,5.5));
#2225 = VECTOR('',#2226,1.);
#2226 = DIRECTION('',(1.,0.,0.));
#2227 = PCURVE('',#2019,#2228);
#2228 = DEFINITIONAL_REPRESENTATION('',(#2229),#2233);
#2229 = LINE('',#2230,#2231);
#2230 = CARTESIAN_POINT('',(22.5,-5.));
#2231 = VECTOR('',#2232,1.);
#2232 = DIRECTION('',(-1.33226762955E-15,-1.));
#2233 = ( GEOMETRIC_REPRESENTATION_CONTEXT(2) 
PARAMETRIC_REPRESENTATION_CONTEXT() REPRESENTATION_CONTEXT('2D SPACE',''
  ) );
#2234 = PCURVE('',#2235,#2240);
#2235 = B_SPLINE_SURFACE_WITH_KNOTS('',1,1,(
    (#2236,#2237)
    ,(#2238,#2239
    )),.UNSPECIFIED.,.F.,.F.,.F.,(2,2),(2,2),(0.,5.),(0.,1.),
  .PIECEWISE_BEZIER_KNOTS.);
#2236 = CARTESIAN_POINT('',(5.,1.221245327088E-15,5.5));
#2237 = CARTESIAN_POINT('',(5.349207694917,10.,5.150792305083));
#2238 = CARTESIAN_POINT('',(10.,1.221245327088E-15,5.5));
#2239 = CARTESIAN_POINT('',(9.650792305083,10.,5.150792305083));
#2240 = DEFINITIONAL_REPRESENTATION('',(#2241),#2245);
#2241 = LINE('',#2242,#2243);
#2242 = CARTESIAN_POINT('',(0.,0.));
#2243 = VECTOR('',#2244,1.);
#2244 = DIRECTION('',(1.,0.));
#2245 = ( GEOMETRIC_REPRESENTATION_CONTEXT(2) 
PARAMETRIC_REPRESENTATION_CONTEXT() REPRESENTATION_CONTEXT('2D SPACE',''
  ) );
#2246 = ORIENTED_EDGE('',*,*,#2247,.T.);
#2247 = EDGE_CURVE('',#2220,#2248,#2250,.T.);
#2248 = VERTEX_POINT('',#2249);
#2249 = CARTESIAN_POINT('',(10.,-1.221245327088E-15,-5.5));
#2250 = SURFACE_CURVE('',#2251,(#2255,#2262),.PCURVE_S1.);
#2251 = LINE('',#2252,#2253);
#2252 = CARTESIAN_POINT('',(10.,1.221245327088E-15,5.5));
#2253 = VECTOR('',#2254,1.);
#2254 = DIRECTION('',(0.,-2.22044604925E-16,-1.));
#2255 = PCURVE('',#2019,#2256);
#2256 = DEFINITIONAL_REPRESENTATION('',(#2257),#2261);
#2257 = LINE('',#2258,#2259);
#2258 = CARTESIAN_POINT('',(22.5,-10.));
#2259 = VECTOR('',#2260,1.);
#2260 = DIRECTION('',(-1.,2.22044604925E-16));
#2261 = ( GEOMETRIC_REPRESENTATION_CONTEXT(2) 
PARAMETRIC_REPRESENTATION_CONTEXT() REPRESENTATION_CONTEXT('2D SPACE',''
  ) );
#2262 = PCURVE('',#2263,#2268);
#2263 = B_SPLINE_SURFACE_WITH_KNOTS('',1,1,(
    (#2264,#2265)
    ,(#2266,#2267
    )),.UNSPECIFIED.,.F.,.F.,.F.,(2,2),(2,2),(0.,11.),(0.,1.),
  .PIECEWISE_BEZIER_KNOTS.);
#2264 = CARTESIAN_POINT('',(10.,1.221245327088E-15,5.5));
#2265 = CARTESIAN_POINT('',(9.650792305083,10.,5.150792305083));
#2266 = CARTESIAN_POINT('',(10.,-1.221245327088E-15,-5.5));
#2267 = CARTESIAN_POINT('',(9.650792305083,10.,-5.150792305083));
#2268 = DEFINITIONAL_REPRESENTATION('',(#2269),#2273);
#2269 = LINE('',#2270,#2271);
#2270 = CARTESIAN_POINT('',(0.,0.));
#2271 = VECTOR('',#2272,1.);
#2272 = DIRECTION('',(1.,0.));
#2273 = ( GEOMETRIC_REPRESENTATION_CONTEXT(2) 
PARAMETRIC_REPRESENTATION_CONTEXT() REPRESENTATION_CONTEXT('2D SPACE',''
  ) );
#2274 = ORIENTED_EDGE('',*,*,#2275,.T.);
#2275 = EDGE_CURVE('',#2248,#2190,#2276,.T.);
#2276 = SURFACE_CURVE('',#2277,(#2281,#2288),.PCURVE_S1.);
#2277 = LINE('',#2278,#2279);
#2278 = CARTESIAN_POINT('',(10.,-1.221245327088E-15,-5.5));
#2279 = VECTOR('',#2280,1.);
#2280 = DIRECTION('',(-1.,0.,0.));
#2281 = PCURVE('',#2019,#2282);
#2282 = DEFINITIONAL_REPRESENTATION('',(#2283),#2287);
#2283 = LINE('',#2284,#2285);
#2284 = CARTESIAN_POINT('',(11.5,-10.));
#2285 = VECTOR('',#2286,1.);
#2286 = DIRECTION('',(1.33226762955E-15,1.));
#2287 = ( GEOMETRIC_REPRESENTATION_CONTEXT(2) 
PARAMETRIC_REPRESENTATION_CONTEXT() REPRESENTATION_CONTEXT('2D SPACE',''
  ) );
#2288 = PCURVE('',#2289,#2294);
#2289 = B_SPLINE_SURFACE_WITH_KNOTS('',1,1,(
    (#2290,#2291)
    ,(#2292,#2293
    )),.UNSPECIFIED.,.F.,.F.,.F.,(2,2),(2,2),(0.,5.),(0.,1.),
  .PIECEWISE_BEZIER_KNOTS.);
#2290 = CARTESIAN_POINT('',(10.,-1.221245327088E-15,-5.5));
#2291 = CARTESIAN_POINT('',(9.650792305083,10.,-5.150792305083));
#2292 = CARTESIAN_POINT('',(5.,-1.221245327088E-15,-5.5));
#2293 = CARTESIAN_POINT('',(5.349207694917,10.,-5.150792305083));
#2294 = DEFINITIONAL_REPRESENTATION('',(#2295),#2299);
#2295 = LINE('',#2296,#2297);
#2296 = CARTESIAN_POINT('',(0.,0.));
#2297 = VECTOR('',#2298,1.);
#2298 = DIRECTION('',(1.,0.));
#2299 = ( GEOMETRIC_REPRESENTATION_CONTEXT(2) 
PARAMETRIC_REPRESENTATION_CONTEXT() REPRESENTATION_CONTEXT('2D SPACE',''
  ) );
#2300 = ADVANCED_FACE('',(#2301),#2031,.T.);
#2301 = FACE_BOUND('',#2302,.T.);
#2302 = EDGE_LOOP('',(#2303,#2326,#2354,#2375));
#2303 = ORIENTED_EDGE('',*,*,#2304,.T.);
#2304 = EDGE_CURVE('',#2009,#2305,#2307,.T.);
#2305 = VERTEX_POINT('',#2306);
#2306 = CARTESIAN_POINT('',(0.139683077967,4.,-16.65004534589));
#2307 = SURFACE_CURVE('',#2308,(#2312,#2319),.PCURVE_S1.);
#2308 = LINE('',#2309,#2310);
#2309 = CARTESIAN_POINT('',(6.521467039812E-02,1.867503819282,
    -16.83661458672));
#2310 = VECTOR('',#2311,1.);
#2311 = DIRECTION('',(3.476685441099E-02,0.995592448763,
    8.71030527588E-02));
#2312 = PCURVE('',#2031,#2313);
#2313 = DEFINITIONAL_REPRESENTATION('',(#2314),#2318);
#2314 = LINE('',#2315,#2316);
#2315 = CARTESIAN_POINT('',(2.14064196969,-6.52146703981E-02));
#2316 = VECTOR('',#2317,1.);
#2317 = DIRECTION('',(-0.999395450177,-3.476685441099E-02));
#2318 = ( GEOMETRIC_REPRESENTATION_CONTEXT(2) 
PARAMETRIC_REPRESENTATION_CONTEXT() REPRESENTATION_CONTEXT('2D SPACE',''
  ) );
#2319 = PCURVE('',#2113,#2320);
#2320 = DEFINITIONAL_REPRESENTATION('',(#2321),#2325);
#2321 = LINE('',#2322,#2323);
#2322 = CARTESIAN_POINT('',(1.868642145588,-3.163385413279));
#2323 = VECTOR('',#2324,1.);
#2324 = DIRECTION('',(0.996199306464,-8.71030527588E-02));
#2325 = ( GEOMETRIC_REPRESENTATION_CONTEXT(2) 
PARAMETRIC_REPRESENTATION_CONTEXT() REPRESENTATION_CONTEXT('2D SPACE',''
  ) );
#2326 = ORIENTED_EDGE('',*,*,#2327,.T.);
#2327 = EDGE_CURVE('',#2305,#2328,#2330,.T.);
#2328 = VERTEX_POINT('',#2329);
#2329 = CARTESIAN_POINT('',(14.860316922033,4.,-16.65004534589));
#2330 = SURFACE_CURVE('',#2331,(#2335,#2342),.PCURVE_S1.);
#2331 = LINE('',#2332,#2333);
#2332 = CARTESIAN_POINT('',(2.129413802518E-14,4.,-16.65004534589));
#2333 = VECTOR('',#2334,1.);
#2334 = DIRECTION('',(1.,-1.110223024625E-15,5.551115123126E-17));
#2335 = PCURVE('',#2031,#2336);
#2336 = DEFINITIONAL_REPRESENTATION('',(#2337),#2341);
#2337 = LINE('',#2338,#2339);
#2338 = CARTESIAN_POINT('',(0.,0.));
#2339 = VECTOR('',#2340,1.);
#2340 = DIRECTION('',(1.197922487541E-15,-1.));
#2341 = ( GEOMETRIC_REPRESENTATION_CONTEXT(2) 
PARAMETRIC_REPRESENTATION_CONTEXT() REPRESENTATION_CONTEXT('2D SPACE',''
  ) );
#2342 = PCURVE('',#2343,#2348);
#2343 = PLANE('',#2344);
#2344 = AXIS2_PLACEMENT_3D('',#2345,#2346,#2347);
#2345 = CARTESIAN_POINT('',(1.196826461833E-14,4.,-9.650045345896));
#2346 = DIRECTION('',(6.039716305598E-31,1.,-1.110223024625E-15));
#2347 = DIRECTION('',(1.33226762955E-15,-8.874685183736E-31,-1.));
#2348 = DEFINITIONAL_REPRESENTATION('',(#2349),#2353);
#2349 = LINE('',#2350,#2351);
#2350 = CARTESIAN_POINT('',(7.,-6.217248937901E-15));
#2351 = VECTOR('',#2352,1.);
#2352 = DIRECTION('',(1.054711873394E-15,-1.));
#2353 = ( GEOMETRIC_REPRESENTATION_CONTEXT(2) 
PARAMETRIC_REPRESENTATION_CONTEXT() REPRESENTATION_CONTEXT('2D SPACE',''
  ) );
#2354 = ORIENTED_EDGE('',*,*,#2355,.T.);
#2355 = EDGE_CURVE('',#2328,#2011,#2356,.T.);
#2356 = SURFACE_CURVE('',#2357,(#2361,#2368),.PCURVE_S1.);
#2357 = LINE('',#2358,#2359);
#2358 = CARTESIAN_POINT('',(14.743898040641,7.333800574446,
    -16.35837558917));
#2359 = VECTOR('',#2360,1.);
#2360 = DIRECTION('',(3.476685441099E-02,-0.995592448763,
    -8.71030527588E-02));
#2361 = PCURVE('',#2031,#2362);
#2362 = DEFINITIONAL_REPRESENTATION('',(#2363),#2367);
#2363 = LINE('',#2364,#2365);
#2364 = CARTESIAN_POINT('',(-3.346535151043,-14.74389804064));
#2365 = VECTOR('',#2366,1.);
#2366 = DIRECTION('',(0.999395450177,-3.476685441099E-02));
#2367 = ( GEOMETRIC_REPRESENTATION_CONTEXT(2) 
PARAMETRIC_REPRESENTATION_CONTEXT() REPRESENTATION_CONTEXT('2D SPACE',''
  ) );
#2368 = PCURVE('',#2059,#2369);
#2369 = DEFINITIONAL_REPRESENTATION('',(#2370),#2374);
#2370 = LINE('',#2371,#2372);
#2371 = CARTESIAN_POINT('',(3.16112411435,-3.641624410824));
#2372 = VECTOR('',#2373,1.);
#2373 = DIRECTION('',(0.996199306464,8.71030527588E-02));
#2374 = ( GEOMETRIC_REPRESENTATION_CONTEXT(2) 
PARAMETRIC_REPRESENTATION_CONTEXT() REPRESENTATION_CONTEXT('2D SPACE',''
  ) );
#2375 = ORIENTED_EDGE('',*,*,#2008,.F.);
#2376 = ADVANCED_FACE('',(#2377),#2113,.T.);
#2377 = FACE_BOUND('',#2378,.T.);
#2378 = EDGE_LOOP('',(#2379,#2380,#2381,#2404,#2432,#2460,#2488,#2516));
#2379 = ORIENTED_EDGE('',*,*,#2304,.F.);
#2380 = ORIENTED_EDGE('',*,*,#2099,.T.);
#2381 = ORIENTED_EDGE('',*,*,#2382,.F.);
#2382 = EDGE_CURVE('',#2383,#2072,#2385,.T.);
#2383 = VERTEX_POINT('',#2384);
#2384 = CARTESIAN_POINT('',(0.139683077967,4.,16.650045345896));
#2385 = SURFACE_CURVE('',#2386,(#2390,#2397),.PCURVE_S1.);
#2386 = LINE('',#2387,#2388);
#2387 = CARTESIAN_POINT('',(5.602353434933E-02,1.604304119432,
    16.859641576702));
#2388 = VECTOR('',#2389,1.);
#2389 = DIRECTION('',(-3.476685441099E-02,-0.995592448763,
    8.71030527588E-02));
#2390 = PCURVE('',#2113,#2391);
#2391 = DEFINITIONAL_REPRESENTATION('',(#2392),#2396);
#2392 = LINE('',#2393,#2394);
#2393 = CARTESIAN_POINT('',(1.605282013861,-36.8596415767));
#2394 = VECTOR('',#2395,1.);
#2395 = DIRECTION('',(-0.996199306464,-8.71030527588E-02));
#2396 = ( GEOMETRIC_REPRESENTATION_CONTEXT(2) 
PARAMETRIC_REPRESENTATION_CONTEXT() REPRESENTATION_CONTEXT('2D SPACE',''
  ) );
#2397 = PCURVE('',#2087,#2398);
#2398 = DEFINITIONAL_REPRESENTATION('',(#2399),#2403);
#2399 = LINE('',#2400,#2401);
#2400 = CARTESIAN_POINT('',(1.610432300538,-5.602353434935E-02));
#2401 = VECTOR('',#2402,1.);
#2402 = DIRECTION('',(-0.999395450177,3.476685441099E-02));
#2403 = ( GEOMETRIC_REPRESENTATION_CONTEXT(2) 
PARAMETRIC_REPRESENTATION_CONTEXT() REPRESENTATION_CONTEXT('2D SPACE',''
  ) );
#2404 = ORIENTED_EDGE('',*,*,#2405,.F.);
#2405 = EDGE_CURVE('',#2406,#2383,#2408,.T.);
#2406 = VERTEX_POINT('',#2407);
#2407 = CARTESIAN_POINT('',(0.139683077967,4.,9.650045345896));
#2408 = SURFACE_CURVE('',#2409,(#2413,#2420),.PCURVE_S1.);
#2409 = LINE('',#2410,#2411);
#2410 = CARTESIAN_POINT('',(0.139683077967,4.,-1.674977327052));
#2411 = VECTOR('',#2412,1.);
#2412 = DIRECTION('',(2.326190539642E-17,6.661338147751E-16,1.));
#2413 = PCURVE('',#2113,#2414);
#2414 = DEFINITIONAL_REPRESENTATION('',(#2415),#2419);
#2415 = LINE('',#2416,#2417);
#2416 = CARTESIAN_POINT('',(4.002438177195,-18.32502267294));
#2417 = VECTOR('',#2418,1.);
#2418 = DIRECTION('',(6.665398528441E-16,-1.));
#2419 = ( GEOMETRIC_REPRESENTATION_CONTEXT(2) 
PARAMETRIC_REPRESENTATION_CONTEXT() REPRESENTATION_CONTEXT('2D SPACE',''
  ) );
#2420 = PCURVE('',#2421,#2426);
#2421 = PLANE('',#2422);
#2422 = AXIS2_PLACEMENT_3D('',#2423,#2424,#2425);
#2423 = CARTESIAN_POINT('',(-2.307049486458E-14,4.,16.650045345896));
#2424 = DIRECTION('',(6.039716305598E-31,1.,-1.110223024625E-15));
#2425 = DIRECTION('',(1.33226762955E-15,-8.874685183736E-31,-1.));
#2426 = DEFINITIONAL_REPRESENTATION('',(#2427),#2431);
#2427 = LINE('',#2428,#2429);
#2428 = CARTESIAN_POINT('',(18.325022672948,-0.139683077967));
#2429 = VECTOR('',#2430,1.);
#2430 = DIRECTION('',(-1.,-2.453065103215E-16));
#2431 = ( GEOMETRIC_REPRESENTATION_CONTEXT(2) 
PARAMETRIC_REPRESENTATION_CONTEXT() REPRESENTATION_CONTEXT('2D SPACE',''
  ) );
#2432 = ORIENTED_EDGE('',*,*,#2433,.F.);
#2433 = EDGE_CURVE('',#2434,#2406,#2436,.T.);
#2434 = VERTEX_POINT('',#2435);
#2435 = CARTESIAN_POINT('',(0.314286925426,9.,5.5));
#2436 = SURFACE_CURVE('',#2437,(#2441,#2448),.PCURVE_S1.);
#2437 = LINE('',#2438,#2439);
#2438 = CARTESIAN_POINT('',(0.352497389817,10.094204536372,
    4.591800311274));
#2439 = VECTOR('',#2440,1.);
#2440 = DIRECTION('',(-2.686106140033E-02,-0.769200157708,0.638443106912
    ));
#2441 = PCURVE('',#2113,#2442);
#2442 = DEFINITIONAL_REPRESENTATION('',(#2443),#2447);
#2443 = LINE('',#2444,#2445);
#2444 = CARTESIAN_POINT('',(10.100357401198,-24.59180031127));
#2445 = VECTOR('',#2446,1.);
#2446 = DIRECTION('',(-0.769669019279,-0.638443106912));
#2447 = ( GEOMETRIC_REPRESENTATION_CONTEXT(2) 
PARAMETRIC_REPRESENTATION_CONTEXT() REPRESENTATION_CONTEXT('2D SPACE',''
  ) );
#2448 = PCURVE('',#2449,#2454);
#2449 = PLANE('',#2450);
#2450 = AXIS2_PLACEMENT_3D('',#2451,#2452,#2453);
#2451 = CARTESIAN_POINT('',(-1.374462145773E-14,4.,9.650045345896));
#2452 = DIRECTION('',(-8.970065728814E-16,0.638673555279,0.76947780331)
  );
#2453 = DIRECTION('',(6.80025708714E-16,0.76947780331,-0.638673555279));
#2454 = DEFINITIONAL_REPRESENTATION('',(#2455),#2459);
#2455 = LINE('',#2456,#2457);
#2456 = CARTESIAN_POINT('',(7.919922459305,-0.352497389817));
#2457 = VECTOR('',#2458,1.);
#2458 = DIRECTION('',(-0.999639176593,2.686106140033E-02));
#2459 = ( GEOMETRIC_REPRESENTATION_CONTEXT(2) 
PARAMETRIC_REPRESENTATION_CONTEXT() REPRESENTATION_CONTEXT('2D SPACE',''
  ) );
#2460 = ORIENTED_EDGE('',*,*,#2461,.F.);
#2461 = EDGE_CURVE('',#2462,#2434,#2464,.T.);
#2462 = VERTEX_POINT('',#2463);
#2463 = CARTESIAN_POINT('',(0.314286925426,9.,-5.5));
#2464 = SURFACE_CURVE('',#2465,(#2469,#2476),.PCURVE_S1.);
#2465 = LINE('',#2466,#2467);
#2466 = CARTESIAN_POINT('',(0.314286925426,9.,-7.25));
#2467 = VECTOR('',#2468,1.);
#2468 = DIRECTION('',(2.326190539642E-17,6.661338147751E-16,1.));
#2469 = PCURVE('',#2113,#2470);
#2470 = DEFINITIONAL_REPRESENTATION('',(#2471),#2475);
#2471 = LINE('',#2472,#2473);
#2472 = CARTESIAN_POINT('',(9.005485898689,-12.75));
#2473 = VECTOR('',#2474,1.);
#2474 = DIRECTION('',(6.665398528441E-16,-1.));
#2475 = ( GEOMETRIC_REPRESENTATION_CONTEXT(2) 
PARAMETRIC_REPRESENTATION_CONTEXT() REPRESENTATION_CONTEXT('2D SPACE',''
  ) );
#2476 = PCURVE('',#2477,#2482);
#2477 = PLANE('',#2478);
#2478 = AXIS2_PLACEMENT_3D('',#2479,#2480,#2481);
#2479 = CARTESIAN_POINT('',(-9.325873406851E-15,9.,5.5));
#2480 = DIRECTION('',(6.039716305598E-31,1.,-1.110223024625E-15));
#2481 = DIRECTION('',(1.33226762955E-15,-8.874685183736E-31,-1.));
#2482 = DEFINITIONAL_REPRESENTATION('',(#2483),#2487);
#2483 = LINE('',#2484,#2485);
#2484 = CARTESIAN_POINT('',(12.75,-0.314286925426));
#2485 = VECTOR('',#2486,1.);
#2486 = DIRECTION('',(-1.,-2.453065103215E-16));
#2487 = ( GEOMETRIC_REPRESENTATION_CONTEXT(2) 
PARAMETRIC_REPRESENTATION_CONTEXT() REPRESENTATION_CONTEXT('2D SPACE',''
  ) );
#2488 = ORIENTED_EDGE('',*,*,#2489,.F.);
#2489 = EDGE_CURVE('',#2490,#2462,#2492,.T.);
#2490 = VERTEX_POINT('',#2491);
#2491 = CARTESIAN_POINT('',(0.139683077967,4.,-9.650045345896));
#2492 = SURFACE_CURVE('',#2493,(#2497,#2504),.PCURVE_S1.);
#2493 = LINE('',#2494,#2495);
#2494 = CARTESIAN_POINT('',(9.675113385034E-02,2.770589974348,
    -10.67046681692));
#2495 = VECTOR('',#2496,1.);
#2496 = DIRECTION('',(2.686106140033E-02,0.769200157708,0.638443106912)
  );
#2497 = PCURVE('',#2113,#2498);
#2498 = DEFINITIONAL_REPRESENTATION('',(#2499),#2503);
#2499 = LINE('',#2500,#2501);
#2500 = CARTESIAN_POINT('',(2.772278771671,-9.329533183072));
#2501 = VECTOR('',#2502,1.);
#2502 = DIRECTION('',(0.769669019279,-0.638443106912));
#2503 = ( GEOMETRIC_REPRESENTATION_CONTEXT(2) 
PARAMETRIC_REPRESENTATION_CONTEXT() REPRESENTATION_CONTEXT('2D SPACE',''
  ) );
#2504 = PCURVE('',#2505,#2510);
#2505 = PLANE('',#2506);
#2506 = AXIS2_PLACEMENT_3D('',#2507,#2508,#2509);
#2507 = CARTESIAN_POINT('',(5.329070518201E-15,9.,-5.5));
#2508 = DIRECTION('',(8.970065728814E-16,0.638673555279,-0.76947780331)
  );
#2509 = DIRECTION('',(1.021742498383E-15,-0.76947780331,-0.638673555279)
  );
#2510 = DEFINITIONAL_REPRESENTATION('',(#2511),#2515);
#2511 = LINE('',#2512,#2513);
#2512 = CARTESIAN_POINT('',(8.095633166878,-9.675113385034E-02));
#2513 = VECTOR('',#2514,1.);
#2514 = DIRECTION('',(-0.999639176593,-2.686106140033E-02));
#2515 = ( GEOMETRIC_REPRESENTATION_CONTEXT(2) 
PARAMETRIC_REPRESENTATION_CONTEXT() REPRESENTATION_CONTEXT('2D SPACE',''
  ) );
#2516 = ORIENTED_EDGE('',*,*,#2517,.F.);
#2517 = EDGE_CURVE('',#2305,#2490,#2518,.T.);
#2518 = SURFACE_CURVE('',#2519,(#2523,#2530),.PCURVE_S1.);
#2519 = LINE('',#2520,#2521);
#2520 = CARTESIAN_POINT('',(0.139683077967,4.,-14.82502267294));
#2521 = VECTOR('',#2522,1.);
#2522 = DIRECTION('',(2.326190539642E-17,6.661338147751E-16,1.));
#2523 = PCURVE('',#2113,#2524);
#2524 = DEFINITIONAL_REPRESENTATION('',(#2525),#2529);
#2525 = LINE('',#2526,#2527);
#2526 = CARTESIAN_POINT('',(4.002438177195,-5.174977327052));
#2527 = VECTOR('',#2528,1.);
#2528 = DIRECTION('',(6.665398528441E-16,-1.));
#2529 = ( GEOMETRIC_REPRESENTATION_CONTEXT(2) 
PARAMETRIC_REPRESENTATION_CONTEXT() REPRESENTATION_CONTEXT('2D SPACE',''
  ) );
#2530 = PCURVE('',#2343,#2531);
#2531 = DEFINITIONAL_REPRESENTATION('',(#2532),#2536);
#2532 = LINE('',#2533,#2534);
#2533 = CARTESIAN_POINT('',(5.174977327052,-0.139683077967));
#2534 = VECTOR('',#2535,1.);
#2535 = DIRECTION('',(-1.,-2.453065103215E-16));
#2536 = ( GEOMETRIC_REPRESENTATION_CONTEXT(2) 
PARAMETRIC_REPRESENTATION_CONTEXT() REPRESENTATION_CONTEXT('2D SPACE',''
  ) );
#2537 = ADVANCED_FACE('',(#2538),#2059,.T.);
#2538 = FACE_BOUND('',#2539,.T.);
#2539 = EDGE_LOOP('',(#2540,#2541,#2542,#2565,#2588,#2611,#2634,#2657));
#2540 = ORIENTED_EDGE('',*,*,#2043,.F.);
#2541 = ORIENTED_EDGE('',*,*,#2355,.F.);
#2542 = ORIENTED_EDGE('',*,*,#2543,.F.);
#2543 = EDGE_CURVE('',#2544,#2328,#2546,.T.);
#2544 = VERTEX_POINT('',#2545);
#2545 = CARTESIAN_POINT('',(14.860316922033,4.,-9.650045345896));
#2546 = SURFACE_CURVE('',#2547,(#2551,#2558),.PCURVE_S1.);
#2547 = LINE('',#2548,#2549);
#2548 = CARTESIAN_POINT('',(14.860316922033,4.,-14.82502267294));
#2549 = VECTOR('',#2550,1.);
#2550 = DIRECTION('',(2.326190539642E-17,-6.661338147751E-16,-1.));
#2551 = PCURVE('',#2059,#2552);
#2552 = DEFINITIONAL_REPRESENTATION('',(#2553),#2557);
#2553 = LINE('',#2554,#2555);
#2554 = CARTESIAN_POINT('',(6.49695678793,-5.174977327052));
#2555 = VECTOR('',#2556,1.);
#2556 = DIRECTION('',(6.665398528441E-16,1.));
#2557 = ( GEOMETRIC_REPRESENTATION_CONTEXT(2) 
PARAMETRIC_REPRESENTATION_CONTEXT() REPRESENTATION_CONTEXT('2D SPACE',''
  ) );
#2558 = PCURVE('',#2343,#2559);
#2559 = DEFINITIONAL_REPRESENTATION('',(#2560),#2564);
#2560 = LINE('',#2561,#2562);
#2561 = CARTESIAN_POINT('',(5.174977327052,-14.86031692203));
#2562 = VECTOR('',#2563,1.);
#2563 = DIRECTION('',(1.,1.987826995286E-16));
#2564 = ( GEOMETRIC_REPRESENTATION_CONTEXT(2) 
PARAMETRIC_REPRESENTATION_CONTEXT() REPRESENTATION_CONTEXT('2D SPACE',''
  ) );
#2565 = ORIENTED_EDGE('',*,*,#2566,.F.);
#2566 = EDGE_CURVE('',#2567,#2544,#2569,.T.);
#2567 = VERTEX_POINT('',#2568);
#2568 = CARTESIAN_POINT('',(14.685713074574,9.,-5.5));
#2569 = SURFACE_CURVE('',#2570,(#2574,#2581),.PCURVE_S1.);
#2570 = LINE('',#2571,#2572);
#2571 = CARTESIAN_POINT('',(14.789304580167,6.033527407893,
    -7.962199154921));
#2572 = VECTOR('',#2573,1.);
#2573 = DIRECTION('',(2.686106140033E-02,-0.769200157708,-0.638443106912
    ));
#2574 = PCURVE('',#2059,#2575);
#2575 = DEFINITIONAL_REPRESENTATION('',(#2576),#2580);
#2576 = LINE('',#2577,#2578);
#2577 = CARTESIAN_POINT('',(4.462189854999,-12.03780084507));
#2578 = VECTOR('',#2579,1.);
#2579 = DIRECTION('',(0.769669019279,0.638443106912));
#2580 = ( GEOMETRIC_REPRESENTATION_CONTEXT(2) 
PARAMETRIC_REPRESENTATION_CONTEXT() REPRESENTATION_CONTEXT('2D SPACE',''
  ) );
#2581 = PCURVE('',#2505,#2582);
#2582 = DEFINITIONAL_REPRESENTATION('',(#2583),#2587);
#2583 = LINE('',#2584,#2585);
#2584 = CARTESIAN_POINT('',(3.855176301833,-14.78930458016));
#2585 = VECTOR('',#2586,1.);
#2586 = DIRECTION('',(0.999639176593,-2.686106140033E-02));
#2587 = ( GEOMETRIC_REPRESENTATION_CONTEXT(2) 
PARAMETRIC_REPRESENTATION_CONTEXT() REPRESENTATION_CONTEXT('2D SPACE',''
  ) );
#2588 = ORIENTED_EDGE('',*,*,#2589,.F.);
#2589 = EDGE_CURVE('',#2590,#2567,#2592,.T.);
#2590 = VERTEX_POINT('',#2591);
#2591 = CARTESIAN_POINT('',(14.685713074574,9.,5.5));
#2592 = SURFACE_CURVE('',#2593,(#2597,#2604),.PCURVE_S1.);
#2593 = LINE('',#2594,#2595);
#2594 = CARTESIAN_POINT('',(14.685713074574,9.,-7.25));
#2595 = VECTOR('',#2596,1.);
#2596 = DIRECTION('',(2.326190539642E-17,-6.661338147751E-16,-1.));
#2597 = PCURVE('',#2059,#2598);
#2598 = DEFINITIONAL_REPRESENTATION('',(#2599),#2603);
#2599 = LINE('',#2600,#2601);
#2600 = CARTESIAN_POINT('',(1.493909066436,-12.75));
#2601 = VECTOR('',#2602,1.);
#2602 = DIRECTION('',(6.665398528441E-16,1.));
#2603 = ( GEOMETRIC_REPRESENTATION_CONTEXT(2) 
PARAMETRIC_REPRESENTATION_CONTEXT() REPRESENTATION_CONTEXT('2D SPACE',''
  ) );
#2604 = PCURVE('',#2477,#2605);
#2605 = DEFINITIONAL_REPRESENTATION('',(#2606),#2610);
#2606 = LINE('',#2607,#2608);
#2607 = CARTESIAN_POINT('',(12.75,-14.68571307457));
#2608 = VECTOR('',#2609,1.);
#2609 = DIRECTION('',(1.,1.987826995286E-16));
#2610 = ( GEOMETRIC_REPRESENTATION_CONTEXT(2) 
PARAMETRIC_REPRESENTATION_CONTEXT() REPRESENTATION_CONTEXT('2D SPACE',''
  ) );
#2611 = ORIENTED_EDGE('',*,*,#2612,.F.);
#2612 = EDGE_CURVE('',#2613,#2590,#2615,.T.);
#2613 = VERTEX_POINT('',#2614);
#2614 = CARTESIAN_POINT('',(14.860316922033,4.,9.650045345896));
#2615 = SURFACE_CURVE('',#2616,(#2620,#2627),.PCURVE_S1.);
#2616 = LINE('',#2617,#2618);
#2617 = CARTESIAN_POINT('',(14.5335583242,13.357141969917,1.883532649267
    ));
#2618 = VECTOR('',#2619,1.);
#2619 = DIRECTION('',(-2.686106140033E-02,0.769200157708,-0.638443106912
    ));
#2620 = PCURVE('',#2059,#2621);
#2621 = DEFINITIONAL_REPRESENTATION('',(#2622),#2626);
#2622 = LINE('',#2623,#2624);
#2623 = CARTESIAN_POINT('',(-2.865888774528,-21.88353264926));
#2624 = VECTOR('',#2625,1.);
#2625 = DIRECTION('',(-0.769669019279,0.638443106912));
#2626 = ( GEOMETRIC_REPRESENTATION_CONTEXT(2) 
PARAMETRIC_REPRESENTATION_CONTEXT() REPRESENTATION_CONTEXT('2D SPACE',''
  ) );
#2627 = PCURVE('',#2449,#2628);
#2628 = DEFINITIONAL_REPRESENTATION('',(#2629),#2633);
#2629 = LINE('',#2630,#2631);
#2630 = CARTESIAN_POINT('',(12.16037932435,-14.5335583242));
#2631 = VECTOR('',#2632,1.);
#2632 = DIRECTION('',(0.999639176593,2.686106140033E-02));
#2633 = ( GEOMETRIC_REPRESENTATION_CONTEXT(2) 
PARAMETRIC_REPRESENTATION_CONTEXT() REPRESENTATION_CONTEXT('2D SPACE',''
  ) );
#2634 = ORIENTED_EDGE('',*,*,#2635,.F.);
#2635 = EDGE_CURVE('',#2636,#2613,#2638,.T.);
#2636 = VERTEX_POINT('',#2637);
#2637 = CARTESIAN_POINT('',(14.860316922033,4.,16.650045345896));
#2638 = SURFACE_CURVE('',#2639,(#2643,#2650),.PCURVE_S1.);
#2639 = LINE('',#2640,#2641);
#2640 = CARTESIAN_POINT('',(14.860316922033,4.,-1.674977327052));
#2641 = VECTOR('',#2642,1.);
#2642 = DIRECTION('',(2.326190539642E-17,-6.661338147751E-16,-1.));
#2643 = PCURVE('',#2059,#2644);
#2644 = DEFINITIONAL_REPRESENTATION('',(#2645),#2649);
#2645 = LINE('',#2646,#2647);
#2646 = CARTESIAN_POINT('',(6.49695678793,-18.32502267294));
#2647 = VECTOR('',#2648,1.);
#2648 = DIRECTION('',(6.665398528441E-16,1.));
#2649 = ( GEOMETRIC_REPRESENTATION_CONTEXT(2) 
PARAMETRIC_REPRESENTATION_CONTEXT() REPRESENTATION_CONTEXT('2D SPACE',''
  ) );
#2650 = PCURVE('',#2421,#2651);
#2651 = DEFINITIONAL_REPRESENTATION('',(#2652),#2656);
#2652 = LINE('',#2653,#2654);
#2653 = CARTESIAN_POINT('',(18.325022672948,-14.86031692203));
#2654 = VECTOR('',#2655,1.);
#2655 = DIRECTION('',(1.,1.987826995286E-16));
#2656 = ( GEOMETRIC_REPRESENTATION_CONTEXT(2) 
PARAMETRIC_REPRESENTATION_CONTEXT() REPRESENTATION_CONTEXT('2D SPACE',''
  ) );
#2657 = ORIENTED_EDGE('',*,*,#2658,.F.);
#2658 = EDGE_CURVE('',#2044,#2636,#2659,.T.);
#2659 = SURFACE_CURVE('',#2660,(#2664,#2671),.PCURVE_S1.);
#2660 = LINE('',#2661,#2662);
#2661 = CARTESIAN_POINT('',(14.75308917669,7.070600874596,
    16.381402579156));
#2662 = VECTOR('',#2663,1.);
#2663 = DIRECTION('',(-3.476685441099E-02,0.995592448763,
    -8.71030527588E-02));
#2664 = PCURVE('',#2059,#2665);
#2665 = DEFINITIONAL_REPRESENTATION('',(#2666),#2670);
#2666 = LINE('',#2667,#2668);
#2667 = CARTESIAN_POINT('',(3.424484246078,-36.38140257915));
#2668 = VECTOR('',#2669,1.);
#2669 = DIRECTION('',(-0.996199306464,8.71030527588E-02));
#2670 = ( GEOMETRIC_REPRESENTATION_CONTEXT(2) 
PARAMETRIC_REPRESENTATION_CONTEXT() REPRESENTATION_CONTEXT('2D SPACE',''
  ) );
#2671 = PCURVE('',#2087,#2672);
#2672 = DEFINITIONAL_REPRESENTATION('',(#2673),#2677);
#2673 = LINE('',#2674,#2675);
#2674 = CARTESIAN_POINT('',(7.09760942127,-14.75308917669));
#2675 = VECTOR('',#2676,1.);
#2676 = DIRECTION('',(0.999395450177,3.476685441099E-02));
#2677 = ( GEOMETRIC_REPRESENTATION_CONTEXT(2) 
PARAMETRIC_REPRESENTATION_CONTEXT() REPRESENTATION_CONTEXT('2D SPACE',''
  ) );
#2678 = ADVANCED_FACE('',(#2679),#2087,.T.);
#2679 = FACE_BOUND('',#2680,.T.);
#2680 = EDGE_LOOP('',(#2681,#2682,#2683,#2684));
#2681 = ORIENTED_EDGE('',*,*,#2382,.T.);
#2682 = ORIENTED_EDGE('',*,*,#2071,.T.);
#2683 = ORIENTED_EDGE('',*,*,#2658,.T.);
#2684 = ORIENTED_EDGE('',*,*,#2685,.F.);
#2685 = EDGE_CURVE('',#2383,#2636,#2686,.T.);
#2686 = SURFACE_CURVE('',#2687,(#2691,#2698),.PCURVE_S1.);
#2687 = LINE('',#2688,#2689);
#2688 = CARTESIAN_POINT('',(-2.307049486458E-14,4.,16.650045345896));
#2689 = VECTOR('',#2690,1.);
#2690 = DIRECTION('',(1.,-1.110223024625E-15,5.551115123126E-17));
#2691 = PCURVE('',#2087,#2692);
#2692 = DEFINITIONAL_REPRESENTATION('',(#2693),#2697);
#2693 = LINE('',#2694,#2695);
#2694 = CARTESIAN_POINT('',(4.015279350173,3.241891507152E-15));
#2695 = VECTOR('',#2696,1.);
#2696 = DIRECTION('',(-1.014074094121E-15,-1.));
#2697 = ( GEOMETRIC_REPRESENTATION_CONTEXT(2) 
PARAMETRIC_REPRESENTATION_CONTEXT() REPRESENTATION_CONTEXT('2D SPACE',''
  ) );
#2698 = PCURVE('',#2421,#2699);
#2699 = DEFINITIONAL_REPRESENTATION('',(#2700),#2704);
#2700 = LINE('',#2701,#2702);
#2701 = CARTESIAN_POINT('',(0.,0.));
#2702 = VECTOR('',#2703,1.);
#2703 = DIRECTION('',(1.054711873394E-15,-1.));
#2704 = ( GEOMETRIC_REPRESENTATION_CONTEXT(2) 
PARAMETRIC_REPRESENTATION_CONTEXT() REPRESENTATION_CONTEXT('2D SPACE',''
  ) );
#2705 = ADVANCED_FACE('',(#2706),#2144,.F.);
#2706 = FACE_BOUND('',#2707,.T.);
#2707 = EDGE_LOOP('',(#2708,#2709,#2732,#2759));
#2708 = ORIENTED_EDGE('',*,*,#2127,.T.);
#2709 = ORIENTED_EDGE('',*,*,#2710,.T.);
#2710 = EDGE_CURVE('',#2128,#2711,#2713,.T.);
#2711 = VERTEX_POINT('',#2712);
#2712 = CARTESIAN_POINT('',(9.5,2.,12.));
#2713 = SEAM_CURVE('',#2714,(#2718,#2725),.PCURVE_S1.);
#2714 = LINE('',#2715,#2716);
#2715 = CARTESIAN_POINT('',(11.5,-3.219646771413E-15,12.));
#2716 = VECTOR('',#2717,1.);
#2717 = DIRECTION('',(-0.707106781187,0.707106781187,-4.31775426138E-16)
  );
#2718 = PCURVE('',#2144,#2719);
#2719 = DEFINITIONAL_REPRESENTATION('',(#2720),#2724);
#2720 = LINE('',#2721,#2722);
#2721 = CARTESIAN_POINT('',(0.,-0.));
#2722 = VECTOR('',#2723,1.);
#2723 = DIRECTION('',(0.,-1.));
#2724 = ( GEOMETRIC_REPRESENTATION_CONTEXT(2) 
PARAMETRIC_REPRESENTATION_CONTEXT() REPRESENTATION_CONTEXT('2D SPACE',''
  ) );
#2725 = PCURVE('',#2144,#2726);
#2726 = DEFINITIONAL_REPRESENTATION('',(#2727),#2731);
#2727 = LINE('',#2728,#2729);
#2728 = CARTESIAN_POINT('',(6.28318530718,-0.));
#2729 = VECTOR('',#2730,1.);
#2730 = DIRECTION('',(0.,-1.));
#2731 = ( GEOMETRIC_REPRESENTATION_CONTEXT(2) 
PARAMETRIC_REPRESENTATION_CONTEXT() REPRESENTATION_CONTEXT('2D SPACE',''
  ) );
#2732 = ORIENTED_EDGE('',*,*,#2733,.F.);
#2733 = EDGE_CURVE('',#2711,#2711,#2734,.T.);
#2734 = SURFACE_CURVE('',#2735,(#2740,#2747),.PCURVE_S1.);
#2735 = CIRCLE('',#2736,2.);
#2736 = AXIS2_PLACEMENT_3D('',#2737,#2738,#2739);
#2737 = CARTESIAN_POINT('',(7.5,2.,12.));
#2738 = DIRECTION('',(-3.885780586188E-16,-1.,4.996003610813E-16));
#2739 = DIRECTION('',(1.,-3.885780586188E-16,1.110223024625E-16));
#2740 = PCURVE('',#2144,#2741);
#2741 = DEFINITIONAL_REPRESENTATION('',(#2742),#2746);
#2742 = LINE('',#2743,#2744);
#2743 = CARTESIAN_POINT('',(0.,-2.));
#2744 = VECTOR('',#2745,1.);
#2745 = DIRECTION('',(1.,-0.));
#2746 = ( GEOMETRIC_REPRESENTATION_CONTEXT(2) 
PARAMETRIC_REPRESENTATION_CONTEXT() REPRESENTATION_CONTEXT('2D SPACE',''
  ) );
#2747 = PCURVE('',#2748,#2753);
#2748 = CYLINDRICAL_SURFACE('',#2749,2.);
#2749 = AXIS2_PLACEMENT_3D('',#2750,#2751,#2752);
#2750 = CARTESIAN_POINT('',(7.5,2.,12.));
#2751 = DIRECTION('',(3.885780586188E-16,1.,-4.996003610813E-16));
#2752 = DIRECTION('',(1.,-3.885780586188E-16,1.110223024625E-16));
#2753 = DEFINITIONAL_REPRESENTATION('',(#2754),#2758);
#2754 = LINE('',#2755,#2756);
#2755 = CARTESIAN_POINT('',(-0.,0.));
#2756 = VECTOR('',#2757,1.);
#2757 = DIRECTION('',(-1.,0.));
#2758 = ( GEOMETRIC_REPRESENTATION_CONTEXT(2) 
PARAMETRIC_REPRESENTATION_CONTEXT() REPRESENTATION_CONTEXT('2D SPACE',''
  ) );
#2759 = ORIENTED_EDGE('',*,*,#2710,.F.);
#2760 = ADVANCED_FACE('',(#2761),#2175,.F.);
#2761 = FACE_BOUND('',#2762,.T.);
#2762 = EDGE_LOOP('',(#2763,#2764,#2787,#2814));
#2763 = ORIENTED_EDGE('',*,*,#2158,.T.);
#2764 = ORIENTED_EDGE('',*,*,#2765,.T.);
#2765 = EDGE_CURVE('',#2159,#2766,#2768,.T.);
#2766 = VERTEX_POINT('',#2767);
#2767 = CARTESIAN_POINT('',(9.5,2.,-12.));
#2768 = SEAM_CURVE('',#2769,(#2773,#2780),.PCURVE_S1.);
#2769 = LINE('',#2770,#2771);
#2770 = CARTESIAN_POINT('',(11.5,-9.880984919164E-15,-12.));
#2771 = VECTOR('',#2772,1.);
#2772 = DIRECTION('',(-0.707106781187,0.707106781187,-4.31775426138E-16)
  );
#2773 = PCURVE('',#2175,#2774);
#2774 = DEFINITIONAL_REPRESENTATION('',(#2775),#2779);
#2775 = LINE('',#2776,#2777);
#2776 = CARTESIAN_POINT('',(0.,-0.));
#2777 = VECTOR('',#2778,1.);
#2778 = DIRECTION('',(0.,-1.));
#2779 = ( GEOMETRIC_REPRESENTATION_CONTEXT(2) 
PARAMETRIC_REPRESENTATION_CONTEXT() REPRESENTATION_CONTEXT('2D SPACE',''
  ) );
#2780 = PCURVE('',#2175,#2781);
#2781 = DEFINITIONAL_REPRESENTATION('',(#2782),#2786);
#2782 = LINE('',#2783,#2784);
#2783 = CARTESIAN_POINT('',(6.28318530718,-0.));
#2784 = VECTOR('',#2785,1.);
#2785 = DIRECTION('',(0.,-1.));
#2786 = ( GEOMETRIC_REPRESENTATION_CONTEXT(2) 
PARAMETRIC_REPRESENTATION_CONTEXT() REPRESENTATION_CONTEXT('2D SPACE',''
  ) );
#2787 = ORIENTED_EDGE('',*,*,#2788,.F.);
#2788 = EDGE_CURVE('',#2766,#2766,#2789,.T.);
#2789 = SURFACE_CURVE('',#2790,(#2795,#2802),.PCURVE_S1.);
#2790 = CIRCLE('',#2791,2.);
#2791 = AXIS2_PLACEMENT_3D('',#2792,#2793,#2794);
#2792 = CARTESIAN_POINT('',(7.5,2.,-12.));
#2793 = DIRECTION('',(-3.885780586188E-16,-1.,4.996003610813E-16));
#2794 = DIRECTION('',(1.,-3.885780586188E-16,1.110223024625E-16));
#2795 = PCURVE('',#2175,#2796);
#2796 = DEFINITIONAL_REPRESENTATION('',(#2797),#2801);
#2797 = LINE('',#2798,#2799);
#2798 = CARTESIAN_POINT('',(0.,-2.));
#2799 = VECTOR('',#2800,1.);
#2800 = DIRECTION('',(1.,-0.));
#2801 = ( GEOMETRIC_REPRESENTATION_CONTEXT(2) 
PARAMETRIC_REPRESENTATION_CONTEXT() REPRESENTATION_CONTEXT('2D SPACE',''
  ) );
#2802 = PCURVE('',#2803,#2808);
#2803 = CYLINDRICAL_SURFACE('',#2804,2.);
#2804 = AXIS2_PLACEMENT_3D('',#2805,#2806,#2807);
#2805 = CARTESIAN_POINT('',(7.5,2.,-12.));
#2806 = DIRECTION('',(3.885780586188E-16,1.,-4.996003610813E-16));
#2807 = DIRECTION('',(1.,-3.885780586188E-16,1.110223024625E-16));
#2808 = DEFINITIONAL_REPRESENTATION('',(#2809),#2813);
#2809 = LINE('',#2810,#2811);
#2810 = CARTESIAN_POINT('',(-0.,0.));
#2811 = VECTOR('',#2812,1.);
#2812 = DIRECTION('',(-1.,0.));
#2813 = ( GEOMETRIC_REPRESENTATION_CONTEXT(2) 
PARAMETRIC_REPRESENTATION_CONTEXT() REPRESENTATION_CONTEXT('2D SPACE',''
  ) );
#2814 = ORIENTED_EDGE('',*,*,#2765,.F.);
#2815 = ADVANCED_FACE('',(#2816),#2207,.F.);
#2816 = FACE_BOUND('',#2817,.F.);
#2817 = EDGE_LOOP('',(#2818,#2840,#3008,#3028,#3196,#3216));
#2818 = ORIENTED_EDGE('',*,*,#2819,.T.);
#2819 = EDGE_CURVE('',#2192,#2820,#2822,.T.);
#2820 = VERTEX_POINT('',#2821);
#2821 = CARTESIAN_POINT('',(5.180697433857,5.174497483513,5.319302566143
    ));
#2822 = SURFACE_CURVE('',#2823,(#2826,#2833),.PCURVE_S1.);
#2823 = B_SPLINE_CURVE_WITH_KNOTS('',1,(#2824,#2825),.UNSPECIFIED.,.F.,
  .F.,(2,2),(0.,1.),.PIECEWISE_BEZIER_KNOTS.);
#2824 = CARTESIAN_POINT('',(5.,1.221245327088E-15,5.5));
#2825 = CARTESIAN_POINT('',(5.349207694917,10.,5.150792305083));
#2826 = PCURVE('',#2207,#2827);
#2827 = DEFINITIONAL_REPRESENTATION('',(#2828),#2832);
#2828 = LINE('',#2829,#2830);
#2829 = CARTESIAN_POINT('',(11.,0.));
#2830 = VECTOR('',#2831,1.);
#2831 = DIRECTION('',(0.,1.));
#2832 = ( GEOMETRIC_REPRESENTATION_CONTEXT(2) 
PARAMETRIC_REPRESENTATION_CONTEXT() REPRESENTATION_CONTEXT('2D SPACE',''
  ) );
#2833 = PCURVE('',#2235,#2834);
#2834 = DEFINITIONAL_REPRESENTATION('',(#2835),#2839);
#2835 = LINE('',#2836,#2837);
#2836 = CARTESIAN_POINT('',(0.,0.));
#2837 = VECTOR('',#2838,1.);
#2838 = DIRECTION('',(0.,1.));
#2839 = ( GEOMETRIC_REPRESENTATION_CONTEXT(2) 
PARAMETRIC_REPRESENTATION_CONTEXT() REPRESENTATION_CONTEXT('2D SPACE',''
  ) );
#2840 = ORIENTED_EDGE('',*,*,#2841,.T.);
#2841 = EDGE_CURVE('',#2820,#2842,#2844,.T.);
#2842 = VERTEX_POINT('',#2843);
#2843 = CARTESIAN_POINT('',(5.314286925426,9.,3.322348479465));
#2844 = SURFACE_CURVE('',#2845,(#2892,#2942),.PCURVE_S1.);
#2845 = B_SPLINE_CURVE_WITH_KNOTS('',5,(#2846,#2847,#2848,#2849,#2850,
    #2851,#2852,#2853,#2854,#2855,#2856,#2857,#2858,#2859,#2860,#2861,
    #2862,#2863,#2864,#2865,#2866,#2867,#2868,#2869,#2870,#2871,#2872,
    #2873,#2874,#2875,#2876,#2877,#2878,#2879,#2880,#2881,#2882,#2883,
    #2884,#2885,#2886,#2887,#2888,#2889,#2890,#2891),.UNSPECIFIED.,.F.,
  .F.,(6,4,4,4,4,4,4,4,4,4,4,6),(0.,6.092725357432E-02,0.158096061294,
    0.26344799462,0.389141050056,0.467927482587,0.547348677386,
    0.662181957385,0.771890017478,0.878999610103,0.985453418975,1.),
  .UNSPECIFIED.);
#2846 = CARTESIAN_POINT('',(5.180697433857,5.174497483513,5.319302566143
    ));
#2847 = CARTESIAN_POINT('',(5.184435947543,5.281554508328,5.315564050646
    ));
#2848 = CARTESIAN_POINT('',(5.188183385492,5.388867090574,5.308946182609
    ));
#2849 = CARTESIAN_POINT('',(5.19193266594,5.496232435119,5.29941746163)
  );
#2850 = CARTESIAN_POINT('',(5.195676605578,5.603444838867,5.286973953968
    ));
#2851 = CARTESIAN_POINT('',(5.205358743001,5.880704978444,5.247183065157
    ));
#2852 = CARTESIAN_POINT('',(5.211277827355,6.050205377199,5.215371943956
    ));
#2853 = CARTESIAN_POINT('',(5.217135255729,6.217940179693,5.176304025719
    ));
#2854 = CARTESIAN_POINT('',(5.222904413434,6.383147240973,5.130250891973
    ));
#2855 = CARTESIAN_POINT('',(5.234696663965,6.720833113952,5.020523593958
    ));
#2856 = CARTESIAN_POINT('',(5.240700676584,6.892765540015,4.955687711413
    ));
#2857 = CARTESIAN_POINT('',(5.246545536173,7.060140419631,4.88359002204)
  );
#2858 = CARTESIAN_POINT('',(5.25221102326,7.222378742826,4.804845056692)
  );
#2859 = CARTESIAN_POINT('',(5.264212135292,7.566045626645,4.61892780558)
  );
#2860 = CARTESIAN_POINT('',(5.270466015585,7.745133326703,4.509201037931
    ));
#2861 = CARTESIAN_POINT('',(5.276422519283,7.915705275282,4.391927818547
    ));
#2862 = CARTESIAN_POINT('',(5.282072541905,8.077500754159,4.268124888678
    ));
#2863 = CARTESIAN_POINT('',(5.290762265042,8.326341866862,4.057482921907
    ));
#2864 = CARTESIAN_POINT('',(5.293989216742,8.418749673064,3.974091868312
    ));
#2865 = CARTESIAN_POINT('',(5.297094473895,8.50767260341,3.888681139623)
  );
#2866 = CARTESIAN_POINT('',(5.300078466859,8.593122981717,3.801442430005
    ));
#2867 = CARTESIAN_POINT('',(5.305828949749,8.757795266248,3.622930077815
    ));
#2868 = CARTESIAN_POINT('',(5.308593459176,8.836960458422,3.531630322964
    ));
#2869 = CARTESIAN_POINT('',(5.311236748463,8.912654359948,3.438818077809
    ));
#2870 = CARTESIAN_POINT('',(5.313760166844,8.984915607844,3.344647463737
    ));
#2871 = CARTESIAN_POINT('',(5.319642985331,9.153377488038,3.111326171082
    ));
#2872 = CARTESIAN_POINT('',(5.322873374605,9.24588373349,2.970844118127)
  );
#2873 = CARTESIAN_POINT('',(5.325861481612,9.331451922576,2.828213622696
    ));
#2874 = CARTESIAN_POINT('',(5.328612543205,9.410232019151,2.683779880401
    ));
#2875 = CARTESIAN_POINT('',(5.333538313648,9.551287629169,2.398395814391
    ));
#2876 = CARTESIAN_POINT('',(5.335733221426,9.614141564245,2.257580329369
    ));
#2877 = CARTESIAN_POINT('',(5.33772078535,9.671057948175,2.115636918397)
  );
#2878 = CARTESIAN_POINT('',(5.339505034508,9.722152158987,1.972787109502
    ));
#2879 = CARTESIAN_POINT('',(5.342636606876,9.811828658512,1.689064453404
    ));
#2880 = CARTESIAN_POINT('',(5.34399326059,9.850678137885,1.548226469929)
  );
#2881 = CARTESIAN_POINT('',(5.34516290619,9.884172405519,1.406893568747)
  );
#2882 = CARTESIAN_POINT('',(5.34614842351,9.912393929115,1.265233301068)
  );
#2883 = CARTESIAN_POINT('',(5.347751269576,9.958293435048,0.982439460064
    ));
#2884 = CARTESIAN_POINT('',(5.348370809275,9.976034730767,0.841309064999
    ));
#2885 = CARTESIAN_POINT('',(5.348813374166,9.98870813108,0.70016498322)
  );
#2886 = CARTESIAN_POINT('',(5.349080995336,9.996371798682,0.559157619937
    ));
#2887 = CARTESIAN_POINT('',(5.349188356784,9.999446228303,0.399207426309
    ));
#2888 = CARTESIAN_POINT('',(5.349198030258,9.999723240353,0.37998368202)
  );
#2889 = CARTESIAN_POINT('',(5.349204474819,9.999907788457,0.360765677201
    ));
#2890 = CARTESIAN_POINT('',(5.349207694917,10.,0.341553797861));
#2891 = CARTESIAN_POINT('',(5.349207694917,10.,0.322348431047));
#2892 = PCURVE('',#2207,#2893);
#2893 = DEFINITIONAL_REPRESENTATION('',(#2894),#2941);
#2894 = B_SPLINE_CURVE_WITH_KNOTS('',5,(#2895,#2896,#2897,#2898,#2899,
    #2900,#2901,#2902,#2903,#2904,#2905,#2906,#2907,#2908,#2909,#2910,
    #2911,#2912,#2913,#2914,#2915,#2916,#2917,#2918,#2919,#2920,#2921,
    #2922,#2923,#2924,#2925,#2926,#2927,#2928,#2929,#2930,#2931,#2932,
    #2933,#2934,#2935,#2936,#2937,#2938,#2939,#2940),.UNSPECIFIED.,.F.,
  .F.,(6,4,4,4,4,4,4,4,4,4,4,6),(0.,6.092725357432E-02,0.158096061294,
    0.26344799462,0.389141050056,0.467927482587,0.547348677386,
    0.662181957385,0.771890017478,0.878999610103,0.985453418975,1.),
  .UNSPECIFIED.);
#2895 = CARTESIAN_POINT('',(11.,0.51744975679));
#2896 = CARTESIAN_POINT('',(10.999999998128,0.528155459272));
#2897 = CARTESIAN_POINT('',(10.997032104477,0.538886706118));
#2898 = CARTESIAN_POINT('',(10.991045815699,0.549623237197));
#2899 = CARTESIAN_POINT('',(10.982019022601,0.560344483887));
#2900 = CARTESIAN_POINT('',(10.950722706871,0.588070497844));
#2901 = CARTESIAN_POINT('',(10.923769094838,0.60502053772));
#2902 = CARTESIAN_POINT('',(10.889125235635,0.621794017969));
#2903 = CARTESIAN_POINT('',(10.84700538511,0.638314724097));
#2904 = CARTESIAN_POINT('',(10.744371600432,0.672083311395));
#2905 = CARTESIAN_POINT('',(10.682603225553,0.689276554002));
#2906 = CARTESIAN_POINT('',(10.61290058003,0.706014041963));
#2907 = CARTESIAN_POINT('',(10.535855358066,0.722237874283));
#2908 = CARTESIAN_POINT('',(10.352136130182,0.756604562665));
#2909 = CARTESIAN_POINT('',(10.242612283525,0.77451333267));
#2910 = CARTESIAN_POINT('',(10.124545364165,0.791570527528));
#2911 = CARTESIAN_POINT('',(9.998987948571,0.807750075416));
#2912 = CARTESIAN_POINT('',(9.784011315726,0.832634186686));
#2913 = CARTESIAN_POINT('',(9.698592572189,0.841874967306));
#2914 = CARTESIAN_POINT('',(9.610809153798,0.850767260341));
#2915 = CARTESIAN_POINT('',(9.520867709152,0.859312298172));
#2916 = CARTESIAN_POINT('',(9.336297016665,0.875779526625));
#2917 = CARTESIAN_POINT('',(9.241636547948,0.883696045842));
#2918 = CARTESIAN_POINT('',(9.14516057111,0.891265435995));
#2919 = CARTESIAN_POINT('',(9.04704009642,0.898491560784));
#2920 = CARTESIAN_POINT('',(8.803400666054,0.915337748804));
#2921 = CARTESIAN_POINT('',(8.656257283033,0.924588373349));
#2922 = CARTESIAN_POINT('',(8.506455664067,0.933145192258));
#2923 = CARTESIAN_POINT('',(8.354393983024,0.941023201915));
#2924 = CARTESIAN_POINT('',(8.05330085188,0.955128762917));
#2925 = CARTESIAN_POINT('',(7.904439807791,0.961414156424));
#2926 = CARTESIAN_POINT('',(7.754125086755,0.967105794818));
#2927 = CARTESIAN_POINT('',(7.602622083051,0.972215215899));
#2928 = CARTESIAN_POINT('',(7.30132444611,0.981182865851));
#2929 = CARTESIAN_POINT('',(7.15157599001,0.985067813788));
#2930 = CARTESIAN_POINT('',(7.001143724481,0.988417240552));
#2931 = CARTESIAN_POINT('',(6.850233819232,0.991239392911));
#2932 = CARTESIAN_POINT('',(6.548772559584,0.995829343505));
#2933 = CARTESIAN_POINT('',(6.398225832555,0.997603473077));
#2934 = CARTESIAN_POINT('',(6.24759101483,0.998870813108));
#2935 = CARTESIAN_POINT('',(6.097054836018,0.999637179868));
#2936 = CARTESIAN_POINT('',(5.926270898993,0.99994462283));
#2937 = CARTESIAN_POINT('',(5.905744683526,0.999972324035));
#2938 = CARTESIAN_POINT('',(5.88522425259,0.999990778846));
#2939 = CARTESIAN_POINT('',(5.864710082984,1.));
#2940 = CARTESIAN_POINT('',(5.844202652046,1.));
#2941 = ( GEOMETRIC_REPRESENTATION_CONTEXT(2) 
PARAMETRIC_REPRESENTATION_CONTEXT() REPRESENTATION_CONTEXT('2D SPACE',''
  ) );
#2942 = PCURVE('',#2943,#2959);
#2943 = ( BOUNDED_SURFACE() B_SPLINE_SURFACE(2,2,(
    (#2944,#2945,#2946,#2947,#2948)
    ,(#2949,#2950,#2951,#2952,#2953)
    ,(#2954,#2955,#2956,#2957,#2958
)),.UNSPECIFIED.,.F.,.F.,.F.) B_SPLINE_SURFACE_WITH_KNOTS((3,3),(3,1,1,3
    ),(0.,4.638605132285),(-0.431767239202,-0.16851026106,4.470094871225
,4.733351849367),.UNSPECIFIED.) GEOMETRIC_REPRESENTATION_ITEM() 
RATIONAL_B_SPLINE_SURFACE((
    (1.,1.,1.,1.,1.)
    ,(0.719339800339,0.719339800339,0.719339800339,0.719339800339
      ,0.719339800339)
,(1.,1.,1.,1.,1.))) REPRESENTATION_ITEM('') SURFACE() );
#2944 = CARTESIAN_POINT('',(4.917440455715,5.174497483513,5.319302566143
    ));
#2945 = CARTESIAN_POINT('',(5.049068944786,5.174497483513,5.319302566143
    ));
#2946 = CARTESIAN_POINT('',(7.5,5.174497483513,5.319302566143));
#2947 = CARTESIAN_POINT('',(9.950931055214,5.174497483513,5.319302566143
    ));
#2948 = CARTESIAN_POINT('',(10.082559544285,5.174497483513,
    5.319302566143));
#2949 = CARTESIAN_POINT('',(4.917440455715,10.,5.150792305083));
#2950 = CARTESIAN_POINT('',(5.049068944786,10.,5.150792305083));
#2951 = CARTESIAN_POINT('',(7.5,10.,5.150792305083));
#2952 = CARTESIAN_POINT('',(9.950931055214,10.,5.150792305083));
#2953 = CARTESIAN_POINT('',(10.082559544285,10.,5.150792305083));
#2954 = CARTESIAN_POINT('',(4.917440455715,10.,0.322348431047));
#2955 = CARTESIAN_POINT('',(5.049068944786,10.,0.322348431047));
#2956 = CARTESIAN_POINT('',(7.5,10.,0.322348431047));
#2957 = CARTESIAN_POINT('',(9.950931055214,10.,0.322348431047));
#2958 = CARTESIAN_POINT('',(10.082559544285,10.,0.322348431047));
#2959 = DEFINITIONAL_REPRESENTATION('',(#2960),#3007);
#2960 = B_SPLINE_CURVE_WITH_KNOTS('',5,(#2961,#2962,#2963,#2964,#2965,
    #2966,#2967,#2968,#2969,#2970,#2971,#2972,#2973,#2974,#2975,#2976,
    #2977,#2978,#2979,#2980,#2981,#2982,#2983,#2984,#2985,#2986,#2987,
    #2988,#2989,#2990,#2991,#2992,#2993,#2994,#2995,#2996,#2997,#2998,
    #2999,#3000,#3001,#3002,#3003,#3004,#3005,#3006),.UNSPECIFIED.,.F.,
  .F.,(6,4,4,4,4,4,4,4,4,4,4,6),(0.,6.092725357432E-02,0.158096061294,
    0.26344799462,0.389141050056,0.467927482587,0.547348677386,
    0.662181957385,0.771890017478,0.878999610103,0.985453418975,1.),
  .UNSPECIFIED.);
#2961 = CARTESIAN_POINT('',(0.,-0.16851026106));
#2962 = CARTESIAN_POINT('',(7.153127056468E-02,-0.164771747374));
#2963 = CARTESIAN_POINT('',(0.142525921876,-0.161024309426));
#2964 = CARTESIAN_POINT('',(0.212959605356,-0.157275028978));
#2965 = CARTESIAN_POINT('',(0.282809126027,-0.15353108934));
#2966 = CARTESIAN_POINT('',(0.462483983584,-0.143848951916));
#2967 = CARTESIAN_POINT('',(0.571379702812,-0.137929867563));
#2968 = CARTESIAN_POINT('',(0.678639306179,-0.132072439189));
#2969 = CARTESIAN_POINT('',(0.784221114588,-0.126303281484));
#2970 = CARTESIAN_POINT('',(1.000715557925,-0.114511030953));
#2971 = CARTESIAN_POINT('',(1.111336513724,-0.108507018334));
#2972 = CARTESIAN_POINT('',(1.219930450584,-0.102662158744));
#2973 = CARTESIAN_POINT('',(1.32655000563,-9.699667165724E-02));
#2974 = CARTESIAN_POINT('',(1.55621690316,-8.499555962545E-02));
#2975 = CARTESIAN_POINT('',(1.678462851778,-7.874167933291E-02));
#2976 = CARTESIAN_POINT('',(1.79816934298,-7.278517563484E-02));
#2977 = CARTESIAN_POINT('',(1.915562088353,-6.713515301215E-02));
#2978 = CARTESIAN_POINT('',(2.10318801959,-5.844542987541E-02));
#2979 = CARTESIAN_POINT('',(2.174671146717,-5.521847817579E-02));
#2980 = CARTESIAN_POINT('',(2.245407814151,-5.211322102262E-02));
#2981 = CARTESIAN_POINT('',(2.31546202606,-4.91292280588E-02));
#2982 = CARTESIAN_POINT('',(2.454896535669,-4.3378745169E-02));
#2983 = CARTESIAN_POINT('',(2.524266381397,-4.061423574134E-02));
#2984 = CARTESIAN_POINT('',(2.593076112249,-3.797094645419E-02));
#2985 = CARTESIAN_POINT('',(2.661391822424,-3.544752807325E-02));
#2986 = CARTESIAN_POINT('',(2.827434741179,-2.956470958683E-02));
#2987 = CARTESIAN_POINT('',(2.92469270524,-2.633432031285E-02));
#2988 = CARTESIAN_POINT('',(3.021252810485,-2.334621330596E-02));
#2989 = CARTESIAN_POINT('',(3.117300241173,-2.059515171293E-02));
#2990 = CARTESIAN_POINT('',(3.30447230881,-1.566938126997E-02));
#2991 = CARTESIAN_POINT('',(3.395623630488,-1.347447349153E-02));
#2992 = CARTESIAN_POINT('',(3.486638782412,-1.148690956801E-02));
#2993 = CARTESIAN_POINT('',(3.577671295138,-9.702660409884E-03));
#2994 = CARTESIAN_POINT('',(3.757924382357,-6.571088041154E-03));
#2995 = CARTESIAN_POINT('',(3.847135815495,-5.214434327101E-03));
#2996 = CARTESIAN_POINT('',(3.936657661482,-4.044788727746E-03));
#2997 = CARTESIAN_POINT('',(4.026631880163,-3.059271407561E-03));
#2998 = CARTESIAN_POINT('',(4.207225848268,-1.456425341081E-03));
#2999 = CARTESIAN_POINT('',(4.297837572905,-8.368856427998E-04));
#3000 = CARTESIAN_POINT('',(4.389186020106,-3.943207517813E-04));
#3001 = CARTESIAN_POINT('',(4.481416839499,-1.266995820008E-04));
#3002 = CARTESIAN_POINT('',(4.587428927515,-1.933813386154E-05));
#3003 = CARTESIAN_POINT('',(4.600192974636,-9.664659924408E-06));
#3004 = CARTESIAN_POINT('',(4.61297676191,-3.22009812867E-06));
#3005 = CARTESIAN_POINT('',(4.625780682619,-9.12880881998E-14));
#3006 = CARTESIAN_POINT('',(4.638605132285,-9.12880881998E-14));
#3007 = ( GEOMETRIC_REPRESENTATION_CONTEXT(2) 
PARAMETRIC_REPRESENTATION_CONTEXT() REPRESENTATION_CONTEXT('2D SPACE',''
  ) );
#3008 = ORIENTED_EDGE('',*,*,#3009,.T.);
#3009 = EDGE_CURVE('',#2842,#3010,#3012,.T.);
#3010 = VERTEX_POINT('',#3011);
#3011 = CARTESIAN_POINT('',(5.314286925426,9.,-3.322348477774));
#3012 = SURFACE_CURVE('',#3013,(#3016,#3022),.PCURVE_S1.);
#3013 = B_SPLINE_CURVE_WITH_KNOTS('',1,(#3014,#3015),.UNSPECIFIED.,.F.,
  .F.,(2,2),(0.,1.),.PIECEWISE_BEZIER_KNOTS.);
#3014 = CARTESIAN_POINT('',(5.314286925426,9.,5.185713074574));
#3015 = CARTESIAN_POINT('',(5.314286925426,9.,-5.185713074574));
#3016 = PCURVE('',#2207,#3017);
#3017 = DEFINITIONAL_REPRESENTATION('',(#3018),#3021);
#3018 = B_SPLINE_CURVE_WITH_KNOTS('',1,(#3019,#3020),.UNSPECIFIED.,.F.,
  .F.,(2,2),(0.,1.),.PIECEWISE_BEZIER_KNOTS.);
#3019 = CARTESIAN_POINT('',(11.,0.9));
#3020 = CARTESIAN_POINT('',(0.,0.9));
#3021 = ( GEOMETRIC_REPRESENTATION_CONTEXT(2) 
PARAMETRIC_REPRESENTATION_CONTEXT() REPRESENTATION_CONTEXT('2D SPACE',''
  ) );
#3022 = PCURVE('',#2477,#3023);
#3023 = DEFINITIONAL_REPRESENTATION('',(#3024),#3027);
#3024 = B_SPLINE_CURVE_WITH_KNOTS('',1,(#3025,#3026),.UNSPECIFIED.,.F.,
  .F.,(2,2),(0.,1.),.PIECEWISE_BEZIER_KNOTS.);
#3025 = CARTESIAN_POINT('',(0.314286925426,-5.314286925426));
#3026 = CARTESIAN_POINT('',(10.685713074574,-5.314286925426));
#3027 = ( GEOMETRIC_REPRESENTATION_CONTEXT(2) 
PARAMETRIC_REPRESENTATION_CONTEXT() REPRESENTATION_CONTEXT('2D SPACE',''
  ) );
#3028 = ORIENTED_EDGE('',*,*,#3029,.F.);
#3029 = EDGE_CURVE('',#3030,#3010,#3032,.T.);
#3030 = VERTEX_POINT('',#3031);
#3031 = CARTESIAN_POINT('',(5.180697433857,5.174497483513,
    -5.319302566143));
#3032 = SURFACE_CURVE('',#3033,(#3080,#3130),.PCURVE_S1.);
#3033 = B_SPLINE_CURVE_WITH_KNOTS('',5,(#3034,#3035,#3036,#3037,#3038,
    #3039,#3040,#3041,#3042,#3043,#3044,#3045,#3046,#3047,#3048,#3049,
    #3050,#3051,#3052,#3053,#3054,#3055,#3056,#3057,#3058,#3059,#3060,
    #3061,#3062,#3063,#3064,#3065,#3066,#3067,#3068,#3069,#3070,#3071,
    #3072,#3073,#3074,#3075,#3076,#3077,#3078,#3079),.UNSPECIFIED.,.F.,
  .F.,(6,4,4,4,4,4,4,4,4,4,4,6),(0.,6.084112224289E-02,0.158005592387,
    0.263346099359,0.389014930396,0.468189748702,0.547190067761,
    0.662342488325,0.772045336022,0.879481406617,0.985605866868,1.),
  .UNSPECIFIED.);
#3034 = CARTESIAN_POINT('',(5.180697433857,5.174497483513,
    -5.319302566143));
#3035 = CARTESIAN_POINT('',(5.184430663466,5.281403192134,
    -5.315569336448));
#3036 = CARTESIAN_POINT('',(5.188172790645,5.388563693863,
    -5.308964886459));
#3037 = CARTESIAN_POINT('',(5.191916765512,5.495777106442,
    -5.299457852925));
#3038 = CARTESIAN_POINT('',(5.195655435552,5.602838608632,
    -5.287044280798));
#3039 = CARTESIAN_POINT('',(5.205332216755,5.879945366136,
    -5.247318559944));
#3040 = CARTESIAN_POINT('',(5.211251229005,6.049443700123,
    -5.215535006737));
#3041 = CARTESIAN_POINT('',(5.217108667256,6.217178785456,
    -5.176494731991));
#3042 = CARTESIAN_POINT('',(5.222877913572,6.382388384218,
    -5.130468996925));
#3043 = CARTESIAN_POINT('',(5.234670107307,6.720072630763,
    -5.020801440179));
#3044 = CARTESIAN_POINT('',(5.240674004046,6.892001738482,
    -4.955998805481));
#3045 = CARTESIAN_POINT('',(5.246518845807,7.059376107548,
    -4.883934393492));
#3046 = CARTESIAN_POINT('',(5.252184405238,7.221616502391,
    -4.805222425635));
#3047 = CARTESIAN_POINT('',(5.264185302838,7.565277245681,
    -4.619385040635));
#3048 = CARTESIAN_POINT('',(5.270438977393,7.744359054184,
    -4.509706383932));
#3049 = CARTESIAN_POINT('',(5.276395426628,7.914929443156,
    -4.392481478815));
#3050 = CARTESIAN_POINT('',(5.282045532555,8.076727307563,
    -4.268726680206));
#3051 = CARTESIAN_POINT('',(5.290752749138,8.326069367007,
    -4.057746718923));
#3052 = CARTESIAN_POINT('',(5.293995790093,8.418937909218,
    -3.973946868113));
#3053 = CARTESIAN_POINT('',(5.297115930858,8.508287050441,
    -3.888107466518));
#3054 = CARTESIAN_POINT('',(5.300113610247,8.594129356673,
    -3.800423031522));
#3055 = CARTESIAN_POINT('',(5.305859696428,8.758675735938,-3.62190301354
    ));
#3056 = CARTESIAN_POINT('',(5.30860860423,8.837394156005,-3.531075526083
    ));
#3057 = CARTESIAN_POINT('',(5.311237579976,8.912678171368,
    -3.438752201875));
#3058 = CARTESIAN_POINT('',(5.313747952109,8.98456582359,-3.345084699552
    ));
#3059 = CARTESIAN_POINT('',(5.319629998713,9.153005599976,-3.1119094869)
  );
#3060 = CARTESIAN_POINT('',(5.322870025856,9.245787837881,
    -2.971042359574));
#3061 = CARTESIAN_POINT('',(5.325866414632,9.33159318579,-2.828014441135
    ));
#3062 = CARTESIAN_POINT('',(5.328624446204,9.410572876468,-2.68317381166
    ));
#3063 = CARTESIAN_POINT('',(5.333554563306,9.551752958517,
    -2.397374187825));
#3064 = CARTESIAN_POINT('',(5.335748156823,9.614569258069,
    -2.256558496859));
#3065 = CARTESIAN_POINT('',(5.337734444355,9.671449090911,
    -2.114615985987));
#3066 = CARTESIAN_POINT('',(5.339517453194,9.72250778363,-1.971768068625
    ));
#3067 = CARTESIAN_POINT('',(5.342651427394,9.81225306261,-1.68761704964)
  );
#3068 = CARTESIAN_POINT('',(5.344010541354,9.851172994209,-1.54634458229
    ));
#3069 = CARTESIAN_POINT('',(5.345181529142,9.884705697081,
    -1.404575477634));
#3070 = CARTESIAN_POINT('',(5.346167294195,9.912934314834,
    -1.262478744748));
#3071 = CARTESIAN_POINT('',(5.347763603163,9.958646622766,
    -0.979682635827));
#3072 = CARTESIAN_POINT('',(5.348378574658,9.976257102241,
    -0.838988465307));
#3073 = CARTESIAN_POINT('',(5.348817686493,9.988831619965,
    -0.698282258281));
#3074 = CARTESIAN_POINT('',(5.349082949181,9.99642774949,-0.55771301874)
  );
#3075 = CARTESIAN_POINT('',(5.349188760167,9.999457779694,
    -0.398401572318));
#3076 = CARTESIAN_POINT('',(5.349198231812,9.999729012111,
    -0.379379471126));
#3077 = CARTESIAN_POINT('',(5.349204541959,9.99990971108,-0.360362997683
    ));
#3078 = CARTESIAN_POINT('',(5.349207694917,10.,-0.341352525997));
#3079 = CARTESIAN_POINT('',(5.349207694917,10.,-0.322348431047));
#3080 = PCURVE('',#2207,#3081);
#3081 = DEFINITIONAL_REPRESENTATION('',(#3082),#3129);
#3082 = B_SPLINE_CURVE_WITH_KNOTS('',5,(#3083,#3084,#3085,#3086,#3087,
    #3088,#3089,#3090,#3091,#3092,#3093,#3094,#3095,#3096,#3097,#3098,
    #3099,#3100,#3101,#3102,#3103,#3104,#3105,#3106,#3107,#3108,#3109,
    #3110,#3111,#3112,#3113,#3114,#3115,#3116,#3117,#3118,#3119,#3120,
    #3121,#3122,#3123,#3124,#3125,#3126,#3127,#3128),.UNSPECIFIED.,.F.,
  .F.,(6,4,4,4,4,4,4,4,4,4,4,6),(0.,6.084112224289E-02,0.158005592387,
    0.263346099359,0.389014930396,0.468189748702,0.547190067761,
    0.662342488325,0.772045336022,0.879481406617,0.985605866868,1.),
  .UNSPECIFIED.);
#3083 = CARTESIAN_POINT('',(1.704678295084E-11,0.517449748757));
#3084 = CARTESIAN_POINT('',(1.068681238405E-10,0.528140319619));
#3085 = CARTESIAN_POINT('',(2.959511370608E-03,0.538856369245));
#3086 = CARTESIAN_POINT('',(8.928816978945E-03,0.549577710341));
#3087 = CARTESIAN_POINT('',(1.792997148472E-02,0.560283860863));
#3088 = CARTESIAN_POINT('',(4.916388407648E-02,0.587994536614));
#3089 = CARTESIAN_POINT('',(7.60886557578E-02,0.604944370012));
#3090 = CARTESIAN_POINT('',(0.110703391398,0.621717878546));
#3091 = CARTESIAN_POINT('',(0.152794178435,0.638238838422));
#3092 = CARTESIAN_POINT('',(0.25536466346,0.672007263076));
#3093 = CARTESIAN_POINT('',(0.317097789851,0.689200173848));
#3094 = CARTESIAN_POINT('',(0.386764922401,0.705937610755));
#3095 = CARTESIAN_POINT('',(0.463774715577,0.722161650239));
#3096 = CARTESIAN_POINT('',(0.647408499841,0.756527724568));
#3097 = CARTESIAN_POINT('',(0.756880854972,0.774435905418));
#3098 = CARTESIAN_POINT('',(0.874895750361,0.791492944316));
#3099 = CARTESIAN_POINT('',(1.000401067,0.807672730756));
#3100 = CARTESIAN_POINT('',(1.21571746136,0.832606936701));
#3101 = CARTESIAN_POINT('',(1.30155452892,0.841893790922));
#3102 = CARTESIAN_POINT('',(1.389779563075,0.850828705044));
#3103 = CARTESIAN_POINT('',(1.480182863033,0.859412935667));
#3104 = CARTESIAN_POINT('',(1.664768376183,0.875867573594));
#3105 = CARTESIAN_POINT('',(1.75894112,0.883739415601));
#3106 = CARTESIAN_POINT('',(1.854909437325,0.891267817137));
#3107 = CARTESIAN_POINT('',(1.952505046591,0.898456582359));
#3108 = CARTESIAN_POINT('',(2.195987743965,0.915300559998));
#3109 = CARTESIAN_POINT('',(2.343533383349,0.924578783788));
#3110 = CARTESIAN_POINT('',(2.493752519127,0.933159318579));
#3111 = CARTESIAN_POINT('',(2.646243645557,0.941057287647));
#3112 = CARTESIAN_POINT('',(2.947778738952,0.955175295852));
#3113 = CARTESIAN_POINT('',(3.096641560029,0.961456925807));
#3114 = CARTESIAN_POINT('',(3.24695672983,0.967144909091));
#3115 = CARTESIAN_POINT('',(3.398458978614,0.972250778363));
#3116 = CARTESIAN_POINT('',(3.700213703841,0.981225306261));
#3117 = CARTESIAN_POINT('',(3.850425656301,0.985117299421));
#3118 = CARTESIAN_POINT('',(4.001324000564,0.988470569708));
#3119 = CARTESIAN_POINT('',(4.152700760085,0.991293431483));
#3120 = CARTESIAN_POINT('',(4.454168070422,0.995864662277));
#3121 = CARTESIAN_POINT('',(4.60425060317,0.997625710224));
#3122 = CARTESIAN_POINT('',(4.754418737942,0.998883161996));
#3123 = CARTESIAN_POINT('',(4.90448748662,0.999642774949));
#3124 = CARTESIAN_POINT('',(5.074589554447,0.999945777969));
#3125 = CARTESIAN_POINT('',(5.094900475443,0.999972901211));
#3126 = CARTESIAN_POINT('',(5.115205722823,0.999990971108));
#3127 = CARTESIAN_POINT('',(5.135504834593,1.));
#3128 = CARTESIAN_POINT('',(5.155797348062,1.));
#3129 = ( GEOMETRIC_REPRESENTATION_CONTEXT(2) 
PARAMETRIC_REPRESENTATION_CONTEXT() REPRESENTATION_CONTEXT('2D SPACE',''
  ) );
#3130 = PCURVE('',#3131,#3147);
#3131 = ( BOUNDED_SURFACE() B_SPLINE_SURFACE(2,2,(
    (#3132,#3133,#3134,#3135,#3136)
    ,(#3137,#3138,#3139,#3140,#3141)
    ,(#3142,#3143,#3144,#3145,#3146
)),.UNSPECIFIED.,.F.,.F.,.F.) B_SPLINE_SURFACE_WITH_KNOTS((3,3),(3,1,1,3
    ),(0.,4.638605132285),(-0.431767239202,-0.16851026106,4.470094871225
,4.733351849367),.UNSPECIFIED.) GEOMETRIC_REPRESENTATION_ITEM() 
RATIONAL_B_SPLINE_SURFACE((
    (1.,1.,1.,1.,1.)
    ,(0.719339800339,0.719339800339,0.719339800339,0.719339800339
      ,0.719339800339)
,(1.,1.,1.,1.,1.))) REPRESENTATION_ITEM('') SURFACE() );
#3132 = CARTESIAN_POINT('',(10.082559544285,5.174497483513,
    -5.319302566143));
#3133 = CARTESIAN_POINT('',(9.950931055214,5.174497483513,
    -5.319302566143));
#3134 = CARTESIAN_POINT('',(7.5,5.174497483513,-5.319302566143));
#3135 = CARTESIAN_POINT('',(5.049068944786,5.174497483513,
    -5.319302566143));
#3136 = CARTESIAN_POINT('',(4.917440455715,5.174497483513,
    -5.319302566143));
#3137 = CARTESIAN_POINT('',(10.082559544285,10.,-5.150792305083));
#3138 = CARTESIAN_POINT('',(9.950931055214,10.,-5.150792305083));
#3139 = CARTESIAN_POINT('',(7.5,10.,-5.150792305083));
#3140 = CARTESIAN_POINT('',(5.049068944786,10.,-5.150792305083));
#3141 = CARTESIAN_POINT('',(4.917440455715,10.,-5.150792305083));
#3142 = CARTESIAN_POINT('',(10.082559544285,10.,-0.322348431047));
#3143 = CARTESIAN_POINT('',(9.950931055214,10.,-0.322348431047));
#3144 = CARTESIAN_POINT('',(7.5,10.,-0.322348431047));
#3145 = CARTESIAN_POINT('',(5.049068944786,10.,-0.322348431047));
#3146 = CARTESIAN_POINT('',(4.917440455715,10.,-0.322348431047));
#3147 = DEFINITIONAL_REPRESENTATION('',(#3148),#3195);
#3148 = B_SPLINE_CURVE_WITH_KNOTS('',5,(#3149,#3150,#3151,#3152,#3153,
    #3154,#3155,#3156,#3157,#3158,#3159,#3160,#3161,#3162,#3163,#3164,
    #3165,#3166,#3167,#3168,#3169,#3170,#3171,#3172,#3173,#3174,#3175,
    #3176,#3177,#3178,#3179,#3180,#3181,#3182,#3183,#3184,#3185,#3186,
    #3187,#3188,#3189,#3190,#3191,#3192,#3193,#3194),.UNSPECIFIED.,.F.,
  .F.,(6,4,4,4,4,4,4,4,4,4,4,6),(0.,6.084112224289E-02,0.158005592387,
    0.263346099359,0.389014930396,0.468189748702,0.547190067761,
    0.662342488325,0.772045336022,0.879481406617,0.985605866868,1.),
  .UNSPECIFIED.);
#3149 = CARTESIAN_POINT('',(0.,4.470094871225));
#3150 = CARTESIAN_POINT('',(7.143016749134E-02,4.466361641617));
#3151 = CARTESIAN_POINT('',(0.142325203885,4.462619514438));
#3152 = CARTESIAN_POINT('',(0.212660897624,4.45887553957));
#3153 = CARTESIAN_POINT('',(0.282414155909,4.455136869531));
#3154 = CARTESIAN_POINT('',(0.461995077704,4.445460088328));
#3155 = CARTESIAN_POINT('',(0.570891694688,4.439541076077));
#3156 = CARTESIAN_POINT('',(0.678152531609,4.433683637827));
#3157 = CARTESIAN_POINT('',(0.783735849134,4.42791439151));
#3158 = CARTESIAN_POINT('',(1.000226657543,4.416122197776));
#3159 = CARTESIAN_POINT('',(1.110842763521,4.410118301036));
#3160 = CARTESIAN_POINT('',(1.219432235117,4.404273459275));
#3161 = CARTESIAN_POINT('',(1.326047597883,4.398607899845));
#3162 = CARTESIAN_POINT('',(1.555695110949,4.386607002245));
#3163 = CARTESIAN_POINT('',(1.677926396872,4.38035332769));
#3164 = CARTESIAN_POINT('',(1.797618663543,4.374396878455));
#3165 = CARTESIAN_POINT('',(1.914997417641,4.368746772527));
#3166 = CARTESIAN_POINT('',(2.102970970454,4.360039555945));
#3167 = CARTESIAN_POINT('',(2.174807371829,4.356796514989));
#3168 = CARTESIAN_POINT('',(2.245889943612,4.353676374224));
#3169 = CARTESIAN_POINT('',(2.316283639357,4.350678694836));
#3170 = CARTESIAN_POINT('',(2.45567302998,4.344932608655));
#3171 = CARTESIAN_POINT('',(2.524670994007,4.342183700853));
#3172 = CARTESIAN_POINT('',(2.593115063124,4.339554725106));
#3173 = CARTESIAN_POINT('',(2.661070285245,4.337044352973));
#3174 = CARTESIAN_POINT('',(2.827034625678,4.331162306369));
#3175 = CARTESIAN_POINT('',(2.924564524372,4.327922279226));
#3176 = CARTESIAN_POINT('',(3.021392448733,4.324925890451));
#3177 = CARTESIAN_POINT('',(3.11770510393,4.322167858878));
#3178 = CARTESIAN_POINT('',(3.305135285016,4.317237741776));
#3179 = CARTESIAN_POINT('',(3.396281253809,4.315044148259));
#3180 = CARTESIAN_POINT('',(3.487291748775,4.313057860728));
#3181 = CARTESIAN_POINT('',(3.578320271678,4.311274851889));
#3182 = CARTESIAN_POINT('',(3.758842394927,4.308140877688));
#3183 = CARTESIAN_POINT('',(3.848327848205,4.306781763728));
#3184 = CARTESIAN_POINT('',(3.938126687254,4.305610775941));
#3185 = CARTESIAN_POINT('',(4.028382166855,4.304625010887));
#3186 = CARTESIAN_POINT('',(4.208995255275,4.303028701919));
#3187 = CARTESIAN_POINT('',(4.299337469518,4.302413730425));
#3188 = CARTESIAN_POINT('',(4.390413374704,4.30197461859));
#3189 = CARTESIAN_POINT('',(4.482367314225,4.301709355902));
#3190 = CARTESIAN_POINT('',(4.587964008327,4.301603544915));
#3191 = CARTESIAN_POINT('',(4.600594902771,4.301594073271));
#3192 = CARTESIAN_POINT('',(4.613245133839,4.301587763124));
#3193 = CARTESIAN_POINT('',(4.625915082598,4.301584610165));
#3194 = CARTESIAN_POINT('',(4.638605132285,4.301584610165));
#3195 = ( GEOMETRIC_REPRESENTATION_CONTEXT(2) 
PARAMETRIC_REPRESENTATION_CONTEXT() REPRESENTATION_CONTEXT('2D SPACE',''
  ) );
#3196 = ORIENTED_EDGE('',*,*,#3197,.F.);
#3197 = EDGE_CURVE('',#2190,#3030,#3198,.T.);
#3198 = SURFACE_CURVE('',#3199,(#3202,#3209),.PCURVE_S1.);
#3199 = B_SPLINE_CURVE_WITH_KNOTS('',1,(#3200,#3201),.UNSPECIFIED.,.F.,
  .F.,(2,2),(0.,1.),.PIECEWISE_BEZIER_KNOTS.);
#3200 = CARTESIAN_POINT('',(5.,-1.221245327088E-15,-5.5));
#3201 = CARTESIAN_POINT('',(5.349207694917,10.,-5.150792305083));
#3202 = PCURVE('',#2207,#3203);
#3203 = DEFINITIONAL_REPRESENTATION('',(#3204),#3208);
#3204 = LINE('',#3205,#3206);
#3205 = CARTESIAN_POINT('',(0.,0.));
#3206 = VECTOR('',#3207,1.);
#3207 = DIRECTION('',(0.,1.));
#3208 = ( GEOMETRIC_REPRESENTATION_CONTEXT(2) 
PARAMETRIC_REPRESENTATION_CONTEXT() REPRESENTATION_CONTEXT('2D SPACE',''
  ) );
#3209 = PCURVE('',#2289,#3210);
#3210 = DEFINITIONAL_REPRESENTATION('',(#3211),#3215);
#3211 = LINE('',#3212,#3213);
#3212 = CARTESIAN_POINT('',(5.,0.));
#3213 = VECTOR('',#3214,1.);
#3214 = DIRECTION('',(0.,1.));
#3215 = ( GEOMETRIC_REPRESENTATION_CONTEXT(2) 
PARAMETRIC_REPRESENTATION_CONTEXT() REPRESENTATION_CONTEXT('2D SPACE',''
  ) );
#3216 = ORIENTED_EDGE('',*,*,#2189,.T.);
#3217 = ADVANCED_FACE('',(#3218),#2289,.F.);
#3218 = FACE_BOUND('',#3219,.F.);
#3219 = EDGE_LOOP('',(#3220,#3221,#3245,#3265));
#3220 = ORIENTED_EDGE('',*,*,#3197,.T.);
#3221 = ORIENTED_EDGE('',*,*,#3222,.F.);
#3222 = EDGE_CURVE('',#3223,#3030,#3225,.T.);
#3223 = VERTEX_POINT('',#3224);
#3224 = CARTESIAN_POINT('',(9.819302566143,5.174497483513,
    -5.319302566143));
#3225 = SURFACE_CURVE('',#3226,(#3232,#3238),.PCURVE_S1.);
#3226 = B_SPLINE_CURVE_WITH_KNOTS('',2,(#3227,#3228,#3229,#3230,#3231),
  .UNSPECIFIED.,.F.,.F.,(3,1,1,3),(-0.431767239202,-0.16851026106,
    4.470094871225,4.733351849367),.UNSPECIFIED.);
#3227 = CARTESIAN_POINT('',(10.082559544285,5.174497483513,
    -5.319302566143));
#3228 = CARTESIAN_POINT('',(9.950931055214,5.174497483513,
    -5.319302566143));
#3229 = CARTESIAN_POINT('',(7.5,5.174497483513,-5.319302566143));
#3230 = CARTESIAN_POINT('',(5.049068944786,5.174497483513,
    -5.319302566143));
#3231 = CARTESIAN_POINT('',(4.917440455715,5.174497483513,
    -5.319302566143));
#3232 = PCURVE('',#2289,#3233);
#3233 = DEFINITIONAL_REPRESENTATION('',(#3234),#3237);
#3234 = B_SPLINE_CURVE_WITH_KNOTS('',1,(#3235,#3236),.UNSPECIFIED.,.F.,
  .F.,(2,2),(-0.16851026106,4.470094871225),.PIECEWISE_BEZIER_KNOTS.);
#3235 = CARTESIAN_POINT('',(0.,0.517449748351));
#3236 = CARTESIAN_POINT('',(5.,0.517449748351));
#3237 = ( GEOMETRIC_REPRESENTATION_CONTEXT(2) 
PARAMETRIC_REPRESENTATION_CONTEXT() REPRESENTATION_CONTEXT('2D SPACE',''
  ) );
#3238 = PCURVE('',#3131,#3239);
#3239 = DEFINITIONAL_REPRESENTATION('',(#3240),#3244);
#3240 = LINE('',#3241,#3242);
#3241 = CARTESIAN_POINT('',(0.,0.));
#3242 = VECTOR('',#3243,1.);
#3243 = DIRECTION('',(0.,1.));
#3244 = ( GEOMETRIC_REPRESENTATION_CONTEXT(2) 
PARAMETRIC_REPRESENTATION_CONTEXT() REPRESENTATION_CONTEXT('2D SPACE',''
  ) );
#3245 = ORIENTED_EDGE('',*,*,#3246,.F.);
#3246 = EDGE_CURVE('',#2248,#3223,#3247,.T.);
#3247 = SURFACE_CURVE('',#3248,(#3251,#3258),.PCURVE_S1.);
#3248 = B_SPLINE_CURVE_WITH_KNOTS('',1,(#3249,#3250),.UNSPECIFIED.,.F.,
  .F.,(2,2),(0.,1.),.PIECEWISE_BEZIER_KNOTS.);
#3249 = CARTESIAN_POINT('',(10.,-1.221245327088E-15,-5.5));
#3250 = CARTESIAN_POINT('',(9.650792305083,10.,-5.150792305083));
#3251 = PCURVE('',#2289,#3252);
#3252 = DEFINITIONAL_REPRESENTATION('',(#3253),#3257);
#3253 = LINE('',#3254,#3255);
#3254 = CARTESIAN_POINT('',(0.,0.));
#3255 = VECTOR('',#3256,1.);
#3256 = DIRECTION('',(0.,1.));
#3257 = ( GEOMETRIC_REPRESENTATION_CONTEXT(2) 
PARAMETRIC_REPRESENTATION_CONTEXT() REPRESENTATION_CONTEXT('2D SPACE',''
  ) );
#3258 = PCURVE('',#2263,#3259);
#3259 = DEFINITIONAL_REPRESENTATION('',(#3260),#3264);
#3260 = LINE('',#3261,#3262);
#3261 = CARTESIAN_POINT('',(11.,0.));
#3262 = VECTOR('',#3263,1.);
#3263 = DIRECTION('',(0.,1.));
#3264 = ( GEOMETRIC_REPRESENTATION_CONTEXT(2) 
PARAMETRIC_REPRESENTATION_CONTEXT() REPRESENTATION_CONTEXT('2D SPACE',''
  ) );
#3265 = ORIENTED_EDGE('',*,*,#2275,.T.);
#3266 = ADVANCED_FACE('',(#3267),#2263,.F.);
#3267 = FACE_BOUND('',#3268,.F.);
#3268 = EDGE_LOOP('',(#3269,#3270,#3422,#3442,#3594,#3614));
#3269 = ORIENTED_EDGE('',*,*,#3246,.T.);
#3270 = ORIENTED_EDGE('',*,*,#3271,.T.);
#3271 = EDGE_CURVE('',#3223,#3272,#3274,.T.);
#3272 = VERTEX_POINT('',#3273);
#3273 = CARTESIAN_POINT('',(9.685713074574,9.,-3.322348479465));
#3274 = SURFACE_CURVE('',#3275,(#3322,#3372),.PCURVE_S1.);
#3275 = B_SPLINE_CURVE_WITH_KNOTS('',5,(#3276,#3277,#3278,#3279,#3280,
    #3281,#3282,#3283,#3284,#3285,#3286,#3287,#3288,#3289,#3290,#3291,
    #3292,#3293,#3294,#3295,#3296,#3297,#3298,#3299,#3300,#3301,#3302,
    #3303,#3304,#3305,#3306,#3307,#3308,#3309,#3310,#3311,#3312,#3313,
    #3314,#3315,#3316,#3317,#3318,#3319,#3320,#3321),.UNSPECIFIED.,.F.,
  .F.,(6,4,4,4,4,4,4,4,4,4,4,6),(0.,6.092725388302E-02,0.158096061571,
    0.263447994862,0.389141050257,0.467927482762,0.547348677535,
    0.662181957496,0.771890017553,0.878999610143,0.98545341898,1.),
  .UNSPECIFIED.);
#3276 = CARTESIAN_POINT('',(9.819302566143,5.174497483513,
    -5.319302566143));
#3277 = CARTESIAN_POINT('',(9.815564052471,5.281554507911,
    -5.315564052387));
#3278 = CARTESIAN_POINT('',(9.811816614514,5.388867090425,
    -5.308946182383));
#3279 = CARTESIAN_POINT('',(9.808067334068,5.49623243489,-5.299417460574
    ));
#3280 = CARTESIAN_POINT('',(9.804323394442,5.603444838291,
    -5.286973954051));
#3281 = CARTESIAN_POINT('',(9.794641256999,5.880704978444,
    -5.247183065157));
#3282 = CARTESIAN_POINT('',(9.788722172645,6.0502053772,-5.215371943955)
  );
#3283 = CARTESIAN_POINT('',(9.782864744271,6.217940179693,
    -5.176304025719));
#3284 = CARTESIAN_POINT('',(9.777095586566,6.383147240973,
    -5.130250891973));
#3285 = CARTESIAN_POINT('',(9.765303336035,6.720833113952,
    -5.020523593958));
#3286 = CARTESIAN_POINT('',(9.759299323416,6.892765540015,
    -4.955687711413));
#3287 = CARTESIAN_POINT('',(9.753454463827,7.060140419631,-4.88359002204
    ));
#3288 = CARTESIAN_POINT('',(9.74778897674,7.222378742826,-4.804845056692
    ));
#3289 = CARTESIAN_POINT('',(9.735787864708,7.566045626645,
    -4.618927805579));
#3290 = CARTESIAN_POINT('',(9.729533984415,7.745133326703,
    -4.509201037931));
#3291 = CARTESIAN_POINT('',(9.723577480717,7.915705275282,
    -4.391927818547));
#3292 = CARTESIAN_POINT('',(9.717927458095,8.077500754159,
    -4.268124888678));
#3293 = CARTESIAN_POINT('',(9.709237734958,8.326341866862,
    -4.057482921907));
#3294 = CARTESIAN_POINT('',(9.706010783258,8.418749673063,
    -3.974091868312));
#3295 = CARTESIAN_POINT('',(9.702905526105,8.50767260341,-3.888681139623
    ));
#3296 = CARTESIAN_POINT('',(9.699921533141,8.593122981717,
    -3.801442430005));
#3297 = CARTESIAN_POINT('',(9.694171050251,8.757795266248,
    -3.622930077815));
#3298 = CARTESIAN_POINT('',(9.691406540824,8.836960458422,
    -3.531630322964));
#3299 = CARTESIAN_POINT('',(9.688763251537,8.912654359948,
    -3.438818077809));
#3300 = CARTESIAN_POINT('',(9.686239833156,8.984915607844,
    -3.344647463737));
#3301 = CARTESIAN_POINT('',(9.680357014669,9.153377488038,
    -3.111326171082));
#3302 = CARTESIAN_POINT('',(9.677126625395,9.24588373349,-2.970844118128
    ));
#3303 = CARTESIAN_POINT('',(9.674138518388,9.331451922576,
    -2.828213622696));
#3304 = CARTESIAN_POINT('',(9.671387456795,9.410232019151,
    -2.683779880402));
#3305 = CARTESIAN_POINT('',(9.666461686352,9.551287629169,
    -2.398395814391));
#3306 = CARTESIAN_POINT('',(9.664266778574,9.614141564245,-2.25758032937
    ));
#3307 = CARTESIAN_POINT('',(9.66227921465,9.671057948175,-2.115636918397
    ));
#3308 = CARTESIAN_POINT('',(9.660494965492,9.722152158987,
    -1.972787109502));
#3309 = CARTESIAN_POINT('',(9.657363393124,9.811828658512,
    -1.689064453404));
#3310 = CARTESIAN_POINT('',(9.65600673941,9.850678137885,-1.548226469929
    ));
#3311 = CARTESIAN_POINT('',(9.65483709381,9.884172405519,-1.406893568747
    ));
#3312 = CARTESIAN_POINT('',(9.65385157649,9.912393929115,-1.265233301068
    ));
#3313 = CARTESIAN_POINT('',(9.652248730424,9.958293435048,
    -0.982439460064));
#3314 = CARTESIAN_POINT('',(9.651629190725,9.976034730767,
    -0.841309064999));
#3315 = CARTESIAN_POINT('',(9.651186625834,9.98870813108,-0.70016498322)
  );
#3316 = CARTESIAN_POINT('',(9.650919004664,9.996371798682,
    -0.559157619937));
#3317 = CARTESIAN_POINT('',(9.650811643216,9.999446228303,
    -0.399207426309));
#3318 = CARTESIAN_POINT('',(9.650801969742,9.999723240353,-0.37998368202
    ));
#3319 = CARTESIAN_POINT('',(9.650795525181,9.999907788457,
    -0.360765677201));
#3320 = CARTESIAN_POINT('',(9.650792305083,9.999999999999,
    -0.341553797861));
#3321 = CARTESIAN_POINT('',(9.650792305083,10.,-0.322348431047));
#3322 = PCURVE('',#2263,#3323);
#3323 = DEFINITIONAL_REPRESENTATION('',(#3324),#3371);
#3324 = B_SPLINE_CURVE_WITH_KNOTS('',5,(#3325,#3326,#3327,#3328,#3329,
    #3330,#3331,#3332,#3333,#3334,#3335,#3336,#3337,#3338,#3339,#3340,
    #3341,#3342,#3343,#3344,#3345,#3346,#3347,#3348,#3349,#3350,#3351,
    #3352,#3353,#3354,#3355,#3356,#3357,#3358,#3359,#3360,#3361,#3362,
    #3363,#3364,#3365,#3366,#3367,#3368,#3369,#3370),.UNSPECIFIED.,.F.,
  .F.,(6,4,4,4,4,4,4,4,4,4,4,6),(0.,6.092725388302E-02,0.158096061571,
    0.263447994862,0.389141050257,0.467927482762,0.547348677535,
    0.662181957496,0.771890017553,0.878999610143,0.98545341898,1.),
  .UNSPECIFIED.);
#3325 = CARTESIAN_POINT('',(10.999999999986,0.517449748745));
#3326 = CARTESIAN_POINT('',(10.999999999899,0.528155451185));
#3327 = CARTESIAN_POINT('',(10.997032104242,0.538886708905));
#3328 = CARTESIAN_POINT('',(10.99104581461,0.549623243194));
#3329 = CARTESIAN_POINT('',(10.982019022666,0.560344483829));
#3330 = CARTESIAN_POINT('',(10.950722706871,0.588070497844));
#3331 = CARTESIAN_POINT('',(10.923769094837,0.60502053772));
#3332 = CARTESIAN_POINT('',(10.889125235635,0.621794017969));
#3333 = CARTESIAN_POINT('',(10.84700538511,0.638314724097));
#3334 = CARTESIAN_POINT('',(10.744371600432,0.672083311395));
#3335 = CARTESIAN_POINT('',(10.682603225553,0.689276554002));
#3336 = CARTESIAN_POINT('',(10.61290058003,0.706014041963));
#3337 = CARTESIAN_POINT('',(10.535855358066,0.722237874283));
#3338 = CARTESIAN_POINT('',(10.352136130182,0.756604562665));
#3339 = CARTESIAN_POINT('',(10.242612283525,0.77451333267));
#3340 = CARTESIAN_POINT('',(10.124545364165,0.791570527528));
#3341 = CARTESIAN_POINT('',(9.998987948571,0.807750075416));
#3342 = CARTESIAN_POINT('',(9.784011315726,0.832634186686));
#3343 = CARTESIAN_POINT('',(9.698592572189,0.841874967306));
#3344 = CARTESIAN_POINT('',(9.610809153798,0.850767260341));
#3345 = CARTESIAN_POINT('',(9.520867709152,0.859312298172));
#3346 = CARTESIAN_POINT('',(9.336297016665,0.875779526625));
#3347 = CARTESIAN_POINT('',(9.241636547948,0.883696045842));
#3348 = CARTESIAN_POINT('',(9.14516057111,0.891265435995));
#3349 = CARTESIAN_POINT('',(9.04704009642,0.898491560784));
#3350 = CARTESIAN_POINT('',(8.803400666054,0.915337748804));
#3351 = CARTESIAN_POINT('',(8.656257283033,0.924588373349));
#3352 = CARTESIAN_POINT('',(8.506455664067,0.933145192258));
#3353 = CARTESIAN_POINT('',(8.354393983024,0.941023201915));
#3354 = CARTESIAN_POINT('',(8.05330085188,0.955128762917));
#3355 = CARTESIAN_POINT('',(7.904439807791,0.961414156424));
#3356 = CARTESIAN_POINT('',(7.754125086754,0.967105794818));
#3357 = CARTESIAN_POINT('',(7.602622083051,0.972215215899));
#3358 = CARTESIAN_POINT('',(7.30132444611,0.981182865851));
#3359 = CARTESIAN_POINT('',(7.15157599001,0.985067813788));
#3360 = CARTESIAN_POINT('',(7.001143724481,0.988417240552));
#3361 = CARTESIAN_POINT('',(6.850233819232,0.991239392911));
#3362 = CARTESIAN_POINT('',(6.548772559584,0.995829343505));
#3363 = CARTESIAN_POINT('',(6.398225832555,0.997603473077));
#3364 = CARTESIAN_POINT('',(6.24759101483,0.998870813108));
#3365 = CARTESIAN_POINT('',(6.097054836018,0.999637179868));
#3366 = CARTESIAN_POINT('',(5.926270898993,0.99994462283));
#3367 = CARTESIAN_POINT('',(5.905744683526,0.999972324035));
#3368 = CARTESIAN_POINT('',(5.88522425259,0.999990778846));
#3369 = CARTESIAN_POINT('',(5.864710082984,1.));
#3370 = CARTESIAN_POINT('',(5.844202652046,1.));
#3371 = ( GEOMETRIC_REPRESENTATION_CONTEXT(2) 
PARAMETRIC_REPRESENTATION_CONTEXT() REPRESENTATION_CONTEXT('2D SPACE',''
  ) );
#3372 = PCURVE('',#3131,#3373);
#3373 = DEFINITIONAL_REPRESENTATION('',(#3374),#3421);
#3374 = B_SPLINE_CURVE_WITH_KNOTS('',5,(#3375,#3376,#3377,#3378,#3379,
    #3380,#3381,#3382,#3383,#3384,#3385,#3386,#3387,#3388,#3389,#3390,
    #3391,#3392,#3393,#3394,#3395,#3396,#3397,#3398,#3399,#3400,#3401,
    #3402,#3403,#3404,#3405,#3406,#3407,#3408,#3409,#3410,#3411,#3412,
    #3413,#3414,#3415,#3416,#3417,#3418,#3419,#3420),.UNSPECIFIED.,.F.,
  .F.,(6,4,4,4,4,4,4,4,4,4,4,6),(0.,6.092725388302E-02,0.158096061571,
    0.263447994862,0.389141050257,0.467927482762,0.547348677535,
    0.662181957496,0.771890017553,0.878999610143,0.98545341898,1.),
  .UNSPECIFIED.);
#3375 = CARTESIAN_POINT('',(0.,-0.16851026106));
#3376 = CARTESIAN_POINT('',(7.15312707112E-02,-0.164771747389));
#3377 = CARTESIAN_POINT('',(0.142525921721,-0.161024309431));
#3378 = CARTESIAN_POINT('',(0.21295960494,-0.157275028986));
#3379 = CARTESIAN_POINT('',(0.282809125653,-0.15353108936));
#3380 = CARTESIAN_POINT('',(0.462483983584,-0.143848951916));
#3381 = CARTESIAN_POINT('',(0.571379702812,-0.137929867563));
#3382 = CARTESIAN_POINT('',(0.678639306179,-0.132072439189));
#3383 = CARTESIAN_POINT('',(0.784221114588,-0.126303281484));
#3384 = CARTESIAN_POINT('',(1.000715557925,-0.114511030953));
#3385 = CARTESIAN_POINT('',(1.111336513724,-0.108507018334));
#3386 = CARTESIAN_POINT('',(1.219930450584,-0.102662158744));
#3387 = CARTESIAN_POINT('',(1.32655000563,-9.699667165714E-02));
#3388 = CARTESIAN_POINT('',(1.55621690316,-8.499555962536E-02));
#3389 = CARTESIAN_POINT('',(1.678462851778,-7.874167933282E-02));
#3390 = CARTESIAN_POINT('',(1.79816934298,-7.278517563475E-02));
#3391 = CARTESIAN_POINT('',(1.915562088352,-6.713515301206E-02));
#3392 = CARTESIAN_POINT('',(2.10318801959,-5.844542987531E-02));
#3393 = CARTESIAN_POINT('',(2.174671146716,-5.521847817571E-02));
#3394 = CARTESIAN_POINT('',(2.245407814151,-5.211322102251E-02));
#3395 = CARTESIAN_POINT('',(2.31546202606,-4.912922805871E-02));
#3396 = CARTESIAN_POINT('',(2.454896535669,-4.337874516891E-02));
#3397 = CARTESIAN_POINT('',(2.524266381397,-4.061423574125E-02));
#3398 = CARTESIAN_POINT('',(2.593076112249,-3.79709464541E-02));
#3399 = CARTESIAN_POINT('',(2.661391822424,-3.544752807316E-02));
#3400 = CARTESIAN_POINT('',(2.827434741179,-2.956470958674E-02));
#3401 = CARTESIAN_POINT('',(2.92469270524,-2.633432031276E-02));
#3402 = CARTESIAN_POINT('',(3.021252810485,-2.334621330587E-02));
#3403 = CARTESIAN_POINT('',(3.117300241173,-2.059515171283E-02));
#3404 = CARTESIAN_POINT('',(3.30447230881,-1.566938126987E-02));
#3405 = CARTESIAN_POINT('',(3.395623630488,-1.347447349145E-02));
#3406 = CARTESIAN_POINT('',(3.486638782412,-1.148690956791E-02));
#3407 = CARTESIAN_POINT('',(3.577671295138,-9.702660409792E-03));
#3408 = CARTESIAN_POINT('',(3.757924382357,-6.571088041061E-03));
#3409 = CARTESIAN_POINT('',(3.847135815495,-5.21443432701E-03));
#3410 = CARTESIAN_POINT('',(3.936657661482,-4.044788727647E-03));
#3411 = CARTESIAN_POINT('',(4.026631880163,-3.059271407471E-03));
#3412 = CARTESIAN_POINT('',(4.207225848268,-1.456425340991E-03));
#3413 = CARTESIAN_POINT('',(4.297837572905,-8.368856426978E-04));
#3414 = CARTESIAN_POINT('',(4.389186020106,-3.943207516943E-04));
#3415 = CARTESIAN_POINT('',(4.481416839499,-1.266995819083E-04));
#3416 = CARTESIAN_POINT('',(4.587428927515,-1.933813376913E-05));
#3417 = CARTESIAN_POINT('',(4.600192974636,-9.664659821584E-06));
#3418 = CARTESIAN_POINT('',(4.61297676191,-3.220098034695E-06));
#3419 = CARTESIAN_POINT('',(4.62578068262,-1.622035838977E-14));
#3420 = CARTESIAN_POINT('',(4.638605132285,2.942091015257E-15));
#3421 = ( GEOMETRIC_REPRESENTATION_CONTEXT(2) 
PARAMETRIC_REPRESENTATION_CONTEXT() REPRESENTATION_CONTEXT('2D SPACE',''
  ) );
#3422 = ORIENTED_EDGE('',*,*,#3423,.T.);
#3423 = EDGE_CURVE('',#3272,#3424,#3426,.T.);
#3424 = VERTEX_POINT('',#3425);
#3425 = CARTESIAN_POINT('',(9.685713074574,9.,3.322348477511));
#3426 = SURFACE_CURVE('',#3427,(#3430,#3436),.PCURVE_S1.);
#3427 = B_SPLINE_CURVE_WITH_KNOTS('',1,(#3428,#3429),.UNSPECIFIED.,.F.,
  .F.,(2,2),(0.,1.),.PIECEWISE_BEZIER_KNOTS.);
#3428 = CARTESIAN_POINT('',(9.685713074574,9.,-5.185713074574));
#3429 = CARTESIAN_POINT('',(9.685713074574,9.,5.185713074574));
#3430 = PCURVE('',#2263,#3431);
#3431 = DEFINITIONAL_REPRESENTATION('',(#3432),#3435);
#3432 = B_SPLINE_CURVE_WITH_KNOTS('',1,(#3433,#3434),.UNSPECIFIED.,.F.,
  .F.,(2,2),(0.,1.),.PIECEWISE_BEZIER_KNOTS.);
#3433 = CARTESIAN_POINT('',(11.,0.9));
#3434 = CARTESIAN_POINT('',(0.,0.9));
#3435 = ( GEOMETRIC_REPRESENTATION_CONTEXT(2) 
PARAMETRIC_REPRESENTATION_CONTEXT() REPRESENTATION_CONTEXT('2D SPACE',''
  ) );
#3436 = PCURVE('',#2477,#3437);
#3437 = DEFINITIONAL_REPRESENTATION('',(#3438),#3441);
#3438 = B_SPLINE_CURVE_WITH_KNOTS('',1,(#3439,#3440),.UNSPECIFIED.,.F.,
  .F.,(2,2),(0.,1.),.PIECEWISE_BEZIER_KNOTS.);
#3439 = CARTESIAN_POINT('',(10.685713074574,-9.685713074574));
#3440 = CARTESIAN_POINT('',(0.314286925426,-9.685713074574));
#3441 = ( GEOMETRIC_REPRESENTATION_CONTEXT(2) 
PARAMETRIC_REPRESENTATION_CONTEXT() REPRESENTATION_CONTEXT('2D SPACE',''
  ) );
#3442 = ORIENTED_EDGE('',*,*,#3443,.F.);
#3443 = EDGE_CURVE('',#3444,#3424,#3446,.T.);
#3444 = VERTEX_POINT('',#3445);
#3445 = CARTESIAN_POINT('',(9.819302566143,5.174497483513,5.319302566143
    ));
#3446 = SURFACE_CURVE('',#3447,(#3494,#3544),.PCURVE_S1.);
#3447 = B_SPLINE_CURVE_WITH_KNOTS('',5,(#3448,#3449,#3450,#3451,#3452,
    #3453,#3454,#3455,#3456,#3457,#3458,#3459,#3460,#3461,#3462,#3463,
    #3464,#3465,#3466,#3467,#3468,#3469,#3470,#3471,#3472,#3473,#3474,
    #3475,#3476,#3477,#3478,#3479,#3480,#3481,#3482,#3483,#3484,#3485,
    #3486,#3487,#3488,#3489,#3490,#3491,#3492,#3493),.UNSPECIFIED.,.F.,
  .F.,(6,4,4,4,4,4,4,4,4,4,4,6),(0.,6.077042358173E-02,0.157902634223,
    0.263261772106,0.388885823629,0.468151910232,0.547141154375,
    0.662300327247,0.772006192443,0.879406260089,0.985533218746,1.),
  .UNSPECIFIED.);
#3448 = CARTESIAN_POINT('',(9.819302566143,5.174497483513,5.319302566143
    ));
#3449 = CARTESIAN_POINT('',(9.815573675296,5.281278946249,5.31557367305)
  );
#3450 = CARTESIAN_POINT('',(9.811835906806,5.388314631453,5.308980232717
    ));
#3451 = CARTESIAN_POINT('',(9.808096286737,5.495403338925,5.299490986226
    ));
#3452 = CARTESIAN_POINT('',(9.804361942838,5.602340956676,5.287101959473
    ));
#3453 = CARTESIAN_POINT('',(9.794691316287,5.879271467988,5.24743690635)
  );
#3454 = CARTESIAN_POINT('',(9.788774102635,6.048718296841,5.215687536589
    ));
#3455 = CARTESIAN_POINT('',(9.782918350284,6.216405104333,5.176685765091
    ));
#3456 = CARTESIAN_POINT('',(9.77715065737,6.381570219491,5.130702297022)
  );
#3457 = CARTESIAN_POINT('',(9.765358277811,6.719259787356,5.021100398677
    ));
#3458 = CARTESIAN_POINT('',(9.759352749163,6.891235626799,4.956313820367
    ));
#3459 = CARTESIAN_POINT('',(9.753506268154,7.058656937785,4.884261286641
    ));
#3460 = CARTESIAN_POINT('',(9.747839086633,7.220943783216,4.805557253607
    ));
#3461 = CARTESIAN_POINT('',(9.735838192771,7.564604419481,4.619783269062
    ));
#3462 = CARTESIAN_POINT('',(9.729585865558,7.743647645169,4.510167696893
    ));
#3463 = CARTESIAN_POINT('',(9.723630517223,7.91418650848,4.393008810998)
  );
#3464 = CARTESIAN_POINT('',(9.717981274075,8.075959666109,4.269322055527
    ));
#3465 = CARTESIAN_POINT('',(9.709270015331,8.325417477926,4.058332261377
    ));
#3466 = CARTESIAN_POINT('',(9.706022575377,8.41841199097,3.974446878383)
  );
#3467 = CARTESIAN_POINT('',(9.702898320413,8.507878947446,3.888516502117
    ));
#3468 = CARTESIAN_POINT('',(9.699896811416,8.593830919306,3.800736373227
    ));
#3469 = CARTESIAN_POINT('',(9.694147347785,8.758474016093,3.622132242186
    ));
#3470 = CARTESIAN_POINT('',(9.691398578061,8.837188482116,3.531320667311
    ));
#3471 = CARTESIAN_POINT('',(9.688769708743,8.912469449741,3.439013425147
    ));
#3472 = CARTESIAN_POINT('',(9.686259412274,8.984354935257,3.345362130835
    ));
#3473 = CARTESIAN_POINT('',(9.680376784456,9.152811355424,3.112199478304
    ));
#3474 = CARTESIAN_POINT('',(9.677136165673,9.245610535675,2.971327782365
    ));
#3475 = CARTESIAN_POINT('',(9.674139220252,9.331431823824,2.82829459911)
  );
#3476 = CARTESIAN_POINT('',(9.671380666076,9.410426479908,2.683448117682
    ));
#3477 = CARTESIAN_POINT('',(9.666449667607,9.551631801013,2.397640424422
    ));
#3478 = CARTESIAN_POINT('',(9.664255699128,9.614458838074,2.256822649444
    ));
#3479 = CARTESIAN_POINT('',(9.662269052745,9.671348947064,2.114877733985
    ));
#3480 = CARTESIAN_POINT('',(9.660485700519,9.722417473099,1.972027131093
    ));
#3481 = CARTESIAN_POINT('',(9.65735163836,9.812165270892,1.687921281222)
  );
#3482 = CARTESIAN_POINT('',(9.655992640349,9.851081882149,1.546697171832
    ));
#3483 = CARTESIAN_POINT('',(9.65482164695,9.884614745715,1.404976508285)
  );
#3484 = CARTESIAN_POINT('',(9.65383575715,9.912846935754,1.262928143697)
  );
#3485 = CARTESIAN_POINT('',(9.652238682597,9.958581167141,0.98017734131)
  );
#3486 = CARTESIAN_POINT('',(9.651623200972,9.976206254859,0.839479994981
    ));
#3487 = CARTESIAN_POINT('',(9.651183591805,9.988795014321,0.698770297755
    ));
#3488 = CARTESIAN_POINT('',(9.650917843969,9.996405036649,0.558197267005
    ));
#3489 = CARTESIAN_POINT('',(9.650811431532,9.999452290141,0.398785596658
    ));
#3490 = CARTESIAN_POINT('',(9.650801863973,9.999726269201,0.379667403993
    ));
#3491 = CARTESIAN_POINT('',(9.650795489948,9.999908797391,0.360554892206
    ));
#3492 = CARTESIAN_POINT('',(9.650792305083,10.,0.341448440991));
#3493 = CARTESIAN_POINT('',(9.650792305083,10.,0.322348431047));
#3494 = PCURVE('',#2263,#3495);
#3495 = DEFINITIONAL_REPRESENTATION('',(#3496),#3543);
#3496 = B_SPLINE_CURVE_WITH_KNOTS('',5,(#3497,#3498,#3499,#3500,#3501,
    #3502,#3503,#3504,#3505,#3506,#3507,#3508,#3509,#3510,#3511,#3512,
    #3513,#3514,#3515,#3516,#3517,#3518,#3519,#3520,#3521,#3522,#3523,
    #3524,#3525,#3526,#3527,#3528,#3529,#3530,#3531,#3532,#3533,#3534,
    #3535,#3536,#3537,#3538,#3539,#3540,#3541,#3542),.UNSPECIFIED.,.F.,
  .F.,(6,4,4,4,4,4,4,4,4,4,4,6),(0.,6.077042358173E-02,0.157902634223,
    0.263261772106,0.388885823629,0.468151910232,0.547141154375,
    0.662300327247,0.772006192443,0.879406260089,0.985533218746,1.),
  .UNSPECIFIED.);
#3497 = CARTESIAN_POINT('',(0.,0.51744975885));
#3498 = CARTESIAN_POINT('',(2.322620866992E-09,0.528127905124));
#3499 = CARTESIAN_POINT('',(2.952636965566E-03,0.538831459492));
#3500 = CARTESIAN_POINT('',(8.908017353925E-03,0.54954032604));
#3501 = CARTESIAN_POINT('',(1.788815543014E-02,0.560234095668));
#3502 = CARTESIAN_POINT('',(4.906521490428E-02,0.587927146799));
#3503 = CARTESIAN_POINT('',(7.595608773173E-02,0.604871829684));
#3504 = CARTESIAN_POINT('',(0.110532157366,0.621640510433));
#3505 = CARTESIAN_POINT('',(0.152580039533,0.638157021949));
#3506 = CARTESIAN_POINT('',(0.255080666804,0.671925978736));
#3507 = CARTESIAN_POINT('',(0.316794725074,0.68912356268));
#3508 = CARTESIAN_POINT('',(0.38644711905,0.705865693779));
#3509 = CARTESIAN_POINT('',(0.463446325298,0.722094378322));
#3510 = CARTESIAN_POINT('',(0.64701206229,0.756460441948));
#3511 = CARTESIAN_POINT('',(0.756418381779,0.774364764517));
#3512 = CARTESIAN_POINT('',(0.874363641661,0.791418650848));
#3513 = CARTESIAN_POINT('',(0.999796721191,0.807595966611));
#3514 = CARTESIAN_POINT('',(1.215117836228,0.832541747793));
#3515 = CARTESIAN_POINT('',(1.301040904975,0.841841199097));
#3516 = CARTESIAN_POINT('',(1.389358242331,0.850787894745));
#3517 = CARTESIAN_POINT('',(1.479859373967,0.859383091931));
#3518 = CARTESIAN_POINT('',(1.664530863157,0.875847401609));
#3519 = CARTESIAN_POINT('',(1.758686599061,0.883718848212));
#3520 = CARTESIAN_POINT('',(1.85463768104,0.891246944974));
#3521 = CARTESIAN_POINT('',(1.95221587856,0.898435493526));
#3522 = CARTESIAN_POINT('',(2.195684167101,0.915281135542));
#3523 = CARTESIAN_POINT('',(2.343233906439,0.924561053568));
#3524 = CARTESIAN_POINT('',(2.493457963094,0.933143182382));
#3525 = CARTESIAN_POINT('',(2.645954712027,0.941042647991));
#3526 = CARTESIAN_POINT('',(2.947497392181,0.955163180101));
#3527 = CARTESIAN_POINT('',(3.096362011287,0.961445883807));
#3528 = CARTESIAN_POINT('',(3.246679367161,0.967134894706));
#3529 = CARTESIAN_POINT('',(3.398184145859,0.97224174731));
#3530 = CARTESIAN_POINT('',(3.699890351748,0.981216527089));
#3531 = CARTESIAN_POINT('',(3.8500505828,0.985108188215));
#3532 = CARTESIAN_POINT('',(4.000897051437,0.988461474571));
#3533 = CARTESIAN_POINT('',(4.152221975255,0.991284693575));
#3534 = CARTESIAN_POINT('',(4.453640422068,0.995858116714));
#3535 = CARTESIAN_POINT('',(4.603726120037,0.997620625486));
#3536 = CARTESIAN_POINT('',(4.753897813753,0.998879501432));
#3537 = CARTESIAN_POINT('',(4.903970498284,0.999640503665));
#3538 = CARTESIAN_POINT('',(5.074179511048,0.999945229014));
#3539 = CARTESIAN_POINT('',(5.094593028991,0.99997262692));
#3540 = CARTESIAN_POINT('',(5.115000820591,0.999990879739));
#3541 = CARTESIAN_POINT('',(5.135402416833,1.));
#3542 = CARTESIAN_POINT('',(5.155797348033,1.));
#3543 = ( GEOMETRIC_REPRESENTATION_CONTEXT(2) 
PARAMETRIC_REPRESENTATION_CONTEXT() REPRESENTATION_CONTEXT('2D SPACE',''
  ) );
#3544 = PCURVE('',#2943,#3545);
#3545 = DEFINITIONAL_REPRESENTATION('',(#3546),#3593);
#3546 = B_SPLINE_CURVE_WITH_KNOTS('',5,(#3547,#3548,#3549,#3550,#3551,
    #3552,#3553,#3554,#3555,#3556,#3557,#3558,#3559,#3560,#3561,#3562,
    #3563,#3564,#3565,#3566,#3567,#3568,#3569,#3570,#3571,#3572,#3573,
    #3574,#3575,#3576,#3577,#3578,#3579,#3580,#3581,#3582,#3583,#3584,
    #3585,#3586,#3587,#3588,#3589,#3590,#3591,#3592),.UNSPECIFIED.,.F.,
  .F.,(6,4,4,4,4,4,4,4,4,4,4,6),(0.,6.077042358173E-02,0.157902634223,
    0.263261772106,0.388885823629,0.468151910232,0.547141154375,
    0.662300327247,0.772006192443,0.879406260089,0.985533218746,1.),
  .UNSPECIFIED.);
#3547 = CARTESIAN_POINT('',(0.,4.470094871225));
#3548 = CARTESIAN_POINT('',(7.134715077166E-02,4.466365980379));
#3549 = CARTESIAN_POINT('',(0.142160429795,4.462628211888));
#3550 = CARTESIAN_POINT('',(0.212415691564,4.45888859182));
#3551 = CARTESIAN_POINT('',(0.282089917886,4.45515424792));
#3552 = CARTESIAN_POINT('',(0.461561107565,4.445483621369));
#3553 = CARTESIAN_POINT('',(0.570426744603,4.439566407718));
#3554 = CARTESIAN_POINT('',(0.677657876895,4.433710655367));
#3555 = CARTESIAN_POINT('',(0.783212734006,4.427942962452));
#3556 = CARTESIAN_POINT('',(0.999704014463,4.416150582893));
#3557 = CARTESIAN_POINT('',(1.110347221587,4.410145054246));
#3558 = CARTESIAN_POINT('',(1.218963005841,4.404298573237));
#3559 = CARTESIAN_POINT('',(1.32560383658,4.398631391716));
#3560 = CARTESIAN_POINT('',(1.555238640697,4.386630497853));
#3561 = CARTESIAN_POINT('',(1.677434267298,4.38037817064));
#3562 = CARTESIAN_POINT('',(1.797092203386,4.374422822305));
#3563 = CARTESIAN_POINT('',(1.914437642023,4.368773579158));
#3564 = CARTESIAN_POINT('',(2.102467658553,4.360062320413));
#3565 = CARTESIAN_POINT('',(2.174390954975,4.356814880459));
#3566 = CARTESIAN_POINT('',(2.245558438123,4.353690625495));
#3567 = CARTESIAN_POINT('',(2.316035283338,4.350689116498));
#3568 = CARTESIAN_POINT('',(2.455497722438,4.344939652867));
#3569 = CARTESIAN_POINT('',(2.524487194037,4.342190883143));
#3570 = CARTESIAN_POINT('',(2.592922822747,4.339562013826));
#3571 = CARTESIAN_POINT('',(2.660869630053,4.337051717356));
#3572 = CARTESIAN_POINT('',(2.826832862363,4.331169089538));
#3573 = CARTESIAN_POINT('',(2.924369708525,4.327928470756));
#3574 = CARTESIAN_POINT('',(3.021204263246,4.324931525335));
#3575 = CARTESIAN_POINT('',(3.117523268922,4.322172971159));
#3576 = CARTESIAN_POINT('',(3.30496253145,4.317241972689));
#3577 = CARTESIAN_POINT('',(3.396111271405,4.31504800421));
#3578 = CARTESIAN_POINT('',(3.487124353152,4.313061357828));
#3579 = CARTESIAN_POINT('',(3.578155292801,4.311278005602));
#3580 = CARTESIAN_POINT('',(3.758649502137,4.308143943443));
#3581 = CARTESIAN_POINT('',(3.848104510563,4.306784945432));
#3582 = CARTESIAN_POINT('',(3.937872486923,4.305613952033));
#3583 = CARTESIAN_POINT('',(4.028096542258,4.304628062232));
#3584 = CARTESIAN_POINT('',(4.208677931047,4.30303098768));
#3585 = CARTESIAN_POINT('',(4.299020311209,4.302415506054));
#3586 = CARTESIAN_POINT('',(4.390096113379,4.301975896887));
#3587 = CARTESIAN_POINT('',(4.482049684307,4.301710149051));
#3588 = CARTESIAN_POINT('',(4.587709015265,4.301603736615));
#3589 = CARTESIAN_POINT('',(4.600403364479,4.301594169055));
#3590 = CARTESIAN_POINT('',(4.613117242116,4.30158779503));
#3591 = CARTESIAN_POINT('',(4.625851035031,4.301584610165));
#3592 = CARTESIAN_POINT('',(4.638605132285,4.301584610165));
#3593 = ( GEOMETRIC_REPRESENTATION_CONTEXT(2) 
PARAMETRIC_REPRESENTATION_CONTEXT() REPRESENTATION_CONTEXT('2D SPACE',''
  ) );
#3594 = ORIENTED_EDGE('',*,*,#3595,.F.);
#3595 = EDGE_CURVE('',#2220,#3444,#3596,.T.);
#3596 = SURFACE_CURVE('',#3597,(#3600,#3607),.PCURVE_S1.);
#3597 = B_SPLINE_CURVE_WITH_KNOTS('',1,(#3598,#3599),.UNSPECIFIED.,.F.,
  .F.,(2,2),(0.,1.),.PIECEWISE_BEZIER_KNOTS.);
#3598 = CARTESIAN_POINT('',(10.,1.221245327088E-15,5.5));
#3599 = CARTESIAN_POINT('',(9.650792305083,10.,5.150792305083));
#3600 = PCURVE('',#2263,#3601);
#3601 = DEFINITIONAL_REPRESENTATION('',(#3602),#3606);
#3602 = LINE('',#3603,#3604);
#3603 = CARTESIAN_POINT('',(0.,0.));
#3604 = VECTOR('',#3605,1.);
#3605 = DIRECTION('',(0.,1.));
#3606 = ( GEOMETRIC_REPRESENTATION_CONTEXT(2) 
PARAMETRIC_REPRESENTATION_CONTEXT() REPRESENTATION_CONTEXT('2D SPACE',''
  ) );
#3607 = PCURVE('',#2235,#3608);
#3608 = DEFINITIONAL_REPRESENTATION('',(#3609),#3613);
#3609 = LINE('',#3610,#3611);
#3610 = CARTESIAN_POINT('',(5.,0.));
#3611 = VECTOR('',#3612,1.);
#3612 = DIRECTION('',(0.,1.));
#3613 = ( GEOMETRIC_REPRESENTATION_CONTEXT(2) 
PARAMETRIC_REPRESENTATION_CONTEXT() REPRESENTATION_CONTEXT('2D SPACE',''
  ) );
#3614 = ORIENTED_EDGE('',*,*,#2247,.T.);
#3615 = ADVANCED_FACE('',(#3616),#2235,.F.);
#3616 = FACE_BOUND('',#3617,.F.);
#3617 = EDGE_LOOP('',(#3618,#3619,#3641,#3642));
#3618 = ORIENTED_EDGE('',*,*,#3595,.T.);
#3619 = ORIENTED_EDGE('',*,*,#3620,.F.);
#3620 = EDGE_CURVE('',#2820,#3444,#3621,.T.);
#3621 = SURFACE_CURVE('',#3622,(#3628,#3634),.PCURVE_S1.);
#3622 = B_SPLINE_CURVE_WITH_KNOTS('',2,(#3623,#3624,#3625,#3626,#3627),
  .UNSPECIFIED.,.F.,.F.,(3,1,1,3),(-0.431767239202,-0.16851026106,
    4.470094871225,4.733351849367),.UNSPECIFIED.);
#3623 = CARTESIAN_POINT('',(4.917440455715,5.174497483513,5.319302566143
    ));
#3624 = CARTESIAN_POINT('',(5.049068944786,5.174497483513,5.319302566143
    ));
#3625 = CARTESIAN_POINT('',(7.5,5.174497483513,5.319302566143));
#3626 = CARTESIAN_POINT('',(9.950931055214,5.174497483513,5.319302566143
    ));
#3627 = CARTESIAN_POINT('',(10.082559544285,5.174497483513,
    5.319302566143));
#3628 = PCURVE('',#2235,#3629);
#3629 = DEFINITIONAL_REPRESENTATION('',(#3630),#3633);
#3630 = B_SPLINE_CURVE_WITH_KNOTS('',1,(#3631,#3632),.UNSPECIFIED.,.F.,
  .F.,(2,2),(-0.16851026106,4.470094871225),.PIECEWISE_BEZIER_KNOTS.);
#3631 = CARTESIAN_POINT('',(1.4847033866E-15,0.517449748351));
#3632 = CARTESIAN_POINT('',(5.,0.517449748351));
#3633 = ( GEOMETRIC_REPRESENTATION_CONTEXT(2) 
PARAMETRIC_REPRESENTATION_CONTEXT() REPRESENTATION_CONTEXT('2D SPACE',''
  ) );
#3634 = PCURVE('',#2943,#3635);
#3635 = DEFINITIONAL_REPRESENTATION('',(#3636),#3640);
#3636 = LINE('',#3637,#3638);
#3637 = CARTESIAN_POINT('',(0.,0.));
#3638 = VECTOR('',#3639,1.);
#3639 = DIRECTION('',(0.,1.));
#3640 = ( GEOMETRIC_REPRESENTATION_CONTEXT(2) 
PARAMETRIC_REPRESENTATION_CONTEXT() REPRESENTATION_CONTEXT('2D SPACE',''
  ) );
#3641 = ORIENTED_EDGE('',*,*,#2819,.F.);
#3642 = ORIENTED_EDGE('',*,*,#2219,.T.);
#3643 = ADVANCED_FACE('',(#3644,#3670),#2343,.T.);
#3644 = FACE_BOUND('',#3645,.T.);
#3645 = EDGE_LOOP('',(#3646,#3647,#3668,#3669));
#3646 = ORIENTED_EDGE('',*,*,#2517,.T.);
#3647 = ORIENTED_EDGE('',*,*,#3648,.T.);
#3648 = EDGE_CURVE('',#2490,#2544,#3649,.T.);
#3649 = SURFACE_CURVE('',#3650,(#3654,#3661),.PCURVE_S1.);
#3650 = LINE('',#3651,#3652);
#3651 = CARTESIAN_POINT('',(1.196826461833E-14,4.,-9.650045345896));
#3652 = VECTOR('',#3653,1.);
#3653 = DIRECTION('',(1.,-1.110223024625E-15,5.551115123126E-17));
#3654 = PCURVE('',#2343,#3655);
#3655 = DEFINITIONAL_REPRESENTATION('',(#3656),#3660);
#3656 = LINE('',#3657,#3658);
#3657 = CARTESIAN_POINT('',(0.,0.));
#3658 = VECTOR('',#3659,1.);
#3659 = DIRECTION('',(1.054711873394E-15,-1.));
#3660 = ( GEOMETRIC_REPRESENTATION_CONTEXT(2) 
PARAMETRIC_REPRESENTATION_CONTEXT() REPRESENTATION_CONTEXT('2D SPACE',''
  ) );
#3661 = PCURVE('',#2505,#3662);
#3662 = DEFINITIONAL_REPRESENTATION('',(#3663),#3667);
#3663 = LINE('',#3664,#3665);
#3664 = CARTESIAN_POINT('',(6.497913232184,-8.126872815503E-15));
#3665 = VECTOR('',#3666,1.);
#3666 = DIRECTION('',(1.527908556149E-15,-1.));
#3667 = ( GEOMETRIC_REPRESENTATION_CONTEXT(2) 
PARAMETRIC_REPRESENTATION_CONTEXT() REPRESENTATION_CONTEXT('2D SPACE',''
  ) );
#3668 = ORIENTED_EDGE('',*,*,#2543,.T.);
#3669 = ORIENTED_EDGE('',*,*,#2327,.F.);
#3670 = FACE_BOUND('',#3671,.T.);
#3671 = EDGE_LOOP('',(#3672));
#3672 = ORIENTED_EDGE('',*,*,#3673,.F.);
#3673 = EDGE_CURVE('',#3674,#3674,#3676,.T.);
#3674 = VERTEX_POINT('',#3675);
#3675 = CARTESIAN_POINT('',(9.5,4.,-12.));
#3676 = SURFACE_CURVE('',#3677,(#3682,#3689),.PCURVE_S1.);
#3677 = CIRCLE('',#3678,2.);
#3678 = AXIS2_PLACEMENT_3D('',#3679,#3680,#3681);
#3679 = CARTESIAN_POINT('',(7.5,4.,-12.));
#3680 = DIRECTION('',(3.885780586188E-16,1.,-4.996003610813E-16));
#3681 = DIRECTION('',(1.,-3.885780586188E-16,1.110223024625E-16));
#3682 = PCURVE('',#2343,#3683);
#3683 = DEFINITIONAL_REPRESENTATION('',(#3684),#3688);
#3684 = CIRCLE('',#3685,2.);
#3685 = AXIS2_PLACEMENT_2D('',#3686,#3687);
#3686 = CARTESIAN_POINT('',(2.349954654104,-7.5));
#3687 = DIRECTION('',(1.221245327088E-15,-1.));
#3688 = ( GEOMETRIC_REPRESENTATION_CONTEXT(2) 
PARAMETRIC_REPRESENTATION_CONTEXT() REPRESENTATION_CONTEXT('2D SPACE',''
  ) );
#3689 = PCURVE('',#2803,#3690);
#3690 = DEFINITIONAL_REPRESENTATION('',(#3691),#3695);
#3691 = LINE('',#3692,#3693);
#3692 = CARTESIAN_POINT('',(-6.28318530718,2.));
#3693 = VECTOR('',#3694,1.);
#3694 = DIRECTION('',(1.,-0.));
#3695 = ( GEOMETRIC_REPRESENTATION_CONTEXT(2) 
PARAMETRIC_REPRESENTATION_CONTEXT() REPRESENTATION_CONTEXT('2D SPACE',''
  ) );
#3696 = ADVANCED_FACE('',(#3697),#2505,.T.);
#3697 = FACE_BOUND('',#3698,.T.);
#3698 = EDGE_LOOP('',(#3699,#3700,#3721,#3722));
#3699 = ORIENTED_EDGE('',*,*,#2489,.T.);
#3700 = ORIENTED_EDGE('',*,*,#3701,.T.);
#3701 = EDGE_CURVE('',#2462,#2567,#3702,.T.);
#3702 = SURFACE_CURVE('',#3703,(#3707,#3714),.PCURVE_S1.);
#3703 = LINE('',#3704,#3705);
#3704 = CARTESIAN_POINT('',(5.329070518201E-15,9.,-5.5));
#3705 = VECTOR('',#3706,1.);
#3706 = DIRECTION('',(1.,-1.110223024625E-15,5.551115123126E-17));
#3707 = PCURVE('',#2505,#3708);
#3708 = DEFINITIONAL_REPRESENTATION('',(#3709),#3713);
#3709 = LINE('',#3710,#3711);
#3710 = CARTESIAN_POINT('',(0.,0.));
#3711 = VECTOR('',#3712,1.);
#3712 = DIRECTION('',(1.527908556149E-15,-1.));
#3713 = ( GEOMETRIC_REPRESENTATION_CONTEXT(2) 
PARAMETRIC_REPRESENTATION_CONTEXT() REPRESENTATION_CONTEXT('2D SPACE',''
  ) );
#3714 = PCURVE('',#2477,#3715);
#3715 = DEFINITIONAL_REPRESENTATION('',(#3716),#3720);
#3716 = LINE('',#3717,#3718);
#3717 = CARTESIAN_POINT('',(11.,-9.769962616701E-15));
#3718 = VECTOR('',#3719,1.);
#3719 = DIRECTION('',(1.054711873394E-15,-1.));
#3720 = ( GEOMETRIC_REPRESENTATION_CONTEXT(2) 
PARAMETRIC_REPRESENTATION_CONTEXT() REPRESENTATION_CONTEXT('2D SPACE',''
  ) );
#3721 = ORIENTED_EDGE('',*,*,#2566,.T.);
#3722 = ORIENTED_EDGE('',*,*,#3648,.F.);
#3723 = ADVANCED_FACE('',(#3724,#3750),#2477,.T.);
#3724 = FACE_BOUND('',#3725,.T.);
#3725 = EDGE_LOOP('',(#3726,#3727,#3748,#3749));
#3726 = ORIENTED_EDGE('',*,*,#2461,.T.);
#3727 = ORIENTED_EDGE('',*,*,#3728,.T.);
#3728 = EDGE_CURVE('',#2434,#2590,#3729,.T.);
#3729 = SURFACE_CURVE('',#3730,(#3734,#3741),.PCURVE_S1.);
#3730 = LINE('',#3731,#3732);
#3731 = CARTESIAN_POINT('',(-9.325873406851E-15,9.,5.5));
#3732 = VECTOR('',#3733,1.);
#3733 = DIRECTION('',(1.,-1.110223024625E-15,5.551115123126E-17));
#3734 = PCURVE('',#2477,#3735);
#3735 = DEFINITIONAL_REPRESENTATION('',(#3736),#3740);
#3736 = LINE('',#3737,#3738);
#3737 = CARTESIAN_POINT('',(0.,0.));
#3738 = VECTOR('',#3739,1.);
#3739 = DIRECTION('',(1.054711873394E-15,-1.));
#3740 = ( GEOMETRIC_REPRESENTATION_CONTEXT(2) 
PARAMETRIC_REPRESENTATION_CONTEXT() REPRESENTATION_CONTEXT('2D SPACE',''
  ) );
#3741 = PCURVE('',#2449,#3742);
#3742 = DEFINITIONAL_REPRESENTATION('',(#3743),#3747);
#3743 = LINE('',#3744,#3745);
#3744 = CARTESIAN_POINT('',(6.497913232184,7.549113814986E-16));
#3745 = VECTOR('',#3746,1.);
#3746 = DIRECTION('',(-1.806753921968E-16,-1.));
#3747 = ( GEOMETRIC_REPRESENTATION_CONTEXT(2) 
PARAMETRIC_REPRESENTATION_CONTEXT() REPRESENTATION_CONTEXT('2D SPACE',''
  ) );
#3748 = ORIENTED_EDGE('',*,*,#2589,.T.);
#3749 = ORIENTED_EDGE('',*,*,#3701,.F.);
#3750 = FACE_BOUND('',#3751,.T.);
#3751 = EDGE_LOOP('',(#3752,#3779,#3780,#3807));
#3752 = ORIENTED_EDGE('',*,*,#3753,.F.);
#3753 = EDGE_CURVE('',#3272,#3010,#3754,.T.);
#3754 = SURFACE_CURVE('',#3755,(#3761,#3770),.PCURVE_S1.);
#3755 = B_SPLINE_CURVE_WITH_KNOTS('',4,(#3756,#3757,#3758,#3759,#3760),
  .UNSPECIFIED.,.F.,.F.,(5,5),(0.,1.),.PIECEWISE_BEZIER_KNOTS.);
#3756 = CARTESIAN_POINT('',(9.819303166143,9.,-3.322348431047));
#3757 = CARTESIAN_POINT('',(8.659651583071,9.,-3.322348431047));
#3758 = CARTESIAN_POINT('',(7.5,9.,-3.322348431047));
#3759 = CARTESIAN_POINT('',(6.340348416929,9.,-3.322348431047));
#3760 = CARTESIAN_POINT('',(5.180696833857,9.,-3.322348431047));
#3761 = PCURVE('',#2477,#3762);
#3762 = DEFINITIONAL_REPRESENTATION('',(#3763),#3769);
#3763 = B_SPLINE_CURVE_WITH_KNOTS('',4,(#3764,#3765,#3766,#3767,#3768),
  .UNSPECIFIED.,.F.,.F.,(5,5),(0.,1.),.PIECEWISE_BEZIER_KNOTS.);
#3764 = CARTESIAN_POINT('',(8.822348431047,-9.819303166143));
#3765 = CARTESIAN_POINT('',(8.822348431047,-8.659651583071));
#3766 = CARTESIAN_POINT('',(8.822348431047,-7.5));
#3767 = CARTESIAN_POINT('',(8.822348431047,-6.340348416929));
#3768 = CARTESIAN_POINT('',(8.822348431047,-5.180696833857));
#3769 = ( GEOMETRIC_REPRESENTATION_CONTEXT(2) 
PARAMETRIC_REPRESENTATION_CONTEXT() REPRESENTATION_CONTEXT('2D SPACE',''
  ) );
#3770 = PCURVE('',#3131,#3771);
#3771 = DEFINITIONAL_REPRESENTATION('',(#3772),#3778);
#3772 = B_SPLINE_CURVE_WITH_KNOTS('',4,(#3773,#3774,#3775,#3776,#3777),
  .UNSPECIFIED.,.F.,.F.,(5,5),(0.,1.),.PIECEWISE_BEZIER_KNOTS.);
#3773 = CARTESIAN_POINT('',(2.67694740408,-0.16851086106));
#3774 = CARTESIAN_POINT('',(2.67694740408,0.991140722011));
#3775 = CARTESIAN_POINT('',(2.67694740408,2.150792305083));
#3776 = CARTESIAN_POINT('',(2.67694740408,3.310443888154));
#3777 = CARTESIAN_POINT('',(2.67694740408,4.470095471225));
#3778 = ( GEOMETRIC_REPRESENTATION_CONTEXT(2) 
PARAMETRIC_REPRESENTATION_CONTEXT() REPRESENTATION_CONTEXT('2D SPACE',''
  ) );
#3779 = ORIENTED_EDGE('',*,*,#3423,.T.);
#3780 = ORIENTED_EDGE('',*,*,#3781,.F.);
#3781 = EDGE_CURVE('',#2842,#3424,#3782,.T.);
#3782 = SURFACE_CURVE('',#3783,(#3789,#3798),.PCURVE_S1.);
#3783 = B_SPLINE_CURVE_WITH_KNOTS('',4,(#3784,#3785,#3786,#3787,#3788),
  .UNSPECIFIED.,.F.,.F.,(5,5),(0.,1.),.PIECEWISE_BEZIER_KNOTS.);
#3784 = CARTESIAN_POINT('',(5.180696833857,9.,3.322348431047));
#3785 = CARTESIAN_POINT('',(6.340348416929,9.,3.322348431047));
#3786 = CARTESIAN_POINT('',(7.5,9.,3.322348431047));
#3787 = CARTESIAN_POINT('',(8.659651583071,9.,3.322348431047));
#3788 = CARTESIAN_POINT('',(9.819303166143,9.,3.322348431047));
#3789 = PCURVE('',#2477,#3790);
#3790 = DEFINITIONAL_REPRESENTATION('',(#3791),#3797);
#3791 = B_SPLINE_CURVE_WITH_KNOTS('',4,(#3792,#3793,#3794,#3795,#3796),
  .UNSPECIFIED.,.F.,.F.,(5,5),(0.,1.),.PIECEWISE_BEZIER_KNOTS.);
#3792 = CARTESIAN_POINT('',(2.177651568953,-5.180696833857));
#3793 = CARTESIAN_POINT('',(2.177651568953,-6.340348416929));
#3794 = CARTESIAN_POINT('',(2.177651568953,-7.5));
#3795 = CARTESIAN_POINT('',(2.177651568953,-8.659651583071));
#3796 = CARTESIAN_POINT('',(2.177651568953,-9.819303166143));
#3797 = ( GEOMETRIC_REPRESENTATION_CONTEXT(2) 
PARAMETRIC_REPRESENTATION_CONTEXT() REPRESENTATION_CONTEXT('2D SPACE',''
  ) );
#3798 = PCURVE('',#2943,#3799);
#3799 = DEFINITIONAL_REPRESENTATION('',(#3800),#3806);
#3800 = B_SPLINE_CURVE_WITH_KNOTS('',4,(#3801,#3802,#3803,#3804,#3805),
  .UNSPECIFIED.,.F.,.F.,(5,5),(0.,1.),.PIECEWISE_BEZIER_KNOTS.);
#3801 = CARTESIAN_POINT('',(2.67694740408,-0.16851086106));
#3802 = CARTESIAN_POINT('',(2.67694740408,0.991140722011));
#3803 = CARTESIAN_POINT('',(2.67694740408,2.150792305082));
#3804 = CARTESIAN_POINT('',(2.67694740408,3.310443888154));
#3805 = CARTESIAN_POINT('',(2.67694740408,4.470095471225));
#3806 = ( GEOMETRIC_REPRESENTATION_CONTEXT(2) 
PARAMETRIC_REPRESENTATION_CONTEXT() REPRESENTATION_CONTEXT('2D SPACE',''
  ) );
#3807 = ORIENTED_EDGE('',*,*,#3009,.T.);
#3808 = ADVANCED_FACE('',(#3809),#2449,.T.);
#3809 = FACE_BOUND('',#3810,.T.);
#3810 = EDGE_LOOP('',(#3811,#3812,#3833,#3834));
#3811 = ORIENTED_EDGE('',*,*,#2433,.T.);
#3812 = ORIENTED_EDGE('',*,*,#3813,.T.);
#3813 = EDGE_CURVE('',#2406,#2613,#3814,.T.);
#3814 = SURFACE_CURVE('',#3815,(#3819,#3826),.PCURVE_S1.);
#3815 = LINE('',#3816,#3817);
#3816 = CARTESIAN_POINT('',(-1.374462145773E-14,4.,9.650045345896));
#3817 = VECTOR('',#3818,1.);
#3818 = DIRECTION('',(1.,-1.110223024625E-15,5.551115123126E-17));
#3819 = PCURVE('',#2449,#3820);
#3820 = DEFINITIONAL_REPRESENTATION('',(#3821),#3825);
#3821 = LINE('',#3822,#3823);
#3822 = CARTESIAN_POINT('',(0.,0.));
#3823 = VECTOR('',#3824,1.);
#3824 = DIRECTION('',(-1.806753921968E-16,-1.));
#3825 = ( GEOMETRIC_REPRESENTATION_CONTEXT(2) 
PARAMETRIC_REPRESENTATION_CONTEXT() REPRESENTATION_CONTEXT('2D SPACE',''
  ) );
#3826 = PCURVE('',#2421,#3827);
#3827 = DEFINITIONAL_REPRESENTATION('',(#3828),#3832);
#3828 = LINE('',#3829,#3830);
#3829 = CARTESIAN_POINT('',(7.,-6.217248937901E-15));
#3830 = VECTOR('',#3831,1.);
#3831 = DIRECTION('',(1.054711873394E-15,-1.));
#3832 = ( GEOMETRIC_REPRESENTATION_CONTEXT(2) 
PARAMETRIC_REPRESENTATION_CONTEXT() REPRESENTATION_CONTEXT('2D SPACE',''
  ) );
#3833 = ORIENTED_EDGE('',*,*,#2612,.T.);
#3834 = ORIENTED_EDGE('',*,*,#3728,.F.);
#3835 = ADVANCED_FACE('',(#3836,#3842),#2421,.T.);
#3836 = FACE_BOUND('',#3837,.T.);
#3837 = EDGE_LOOP('',(#3838,#3839,#3840,#3841));
#3838 = ORIENTED_EDGE('',*,*,#2405,.T.);
#3839 = ORIENTED_EDGE('',*,*,#2685,.T.);
#3840 = ORIENTED_EDGE('',*,*,#2635,.T.);
#3841 = ORIENTED_EDGE('',*,*,#3813,.F.);
#3842 = FACE_BOUND('',#3843,.T.);
#3843 = EDGE_LOOP('',(#3844));
#3844 = ORIENTED_EDGE('',*,*,#3845,.F.);
#3845 = EDGE_CURVE('',#3846,#3846,#3848,.T.);
#3846 = VERTEX_POINT('',#3847);
#3847 = CARTESIAN_POINT('',(9.5,4.,12.));
#3848 = SURFACE_CURVE('',#3849,(#3854,#3861),.PCURVE_S1.);
#3849 = CIRCLE('',#3850,2.);
#3850 = AXIS2_PLACEMENT_3D('',#3851,#3852,#3853);
#3851 = CARTESIAN_POINT('',(7.5,4.,12.));
#3852 = DIRECTION('',(3.885780586188E-16,1.,-4.996003610813E-16));
#3853 = DIRECTION('',(1.,-3.885780586188E-16,1.110223024625E-16));
#3854 = PCURVE('',#2421,#3855);
#3855 = DEFINITIONAL_REPRESENTATION('',(#3856),#3860);
#3856 = CIRCLE('',#3857,2.);
#3857 = AXIS2_PLACEMENT_2D('',#3858,#3859);
#3858 = CARTESIAN_POINT('',(4.650045345896,-7.5));
#3859 = DIRECTION('',(1.221245327088E-15,-1.));
#3860 = ( GEOMETRIC_REPRESENTATION_CONTEXT(2) 
PARAMETRIC_REPRESENTATION_CONTEXT() REPRESENTATION_CONTEXT('2D SPACE',''
  ) );
#3861 = PCURVE('',#2748,#3862);
#3862 = DEFINITIONAL_REPRESENTATION('',(#3863),#3867);
#3863 = LINE('',#3864,#3865);
#3864 = CARTESIAN_POINT('',(-6.28318530718,2.));
#3865 = VECTOR('',#3866,1.);
#3866 = DIRECTION('',(1.,-0.));
#3867 = ( GEOMETRIC_REPRESENTATION_CONTEXT(2) 
PARAMETRIC_REPRESENTATION_CONTEXT() REPRESENTATION_CONTEXT('2D SPACE',''
  ) );
#3868 = ADVANCED_FACE('',(#3869),#2748,.F.);
#3869 = FACE_BOUND('',#3870,.T.);
#3870 = EDGE_LOOP('',(#3871,#3892,#3893,#3894));
#3871 = ORIENTED_EDGE('',*,*,#3872,.F.);
#3872 = EDGE_CURVE('',#2711,#3846,#3873,.T.);
#3873 = SEAM_CURVE('',#3874,(#3878,#3885),.PCURVE_S1.);
#3874 = LINE('',#3875,#3876);
#3875 = CARTESIAN_POINT('',(9.5,2.,12.));
#3876 = VECTOR('',#3877,1.);
#3877 = DIRECTION('',(3.089316242435E-16,1.,-4.996003610813E-16));
#3878 = PCURVE('',#2748,#3879);
#3879 = DEFINITIONAL_REPRESENTATION('',(#3880),#3884);
#3880 = LINE('',#3881,#3882);
#3881 = CARTESIAN_POINT('',(-0.,0.));
#3882 = VECTOR('',#3883,1.);
#3883 = DIRECTION('',(-0.,1.));
#3884 = ( GEOMETRIC_REPRESENTATION_CONTEXT(2) 
PARAMETRIC_REPRESENTATION_CONTEXT() REPRESENTATION_CONTEXT('2D SPACE',''
  ) );
#3885 = PCURVE('',#2748,#3886);
#3886 = DEFINITIONAL_REPRESENTATION('',(#3887),#3891);
#3887 = LINE('',#3888,#3889);
#3888 = CARTESIAN_POINT('',(-6.28318530718,0.));
#3889 = VECTOR('',#3890,1.);
#3890 = DIRECTION('',(-0.,1.));
#3891 = ( GEOMETRIC_REPRESENTATION_CONTEXT(2) 
PARAMETRIC_REPRESENTATION_CONTEXT() REPRESENTATION_CONTEXT('2D SPACE',''
  ) );
#3892 = ORIENTED_EDGE('',*,*,#2733,.T.);
#3893 = ORIENTED_EDGE('',*,*,#3872,.T.);
#3894 = ORIENTED_EDGE('',*,*,#3845,.T.);
#3895 = ADVANCED_FACE('',(#3896),#2803,.F.);
#3896 = FACE_BOUND('',#3897,.T.);
#3897 = EDGE_LOOP('',(#3898,#3919,#3920,#3921));
#3898 = ORIENTED_EDGE('',*,*,#3899,.F.);
#3899 = EDGE_CURVE('',#2766,#3674,#3900,.T.);
#3900 = SEAM_CURVE('',#3901,(#3905,#3912),.PCURVE_S1.);
#3901 = LINE('',#3902,#3903);
#3902 = CARTESIAN_POINT('',(9.5,2.,-12.));
#3903 = VECTOR('',#3904,1.);
#3904 = DIRECTION('',(3.089316242435E-16,1.,-4.996003610813E-16));
#3905 = PCURVE('',#2803,#3906);
#3906 = DEFINITIONAL_REPRESENTATION('',(#3907),#3911);
#3907 = LINE('',#3908,#3909);
#3908 = CARTESIAN_POINT('',(-0.,0.));
#3909 = VECTOR('',#3910,1.);
#3910 = DIRECTION('',(-0.,1.));
#3911 = ( GEOMETRIC_REPRESENTATION_CONTEXT(2) 
PARAMETRIC_REPRESENTATION_CONTEXT() REPRESENTATION_CONTEXT('2D SPACE',''
  ) );
#3912 = PCURVE('',#2803,#3913);
#3913 = DEFINITIONAL_REPRESENTATION('',(#3914),#3918);
#3914 = LINE('',#3915,#3916);
#3915 = CARTESIAN_POINT('',(-6.28318530718,0.));
#3916 = VECTOR('',#3917,1.);
#3917 = DIRECTION('',(-0.,1.));
#3918 = ( GEOMETRIC_REPRESENTATION_CONTEXT(2) 
PARAMETRIC_REPRESENTATION_CONTEXT() REPRESENTATION_CONTEXT('2D SPACE',''
  ) );
#3919 = ORIENTED_EDGE('',*,*,#2788,.T.);
#3920 = ORIENTED_EDGE('',*,*,#3899,.T.);
#3921 = ORIENTED_EDGE('',*,*,#3673,.T.);
#3922 = ADVANCED_FACE('',(#3923),#3131,.T.);
#3923 = FACE_BOUND('',#3924,.T.);
#3924 = EDGE_LOOP('',(#3925,#3926,#3927,#3928));
#3925 = ORIENTED_EDGE('',*,*,#3222,.F.);
#3926 = ORIENTED_EDGE('',*,*,#3271,.T.);
#3927 = ORIENTED_EDGE('',*,*,#3753,.T.);
#3928 = ORIENTED_EDGE('',*,*,#3029,.F.);
#3929 = ADVANCED_FACE('',(#3930),#2943,.T.);
#3930 = FACE_BOUND('',#3931,.T.);
#3931 = EDGE_LOOP('',(#3932,#3933,#3934,#3935));
#3932 = ORIENTED_EDGE('',*,*,#3620,.F.);
#3933 = ORIENTED_EDGE('',*,*,#2841,.T.);
#3934 = ORIENTED_EDGE('',*,*,#3781,.T.);
#3935 = ORIENTED_EDGE('',*,*,#3443,.F.);
#3936 = ( GEOMETRIC_REPRESENTATION_CONTEXT(3) 
GLOBAL_UNCERTAINTY_ASSIGNED_CONTEXT((#3940)) 
GLOBAL_UNIT_ASSIGNED_CONTEXT((#3937,#3938,#3939)) REPRESENTATION_CONTEXT
('Context #1','3D Context with UNIT and UNCERTAINTY') );
#3937 = ( LENGTH_UNIT() NAMED_UNIT(*) SI_UNIT(.MILLI.,.METRE.) );
#3938 = ( NAMED_UNIT(*) PLANE_ANGLE_UNIT() SI_UNIT($,.RADIAN.) );
#3939 = ( NAMED_UNIT(*) SI_UNIT($,.STERADIAN.) SOLID_ANGLE_UNIT() );
#3940 = UNCERTAINTY_MEASURE_WITH_UNIT(LENGTH_MEASURE(5.E-07),#3937,
  'distance_accuracy_value','confusion accuracy');
#3941 = CONTEXT_DEPENDENT_SHAPE_REPRESENTATION(#3942,#3944);
#3942 = ( REPRESENTATION_RELATIONSHIP('','',#2001,#10) 
REPRESENTATION_RELATIONSHIP_WITH_TRANSFORMATION(#3943) 
SHAPE_REPRESENTATION_RELATIONSHIP() );
#3943 = ITEM_DEFINED_TRANSFORMATION('','',#11,#19);
#3944 = PRODUCT_DEFINITION_SHAPE('Placement','Placement of an item',
  #3945);
#3945 = NEXT_ASSEMBLY_USAGE_OCCURRENCE('9','Body012','',#5,#1996,$);
#3946 = PRODUCT_RELATED_PRODUCT_CATEGORY('part',$,(#1998));
#3947 = SHAPE_DEFINITION_REPRESENTATION(#3948,#3954);
#3948 = PRODUCT_DEFINITION_SHAPE('','',#3949);
#3949 = PRODUCT_DEFINITION('design','',#3950,#3953);
#3950 = PRODUCT_DEFINITION_FORMATION('','',#3951);
#3951 = PRODUCT('Body013','Body013','',(#3952));
#3952 = PRODUCT_CONTEXT('',#2,'mechanical');
#3953 = PRODUCT_DEFINITION_CONTEXT('part definition',#2,'design');
#3954 = ADVANCED_BREP_SHAPE_REPRESENTATION('',(#11,#3955),#5889);
#3955 = MANIFOLD_SOLID_BREP('',#3956);
#3956 = CLOSED_SHELL('',(#3957,#4253,#4329,#4490,#4631,#4658,#4713,#4768
    ,#5170,#5219,#5568,#5596,#5649,#5676,#5761,#5788,#5821,#5848,#5875,
    #5882));
#3957 = ADVANCED_FACE('',(#3958,#4077,#4108,#4139),#3972,.T.);
#3958 = FACE_BOUND('',#3959,.T.);
#3959 = EDGE_LOOP('',(#3960,#3995,#4023,#4051));
#3960 = ORIENTED_EDGE('',*,*,#3961,.T.);
#3961 = EDGE_CURVE('',#3962,#3964,#3966,.T.);
#3962 = VERTEX_POINT('',#3963);
#3963 = CARTESIAN_POINT('',(1.50990331349E-14,-7.549516567451E-15,-17.)
  );
#3964 = VERTEX_POINT('',#3965);
#3965 = CARTESIAN_POINT('',(15.,-1.754152378908E-14,-17.));
#3966 = SURFACE_CURVE('',#3967,(#3971,#3983),.PCURVE_S1.);
#3967 = LINE('',#3968,#3969);
#3968 = CARTESIAN_POINT('',(2.264854970235E-14,-1.439671152028E-29,-17.)
  );
#3969 = VECTOR('',#3970,1.);
#3970 = DIRECTION('',(1.,-1.110223024625E-15,5.551115123126E-17));
#3971 = PCURVE('',#3972,#3977);
#3972 = PLANE('',#3973);
#3973 = AXIS2_PLACEMENT_3D('',#3974,#3975,#3976);
#3974 = CARTESIAN_POINT('',(2.264854970235E-14,-1.439671152028E-29,-17.)
  );
#3975 = DIRECTION('',(-6.039716305598E-31,-1.,1.110223024625E-15));
#3976 = DIRECTION('',(-1.33226762955E-15,8.874685183736E-31,1.));
#3977 = DEFINITIONAL_REPRESENTATION('',(#3978),#3982);
#3978 = LINE('',#3979,#3980);
#3979 = CARTESIAN_POINT('',(0.,0.));
#3980 = VECTOR('',#3981,1.);
#3981 = DIRECTION('',(-1.054711873394E-15,-1.));
#3982 = ( GEOMETRIC_REPRESENTATION_CONTEXT(2) 
PARAMETRIC_REPRESENTATION_CONTEXT() REPRESENTATION_CONTEXT('2D SPACE',''
  ) );
#3983 = PCURVE('',#3984,#3989);
#3984 = PLANE('',#3985);
#3985 = AXIS2_PLACEMENT_3D('',#3986,#3987,#3988);
#3986 = CARTESIAN_POINT('',(2.129413802518E-14,4.,-16.65004534589));
#3987 = DIRECTION('',(1.161298205373E-15,8.715574274765E-02,
    -0.996194698092));
#3988 = DIRECTION('',(3.373144329583E-16,-0.996194698092,
    -8.715574274765E-02));
#3989 = DEFINITIONAL_REPRESENTATION('',(#3990),#3994);
#3990 = LINE('',#3991,#3992);
#3991 = CARTESIAN_POINT('',(4.015279350173,-3.863535850449E-15));
#3992 = VECTOR('',#3993,1.);
#3993 = DIRECTION('',(1.197922487541E-15,-1.));
#3994 = ( GEOMETRIC_REPRESENTATION_CONTEXT(2) 
PARAMETRIC_REPRESENTATION_CONTEXT() REPRESENTATION_CONTEXT('2D SPACE',''
  ) );
#3995 = ORIENTED_EDGE('',*,*,#3996,.T.);
#3996 = EDGE_CURVE('',#3964,#3997,#3999,.T.);
#3997 = VERTEX_POINT('',#3998);
#3998 = CARTESIAN_POINT('',(15.,-2.442490654175E-15,17.));
#3999 = SURFACE_CURVE('',#4000,(#4004,#4011),.PCURVE_S1.);
#4000 = LINE('',#4001,#4002);
#4001 = CARTESIAN_POINT('',(15.,-2.442490654175E-15,-17.));
#4002 = VECTOR('',#4003,1.);
#4003 = DIRECTION('',(-1.7763568394E-15,-4.440892098501E-16,1.));
#4004 = PCURVE('',#3972,#4005);
#4005 = DEFINITIONAL_REPRESENTATION('',(#4006),#4010);
#4006 = LINE('',#4007,#4008);
#4007 = CARTESIAN_POINT('',(-2.39808173319E-14,-15.));
#4008 = VECTOR('',#4009,1.);
#4009 = DIRECTION('',(1.,1.33226762955E-15));
#4010 = ( GEOMETRIC_REPRESENTATION_CONTEXT(2) 
PARAMETRIC_REPRESENTATION_CONTEXT() REPRESENTATION_CONTEXT('2D SPACE',''
  ) );
#4011 = PCURVE('',#4012,#4017);
#4012 = PLANE('',#4013);
#4013 = AXIS2_PLACEMENT_3D('',#4014,#4015,#4016);
#4014 = CARTESIAN_POINT('',(14.633576400036,10.492999017397,-20.));
#4015 = DIRECTION('',(0.999390827019,3.48994967025E-02,0.));
#4016 = DIRECTION('',(3.48994967025E-02,-0.999390827019,0.));
#4017 = DEFINITIONAL_REPRESENTATION('',(#4018),#4022);
#4018 = LINE('',#4019,#4020);
#4019 = CARTESIAN_POINT('',(10.499394965126,-3.));
#4020 = VECTOR('',#4021,1.);
#4021 = DIRECTION('',(3.818247230432E-16,-1.));
#4022 = ( GEOMETRIC_REPRESENTATION_CONTEXT(2) 
PARAMETRIC_REPRESENTATION_CONTEXT() REPRESENTATION_CONTEXT('2D SPACE',''
  ) );
#4023 = ORIENTED_EDGE('',*,*,#4024,.F.);
#4024 = EDGE_CURVE('',#4025,#3997,#4027,.T.);
#4025 = VERTEX_POINT('',#4026);
#4026 = CARTESIAN_POINT('',(-1.50990331349E-14,7.549516567451E-15,17.));
#4027 = SURFACE_CURVE('',#4028,(#4032,#4039),.PCURVE_S1.);
#4028 = LINE('',#4029,#4030);
#4029 = CARTESIAN_POINT('',(-2.264854970235E-14,1.439671152028E-29,17.)
  );
#4030 = VECTOR('',#4031,1.);
#4031 = DIRECTION('',(1.,-1.110223024625E-15,5.551115123126E-17));
#4032 = PCURVE('',#3972,#4033);
#4033 = DEFINITIONAL_REPRESENTATION('',(#4034),#4038);
#4034 = LINE('',#4035,#4036);
#4035 = CARTESIAN_POINT('',(34.,3.01980662698E-14));
#4036 = VECTOR('',#4037,1.);
#4037 = DIRECTION('',(-1.054711873394E-15,-1.));
#4038 = ( GEOMETRIC_REPRESENTATION_CONTEXT(2) 
PARAMETRIC_REPRESENTATION_CONTEXT() REPRESENTATION_CONTEXT('2D SPACE',''
  ) );
#4039 = PCURVE('',#4040,#4045);
#4040 = PLANE('',#4041);
#4041 = AXIS2_PLACEMENT_3D('',#4042,#4043,#4044);
#4042 = CARTESIAN_POINT('',(-2.264854970235E-14,1.439671152028E-29,17.)
  );
#4043 = DIRECTION('',(-1.161298205373E-15,8.715574274766E-02,
    0.996194698092));
#4044 = DIRECTION('',(-1.050848833741E-16,0.996194698092,
    -8.715574274766E-02));
#4045 = DEFINITIONAL_REPRESENTATION('',(#4046),#4050);
#4046 = LINE('',#4047,#4048);
#4047 = CARTESIAN_POINT('',(0.,0.));
#4048 = VECTOR('',#4049,1.);
#4049 = DIRECTION('',(-1.014074094121E-15,-1.));
#4050 = ( GEOMETRIC_REPRESENTATION_CONTEXT(2) 
PARAMETRIC_REPRESENTATION_CONTEXT() REPRESENTATION_CONTEXT('2D SPACE',''
  ) );
#4051 = ORIENTED_EDGE('',*,*,#4052,.F.);
#4052 = EDGE_CURVE('',#3962,#4025,#4053,.T.);
#4053 = SURFACE_CURVE('',#4054,(#4058,#4065),.PCURVE_S1.);
#4054 = LINE('',#4055,#4056);
#4055 = CARTESIAN_POINT('',(3.01980662698E-14,7.549516567451E-15,-17.));
#4056 = VECTOR('',#4057,1.);
#4057 = DIRECTION('',(-1.7763568394E-15,-4.440892098501E-16,1.));
#4058 = PCURVE('',#3972,#4059);
#4059 = DEFINITIONAL_REPRESENTATION('',(#4060),#4064);
#4060 = LINE('',#4061,#4062);
#4061 = CARTESIAN_POINT('',(-1.42108547152E-14,-7.549516567451E-15));
#4062 = VECTOR('',#4063,1.);
#4063 = DIRECTION('',(1.,1.33226762955E-15));
#4064 = ( GEOMETRIC_REPRESENTATION_CONTEXT(2) 
PARAMETRIC_REPRESENTATION_CONTEXT() REPRESENTATION_CONTEXT('2D SPACE',''
  ) );
#4065 = PCURVE('',#4066,#4071);
#4066 = PLANE('',#4067);
#4067 = AXIS2_PLACEMENT_3D('',#4068,#4069,#4070);
#4068 = CARTESIAN_POINT('',(0.,0.,-20.));
#4069 = DIRECTION('',(-0.999390827019,3.48994967025E-02,0.));
#4070 = DIRECTION('',(3.48994967025E-02,0.999390827019,0.));
#4071 = DEFINITIONAL_REPRESENTATION('',(#4072),#4076);
#4072 = LINE('',#4073,#4074);
#4073 = CARTESIAN_POINT('',(8.598814920144E-15,-3.));
#4074 = VECTOR('',#4075,1.);
#4075 = DIRECTION('',(-5.058126423614E-16,-1.));
#4076 = ( GEOMETRIC_REPRESENTATION_CONTEXT(2) 
PARAMETRIC_REPRESENTATION_CONTEXT() REPRESENTATION_CONTEXT('2D SPACE',''
  ) );
#4077 = FACE_BOUND('',#4078,.T.);
#4078 = EDGE_LOOP('',(#4079));
#4079 = ORIENTED_EDGE('',*,*,#4080,.F.);
#4080 = EDGE_CURVE('',#4081,#4081,#4083,.T.);
#4081 = VERTEX_POINT('',#4082);
#4082 = CARTESIAN_POINT('',(11.5,-3.219646771413E-15,12.));
#4083 = SURFACE_CURVE('',#4084,(#4089,#4096),.PCURVE_S1.);
#4084 = CIRCLE('',#4085,4.);
#4085 = AXIS2_PLACEMENT_3D('',#4086,#4087,#4088);
#4086 = CARTESIAN_POINT('',(7.5,-1.665334536938E-15,12.));
#4087 = DIRECTION('',(-3.885780586188E-16,-1.,4.996003610813E-16));
#4088 = DIRECTION('',(1.,-3.885780586188E-16,1.110223024625E-16));
#4089 = PCURVE('',#3972,#4090);
#4090 = DEFINITIONAL_REPRESENTATION('',(#4091),#4095);
#4091 = CIRCLE('',#4092,4.);
#4092 = AXIS2_PLACEMENT_2D('',#4093,#4094);
#4093 = CARTESIAN_POINT('',(29.,-7.5));
#4094 = DIRECTION('',(-1.221245327088E-15,-1.));
#4095 = ( GEOMETRIC_REPRESENTATION_CONTEXT(2) 
PARAMETRIC_REPRESENTATION_CONTEXT() REPRESENTATION_CONTEXT('2D SPACE',''
  ) );
#4096 = PCURVE('',#4097,#4102);
#4097 = CONICAL_SURFACE('',#4098,4.,0.785398163397);
#4098 = AXIS2_PLACEMENT_3D('',#4099,#4100,#4101);
#4099 = CARTESIAN_POINT('',(7.5,-1.665334536938E-15,12.));
#4100 = DIRECTION('',(-3.885780586188E-16,-1.,4.996003610813E-16));
#4101 = DIRECTION('',(1.,-3.885780586188E-16,1.110223024625E-16));
#4102 = DEFINITIONAL_REPRESENTATION('',(#4103),#4107);
#4103 = LINE('',#4104,#4105);
#4104 = CARTESIAN_POINT('',(0.,-0.));
#4105 = VECTOR('',#4106,1.);
#4106 = DIRECTION('',(1.,-0.));
#4107 = ( GEOMETRIC_REPRESENTATION_CONTEXT(2) 
PARAMETRIC_REPRESENTATION_CONTEXT() REPRESENTATION_CONTEXT('2D SPACE',''
  ) );
#4108 = FACE_BOUND('',#4109,.T.);
#4109 = EDGE_LOOP('',(#4110));
#4110 = ORIENTED_EDGE('',*,*,#4111,.F.);
#4111 = EDGE_CURVE('',#4112,#4112,#4114,.T.);
#4112 = VERTEX_POINT('',#4113);
#4113 = CARTESIAN_POINT('',(11.5,-9.880984919164E-15,-12.));
#4114 = SURFACE_CURVE('',#4115,(#4120,#4127),.PCURVE_S1.);
#4115 = CIRCLE('',#4116,4.);
#4116 = AXIS2_PLACEMENT_3D('',#4117,#4118,#4119);
#4117 = CARTESIAN_POINT('',(7.5,-8.326672684689E-15,-12.));
#4118 = DIRECTION('',(-3.885780586188E-16,-1.,4.996003610813E-16));
#4119 = DIRECTION('',(1.,-3.885780586188E-16,1.110223024625E-16));
#4120 = PCURVE('',#3972,#4121);
#4121 = DEFINITIONAL_REPRESENTATION('',(#4122),#4126);
#4122 = CIRCLE('',#4123,4.);
#4123 = AXIS2_PLACEMENT_2D('',#4124,#4125);
#4124 = CARTESIAN_POINT('',(5.,-7.5));
#4125 = DIRECTION('',(-1.221245327088E-15,-1.));
#4126 = ( GEOMETRIC_REPRESENTATION_CONTEXT(2) 
PARAMETRIC_REPRESENTATION_CONTEXT() REPRESENTATION_CONTEXT('2D SPACE',''
  ) );
#4127 = PCURVE('',#4128,#4133);
#4128 = CONICAL_SURFACE('',#4129,4.,0.785398163397);
#4129 = AXIS2_PLACEMENT_3D('',#4130,#4131,#4132);
#4130 = CARTESIAN_POINT('',(7.5,-8.326672684689E-15,-12.));
#4131 = DIRECTION('',(-3.885780586188E-16,-1.,4.996003610813E-16));
#4132 = DIRECTION('',(1.,-3.885780586188E-16,1.110223024625E-16));
#4133 = DEFINITIONAL_REPRESENTATION('',(#4134),#4138);
#4134 = LINE('',#4135,#4136);
#4135 = CARTESIAN_POINT('',(0.,-0.));
#4136 = VECTOR('',#4137,1.);
#4137 = DIRECTION('',(1.,-0.));
#4138 = ( GEOMETRIC_REPRESENTATION_CONTEXT(2) 
PARAMETRIC_REPRESENTATION_CONTEXT() REPRESENTATION_CONTEXT('2D SPACE',''
  ) );
#4139 = FACE_BOUND('',#4140,.T.);
#4140 = EDGE_LOOP('',(#4141,#4171,#4199,#4227));
#4141 = ORIENTED_EDGE('',*,*,#4142,.T.);
#4142 = EDGE_CURVE('',#4143,#4145,#4147,.T.);
#4143 = VERTEX_POINT('',#4144);
#4144 = CARTESIAN_POINT('',(5.,-1.221245327088E-15,-5.5));
#4145 = VERTEX_POINT('',#4146);
#4146 = CARTESIAN_POINT('',(5.,1.221245327088E-15,5.5));
#4147 = SURFACE_CURVE('',#4148,(#4152,#4159),.PCURVE_S1.);
#4148 = LINE('',#4149,#4150);
#4149 = CARTESIAN_POINT('',(5.,-1.221245327088E-15,-5.5));
#4150 = VECTOR('',#4151,1.);
#4151 = DIRECTION('',(0.,2.22044604925E-16,1.));
#4152 = PCURVE('',#3972,#4153);
#4153 = DEFINITIONAL_REPRESENTATION('',(#4154),#4158);
#4154 = LINE('',#4155,#4156);
#4155 = CARTESIAN_POINT('',(11.5,-5.));
#4156 = VECTOR('',#4157,1.);
#4157 = DIRECTION('',(1.,-2.22044604925E-16));
#4158 = ( GEOMETRIC_REPRESENTATION_CONTEXT(2) 
PARAMETRIC_REPRESENTATION_CONTEXT() REPRESENTATION_CONTEXT('2D SPACE',''
  ) );
#4159 = PCURVE('',#4160,#4165);
#4160 = B_SPLINE_SURFACE_WITH_KNOTS('',1,1,(
    (#4161,#4162)
    ,(#4163,#4164
    )),.UNSPECIFIED.,.F.,.F.,.F.,(2,2),(2,2),(0.,11.),(0.,1.),
  .PIECEWISE_BEZIER_KNOTS.);
#4161 = CARTESIAN_POINT('',(5.,-1.221245327088E-15,-5.5));
#4162 = CARTESIAN_POINT('',(5.349207694917,10.,-5.150792305083));
#4163 = CARTESIAN_POINT('',(5.,1.221245327088E-15,5.5));
#4164 = CARTESIAN_POINT('',(5.349207694917,10.,5.150792305083));
#4165 = DEFINITIONAL_REPRESENTATION('',(#4166),#4170);
#4166 = LINE('',#4167,#4168);
#4167 = CARTESIAN_POINT('',(0.,0.));
#4168 = VECTOR('',#4169,1.);
#4169 = DIRECTION('',(1.,0.));
#4170 = ( GEOMETRIC_REPRESENTATION_CONTEXT(2) 
PARAMETRIC_REPRESENTATION_CONTEXT() REPRESENTATION_CONTEXT('2D SPACE',''
  ) );
#4171 = ORIENTED_EDGE('',*,*,#4172,.T.);
#4172 = EDGE_CURVE('',#4145,#4173,#4175,.T.);
#4173 = VERTEX_POINT('',#4174);
#4174 = CARTESIAN_POINT('',(10.,1.221245327088E-15,5.5));
#4175 = SURFACE_CURVE('',#4176,(#4180,#4187),.PCURVE_S1.);
#4176 = LINE('',#4177,#4178);
#4177 = CARTESIAN_POINT('',(5.,1.221245327088E-15,5.5));
#4178 = VECTOR('',#4179,1.);
#4179 = DIRECTION('',(1.,0.,0.));
#4180 = PCURVE('',#3972,#4181);
#4181 = DEFINITIONAL_REPRESENTATION('',(#4182),#4186);
#4182 = LINE('',#4183,#4184);
#4183 = CARTESIAN_POINT('',(22.5,-5.));
#4184 = VECTOR('',#4185,1.);
#4185 = DIRECTION('',(-1.33226762955E-15,-1.));
#4186 = ( GEOMETRIC_REPRESENTATION_CONTEXT(2) 
PARAMETRIC_REPRESENTATION_CONTEXT() REPRESENTATION_CONTEXT('2D SPACE',''
  ) );
#4187 = PCURVE('',#4188,#4193);
#4188 = B_SPLINE_SURFACE_WITH_KNOTS('',1,1,(
    (#4189,#4190)
    ,(#4191,#4192
    )),.UNSPECIFIED.,.F.,.F.,.F.,(2,2),(2,2),(0.,5.),(0.,1.),
  .PIECEWISE_BEZIER_KNOTS.);
#4189 = CARTESIAN_POINT('',(5.,1.221245327088E-15,5.5));
#4190 = CARTESIAN_POINT('',(5.349207694917,10.,5.150792305083));
#4191 = CARTESIAN_POINT('',(10.,1.221245327088E-15,5.5));
#4192 = CARTESIAN_POINT('',(9.650792305083,10.,5.150792305083));
#4193 = DEFINITIONAL_REPRESENTATION('',(#4194),#4198);
#4194 = LINE('',#4195,#4196);
#4195 = CARTESIAN_POINT('',(0.,0.));
#4196 = VECTOR('',#4197,1.);
#4197 = DIRECTION('',(1.,0.));
#4198 = ( GEOMETRIC_REPRESENTATION_CONTEXT(2) 
PARAMETRIC_REPRESENTATION_CONTEXT() REPRESENTATION_CONTEXT('2D SPACE',''
  ) );
#4199 = ORIENTED_EDGE('',*,*,#4200,.T.);
#4200 = EDGE_CURVE('',#4173,#4201,#4203,.T.);
#4201 = VERTEX_POINT('',#4202);
#4202 = CARTESIAN_POINT('',(10.,-1.221245327088E-15,-5.5));
#4203 = SURFACE_CURVE('',#4204,(#4208,#4215),.PCURVE_S1.);
#4204 = LINE('',#4205,#4206);
#4205 = CARTESIAN_POINT('',(10.,1.221245327088E-15,5.5));
#4206 = VECTOR('',#4207,1.);
#4207 = DIRECTION('',(0.,-2.22044604925E-16,-1.));
#4208 = PCURVE('',#3972,#4209);
#4209 = DEFINITIONAL_REPRESENTATION('',(#4210),#4214);
#4210 = LINE('',#4211,#4212);
#4211 = CARTESIAN_POINT('',(22.5,-10.));
#4212 = VECTOR('',#4213,1.);
#4213 = DIRECTION('',(-1.,2.22044604925E-16));
#4214 = ( GEOMETRIC_REPRESENTATION_CONTEXT(2) 
PARAMETRIC_REPRESENTATION_CONTEXT() REPRESENTATION_CONTEXT('2D SPACE',''
  ) );
#4215 = PCURVE('',#4216,#4221);
#4216 = B_SPLINE_SURFACE_WITH_KNOTS('',1,1,(
    (#4217,#4218)
    ,(#4219,#4220
    )),.UNSPECIFIED.,.F.,.F.,.F.,(2,2),(2,2),(0.,11.),(0.,1.),
  .PIECEWISE_BEZIER_KNOTS.);
#4217 = CARTESIAN_POINT('',(10.,1.221245327088E-15,5.5));
#4218 = CARTESIAN_POINT('',(9.650792305083,10.,5.150792305083));
#4219 = CARTESIAN_POINT('',(10.,-1.221245327088E-15,-5.5));
#4220 = CARTESIAN_POINT('',(9.650792305083,10.,-5.150792305083));
#4221 = DEFINITIONAL_REPRESENTATION('',(#4222),#4226);
#4222 = LINE('',#4223,#4224);
#4223 = CARTESIAN_POINT('',(0.,0.));
#4224 = VECTOR('',#4225,1.);
#4225 = DIRECTION('',(1.,0.));
#4226 = ( GEOMETRIC_REPRESENTATION_CONTEXT(2) 
PARAMETRIC_REPRESENTATION_CONTEXT() REPRESENTATION_CONTEXT('2D SPACE',''
  ) );
#4227 = ORIENTED_EDGE('',*,*,#4228,.T.);
#4228 = EDGE_CURVE('',#4201,#4143,#4229,.T.);
#4229 = SURFACE_CURVE('',#4230,(#4234,#4241),.PCURVE_S1.);
#4230 = LINE('',#4231,#4232);
#4231 = CARTESIAN_POINT('',(10.,-1.221245327088E-15,-5.5));
#4232 = VECTOR('',#4233,1.);
#4233 = DIRECTION('',(-1.,0.,0.));
#4234 = PCURVE('',#3972,#4235);
#4235 = DEFINITIONAL_REPRESENTATION('',(#4236),#4240);
#4236 = LINE('',#4237,#4238);
#4237 = CARTESIAN_POINT('',(11.5,-10.));
#4238 = VECTOR('',#4239,1.);
#4239 = DIRECTION('',(1.33226762955E-15,1.));
#4240 = ( GEOMETRIC_REPRESENTATION_CONTEXT(2) 
PARAMETRIC_REPRESENTATION_CONTEXT() REPRESENTATION_CONTEXT('2D SPACE',''
  ) );
#4241 = PCURVE('',#4242,#4247);
#4242 = B_SPLINE_SURFACE_WITH_KNOTS('',1,1,(
    (#4243,#4244)
    ,(#4245,#4246
    )),.UNSPECIFIED.,.F.,.F.,.F.,(2,2),(2,2),(0.,5.),(0.,1.),
  .PIECEWISE_BEZIER_KNOTS.);
#4243 = CARTESIAN_POINT('',(10.,-1.221245327088E-15,-5.5));
#4244 = CARTESIAN_POINT('',(9.650792305083,10.,-5.150792305083));
#4245 = CARTESIAN_POINT('',(5.,-1.221245327088E-15,-5.5));
#4246 = CARTESIAN_POINT('',(5.349207694917,10.,-5.150792305083));
#4247 = DEFINITIONAL_REPRESENTATION('',(#4248),#4252);
#4248 = LINE('',#4249,#4250);
#4249 = CARTESIAN_POINT('',(0.,0.));
#4250 = VECTOR('',#4251,1.);
#4251 = DIRECTION('',(1.,0.));
#4252 = ( GEOMETRIC_REPRESENTATION_CONTEXT(2) 
PARAMETRIC_REPRESENTATION_CONTEXT() REPRESENTATION_CONTEXT('2D SPACE',''
  ) );
#4253 = ADVANCED_FACE('',(#4254),#3984,.T.);
#4254 = FACE_BOUND('',#4255,.T.);
#4255 = EDGE_LOOP('',(#4256,#4279,#4307,#4328));
#4256 = ORIENTED_EDGE('',*,*,#4257,.T.);
#4257 = EDGE_CURVE('',#3962,#4258,#4260,.T.);
#4258 = VERTEX_POINT('',#4259);
#4259 = CARTESIAN_POINT('',(0.139683077967,4.,-16.65004534589));
#4260 = SURFACE_CURVE('',#4261,(#4265,#4272),.PCURVE_S1.);
#4261 = LINE('',#4262,#4263);
#4262 = CARTESIAN_POINT('',(6.521467039812E-02,1.867503819282,
    -16.83661458672));
#4263 = VECTOR('',#4264,1.);
#4264 = DIRECTION('',(3.476685441099E-02,0.995592448763,
    8.71030527588E-02));
#4265 = PCURVE('',#3984,#4266);
#4266 = DEFINITIONAL_REPRESENTATION('',(#4267),#4271);
#4267 = LINE('',#4268,#4269);
#4268 = CARTESIAN_POINT('',(2.14064196969,-6.52146703981E-02));
#4269 = VECTOR('',#4270,1.);
#4270 = DIRECTION('',(-0.999395450177,-3.476685441099E-02));
#4271 = ( GEOMETRIC_REPRESENTATION_CONTEXT(2) 
PARAMETRIC_REPRESENTATION_CONTEXT() REPRESENTATION_CONTEXT('2D SPACE',''
  ) );
#4272 = PCURVE('',#4066,#4273);
#4273 = DEFINITIONAL_REPRESENTATION('',(#4274),#4278);
#4274 = LINE('',#4275,#4276);
#4275 = CARTESIAN_POINT('',(1.868642145588,-3.163385413279));
#4276 = VECTOR('',#4277,1.);
#4277 = DIRECTION('',(0.996199306464,-8.71030527588E-02));
#4278 = ( GEOMETRIC_REPRESENTATION_CONTEXT(2) 
PARAMETRIC_REPRESENTATION_CONTEXT() REPRESENTATION_CONTEXT('2D SPACE',''
  ) );
#4279 = ORIENTED_EDGE('',*,*,#4280,.T.);
#4280 = EDGE_CURVE('',#4258,#4281,#4283,.T.);
#4281 = VERTEX_POINT('',#4282);
#4282 = CARTESIAN_POINT('',(14.860316922033,4.,-16.65004534589));
#4283 = SURFACE_CURVE('',#4284,(#4288,#4295),.PCURVE_S1.);
#4284 = LINE('',#4285,#4286);
#4285 = CARTESIAN_POINT('',(2.129413802518E-14,4.,-16.65004534589));
#4286 = VECTOR('',#4287,1.);
#4287 = DIRECTION('',(1.,-1.110223024625E-15,5.551115123126E-17));
#4288 = PCURVE('',#3984,#4289);
#4289 = DEFINITIONAL_REPRESENTATION('',(#4290),#4294);
#4290 = LINE('',#4291,#4292);
#4291 = CARTESIAN_POINT('',(0.,0.));
#4292 = VECTOR('',#4293,1.);
#4293 = DIRECTION('',(1.197922487541E-15,-1.));
#4294 = ( GEOMETRIC_REPRESENTATION_CONTEXT(2) 
PARAMETRIC_REPRESENTATION_CONTEXT() REPRESENTATION_CONTEXT('2D SPACE',''
  ) );
#4295 = PCURVE('',#4296,#4301);
#4296 = PLANE('',#4297);
#4297 = AXIS2_PLACEMENT_3D('',#4298,#4299,#4300);
#4298 = CARTESIAN_POINT('',(1.196826461833E-14,4.,-9.650045345896));
#4299 = DIRECTION('',(6.039716305598E-31,1.,-1.110223024625E-15));
#4300 = DIRECTION('',(1.33226762955E-15,-8.874685183736E-31,-1.));
#4301 = DEFINITIONAL_REPRESENTATION('',(#4302),#4306);
#4302 = LINE('',#4303,#4304);
#4303 = CARTESIAN_POINT('',(7.,-6.217248937901E-15));
#4304 = VECTOR('',#4305,1.);
#4305 = DIRECTION('',(1.054711873394E-15,-1.));
#4306 = ( GEOMETRIC_REPRESENTATION_CONTEXT(2) 
PARAMETRIC_REPRESENTATION_CONTEXT() REPRESENTATION_CONTEXT('2D SPACE',''
  ) );
#4307 = ORIENTED_EDGE('',*,*,#4308,.T.);
#4308 = EDGE_CURVE('',#4281,#3964,#4309,.T.);
#4309 = SURFACE_CURVE('',#4310,(#4314,#4321),.PCURVE_S1.);
#4310 = LINE('',#4311,#4312);
#4311 = CARTESIAN_POINT('',(14.743898040641,7.333800574446,
    -16.35837558917));
#4312 = VECTOR('',#4313,1.);
#4313 = DIRECTION('',(3.476685441099E-02,-0.995592448763,
    -8.71030527588E-02));
#4314 = PCURVE('',#3984,#4315);
#4315 = DEFINITIONAL_REPRESENTATION('',(#4316),#4320);
#4316 = LINE('',#4317,#4318);
#4317 = CARTESIAN_POINT('',(-3.346535151043,-14.74389804064));
#4318 = VECTOR('',#4319,1.);
#4319 = DIRECTION('',(0.999395450177,-3.476685441099E-02));
#4320 = ( GEOMETRIC_REPRESENTATION_CONTEXT(2) 
PARAMETRIC_REPRESENTATION_CONTEXT() REPRESENTATION_CONTEXT('2D SPACE',''
  ) );
#4321 = PCURVE('',#4012,#4322);
#4322 = DEFINITIONAL_REPRESENTATION('',(#4323),#4327);
#4323 = LINE('',#4324,#4325);
#4324 = CARTESIAN_POINT('',(3.16112411435,-3.641624410824));
#4325 = VECTOR('',#4326,1.);
#4326 = DIRECTION('',(0.996199306464,8.71030527588E-02));
#4327 = ( GEOMETRIC_REPRESENTATION_CONTEXT(2) 
PARAMETRIC_REPRESENTATION_CONTEXT() REPRESENTATION_CONTEXT('2D SPACE',''
  ) );
#4328 = ORIENTED_EDGE('',*,*,#3961,.F.);
#4329 = ADVANCED_FACE('',(#4330),#4066,.T.);
#4330 = FACE_BOUND('',#4331,.T.);
#4331 = EDGE_LOOP('',(#4332,#4333,#4334,#4357,#4385,#4413,#4441,#4469));
#4332 = ORIENTED_EDGE('',*,*,#4257,.F.);
#4333 = ORIENTED_EDGE('',*,*,#4052,.T.);
#4334 = ORIENTED_EDGE('',*,*,#4335,.F.);
#4335 = EDGE_CURVE('',#4336,#4025,#4338,.T.);
#4336 = VERTEX_POINT('',#4337);
#4337 = CARTESIAN_POINT('',(0.139683077967,4.,16.650045345896));
#4338 = SURFACE_CURVE('',#4339,(#4343,#4350),.PCURVE_S1.);
#4339 = LINE('',#4340,#4341);
#4340 = CARTESIAN_POINT('',(5.602353434933E-02,1.604304119432,
    16.859641576702));
#4341 = VECTOR('',#4342,1.);
#4342 = DIRECTION('',(-3.476685441099E-02,-0.995592448763,
    8.71030527588E-02));
#4343 = PCURVE('',#4066,#4344);
#4344 = DEFINITIONAL_REPRESENTATION('',(#4345),#4349);
#4345 = LINE('',#4346,#4347);
#4346 = CARTESIAN_POINT('',(1.605282013861,-36.8596415767));
#4347 = VECTOR('',#4348,1.);
#4348 = DIRECTION('',(-0.996199306464,-8.71030527588E-02));
#4349 = ( GEOMETRIC_REPRESENTATION_CONTEXT(2) 
PARAMETRIC_REPRESENTATION_CONTEXT() REPRESENTATION_CONTEXT('2D SPACE',''
  ) );
#4350 = PCURVE('',#4040,#4351);
#4351 = DEFINITIONAL_REPRESENTATION('',(#4352),#4356);
#4352 = LINE('',#4353,#4354);
#4353 = CARTESIAN_POINT('',(1.610432300538,-5.602353434935E-02));
#4354 = VECTOR('',#4355,1.);
#4355 = DIRECTION('',(-0.999395450177,3.476685441099E-02));
#4356 = ( GEOMETRIC_REPRESENTATION_CONTEXT(2) 
PARAMETRIC_REPRESENTATION_CONTEXT() REPRESENTATION_CONTEXT('2D SPACE',''
  ) );
#4357 = ORIENTED_EDGE('',*,*,#4358,.F.);
#4358 = EDGE_CURVE('',#4359,#4336,#4361,.T.);
#4359 = VERTEX_POINT('',#4360);
#4360 = CARTESIAN_POINT('',(0.139683077967,4.,9.650045345896));
#4361 = SURFACE_CURVE('',#4362,(#4366,#4373),.PCURVE_S1.);
#4362 = LINE('',#4363,#4364);
#4363 = CARTESIAN_POINT('',(0.139683077967,4.,-1.674977327052));
#4364 = VECTOR('',#4365,1.);
#4365 = DIRECTION('',(2.326190539642E-17,6.661338147751E-16,1.));
#4366 = PCURVE('',#4066,#4367);
#4367 = DEFINITIONAL_REPRESENTATION('',(#4368),#4372);
#4368 = LINE('',#4369,#4370);
#4369 = CARTESIAN_POINT('',(4.002438177195,-18.32502267294));
#4370 = VECTOR('',#4371,1.);
#4371 = DIRECTION('',(6.665398528441E-16,-1.));
#4372 = ( GEOMETRIC_REPRESENTATION_CONTEXT(2) 
PARAMETRIC_REPRESENTATION_CONTEXT() REPRESENTATION_CONTEXT('2D SPACE',''
  ) );
#4373 = PCURVE('',#4374,#4379);
#4374 = PLANE('',#4375);
#4375 = AXIS2_PLACEMENT_3D('',#4376,#4377,#4378);
#4376 = CARTESIAN_POINT('',(-2.307049486458E-14,4.,16.650045345896));
#4377 = DIRECTION('',(6.039716305598E-31,1.,-1.110223024625E-15));
#4378 = DIRECTION('',(1.33226762955E-15,-8.874685183736E-31,-1.));
#4379 = DEFINITIONAL_REPRESENTATION('',(#4380),#4384);
#4380 = LINE('',#4381,#4382);
#4381 = CARTESIAN_POINT('',(18.325022672948,-0.139683077967));
#4382 = VECTOR('',#4383,1.);
#4383 = DIRECTION('',(-1.,-2.453065103215E-16));
#4384 = ( GEOMETRIC_REPRESENTATION_CONTEXT(2) 
PARAMETRIC_REPRESENTATION_CONTEXT() REPRESENTATION_CONTEXT('2D SPACE',''
  ) );
#4385 = ORIENTED_EDGE('',*,*,#4386,.F.);
#4386 = EDGE_CURVE('',#4387,#4359,#4389,.T.);
#4387 = VERTEX_POINT('',#4388);
#4388 = CARTESIAN_POINT('',(0.314286925426,9.,5.5));
#4389 = SURFACE_CURVE('',#4390,(#4394,#4401),.PCURVE_S1.);
#4390 = LINE('',#4391,#4392);
#4391 = CARTESIAN_POINT('',(0.352497389817,10.094204536372,
    4.591800311274));
#4392 = VECTOR('',#4393,1.);
#4393 = DIRECTION('',(-2.686106140033E-02,-0.769200157708,0.638443106912
    ));
#4394 = PCURVE('',#4066,#4395);
#4395 = DEFINITIONAL_REPRESENTATION('',(#4396),#4400);
#4396 = LINE('',#4397,#4398);
#4397 = CARTESIAN_POINT('',(10.100357401198,-24.59180031127));
#4398 = VECTOR('',#4399,1.);
#4399 = DIRECTION('',(-0.769669019279,-0.638443106912));
#4400 = ( GEOMETRIC_REPRESENTATION_CONTEXT(2) 
PARAMETRIC_REPRESENTATION_CONTEXT() REPRESENTATION_CONTEXT('2D SPACE',''
  ) );
#4401 = PCURVE('',#4402,#4407);
#4402 = PLANE('',#4403);
#4403 = AXIS2_PLACEMENT_3D('',#4404,#4405,#4406);
#4404 = CARTESIAN_POINT('',(-1.374462145773E-14,4.,9.650045345896));
#4405 = DIRECTION('',(-8.970065728814E-16,0.638673555279,0.76947780331)
  );
#4406 = DIRECTION('',(6.80025708714E-16,0.76947780331,-0.638673555279));
#4407 = DEFINITIONAL_REPRESENTATION('',(#4408),#4412);
#4408 = LINE('',#4409,#4410);
#4409 = CARTESIAN_POINT('',(7.919922459305,-0.352497389817));
#4410 = VECTOR('',#4411,1.);
#4411 = DIRECTION('',(-0.999639176593,2.686106140033E-02));
#4412 = ( GEOMETRIC_REPRESENTATION_CONTEXT(2) 
PARAMETRIC_REPRESENTATION_CONTEXT() REPRESENTATION_CONTEXT('2D SPACE',''
  ) );
#4413 = ORIENTED_EDGE('',*,*,#4414,.F.);
#4414 = EDGE_CURVE('',#4415,#4387,#4417,.T.);
#4415 = VERTEX_POINT('',#4416);
#4416 = CARTESIAN_POINT('',(0.314286925426,9.,-5.5));
#4417 = SURFACE_CURVE('',#4418,(#4422,#4429),.PCURVE_S1.);
#4418 = LINE('',#4419,#4420);
#4419 = CARTESIAN_POINT('',(0.314286925426,9.,-7.25));
#4420 = VECTOR('',#4421,1.);
#4421 = DIRECTION('',(2.326190539642E-17,6.661338147751E-16,1.));
#4422 = PCURVE('',#4066,#4423);
#4423 = DEFINITIONAL_REPRESENTATION('',(#4424),#4428);
#4424 = LINE('',#4425,#4426);
#4425 = CARTESIAN_POINT('',(9.005485898689,-12.75));
#4426 = VECTOR('',#4427,1.);
#4427 = DIRECTION('',(6.665398528441E-16,-1.));
#4428 = ( GEOMETRIC_REPRESENTATION_CONTEXT(2) 
PARAMETRIC_REPRESENTATION_CONTEXT() REPRESENTATION_CONTEXT('2D SPACE',''
  ) );
#4429 = PCURVE('',#4430,#4435);
#4430 = PLANE('',#4431);
#4431 = AXIS2_PLACEMENT_3D('',#4432,#4433,#4434);
#4432 = CARTESIAN_POINT('',(-9.325873406851E-15,9.,5.5));
#4433 = DIRECTION('',(6.039716305598E-31,1.,-1.110223024625E-15));
#4434 = DIRECTION('',(1.33226762955E-15,-8.874685183736E-31,-1.));
#4435 = DEFINITIONAL_REPRESENTATION('',(#4436),#4440);
#4436 = LINE('',#4437,#4438);
#4437 = CARTESIAN_POINT('',(12.75,-0.314286925426));
#4438 = VECTOR('',#4439,1.);
#4439 = DIRECTION('',(-1.,-2.453065103215E-16));
#4440 = ( GEOMETRIC_REPRESENTATION_CONTEXT(2) 
PARAMETRIC_REPRESENTATION_CONTEXT() REPRESENTATION_CONTEXT('2D SPACE',''
  ) );
#4441 = ORIENTED_EDGE('',*,*,#4442,.F.);
#4442 = EDGE_CURVE('',#4443,#4415,#4445,.T.);
#4443 = VERTEX_POINT('',#4444);
#4444 = CARTESIAN_POINT('',(0.139683077967,4.,-9.650045345896));
#4445 = SURFACE_CURVE('',#4446,(#4450,#4457),.PCURVE_S1.);
#4446 = LINE('',#4447,#4448);
#4447 = CARTESIAN_POINT('',(9.675113385034E-02,2.770589974348,
    -10.67046681692));
#4448 = VECTOR('',#4449,1.);
#4449 = DIRECTION('',(2.686106140033E-02,0.769200157708,0.638443106912)
  );
#4450 = PCURVE('',#4066,#4451);
#4451 = DEFINITIONAL_REPRESENTATION('',(#4452),#4456);
#4452 = LINE('',#4453,#4454);
#4453 = CARTESIAN_POINT('',(2.772278771671,-9.329533183072));
#4454 = VECTOR('',#4455,1.);
#4455 = DIRECTION('',(0.769669019279,-0.638443106912));
#4456 = ( GEOMETRIC_REPRESENTATION_CONTEXT(2) 
PARAMETRIC_REPRESENTATION_CONTEXT() REPRESENTATION_CONTEXT('2D SPACE',''
  ) );
#4457 = PCURVE('',#4458,#4463);
#4458 = PLANE('',#4459);
#4459 = AXIS2_PLACEMENT_3D('',#4460,#4461,#4462);
#4460 = CARTESIAN_POINT('',(5.329070518201E-15,9.,-5.5));
#4461 = DIRECTION('',(8.970065728814E-16,0.638673555279,-0.76947780331)
  );
#4462 = DIRECTION('',(1.021742498383E-15,-0.76947780331,-0.638673555279)
  );
#4463 = DEFINITIONAL_REPRESENTATION('',(#4464),#4468);
#4464 = LINE('',#4465,#4466);
#4465 = CARTESIAN_POINT('',(8.095633166878,-9.675113385034E-02));
#4466 = VECTOR('',#4467,1.);
#4467 = DIRECTION('',(-0.999639176593,-2.686106140033E-02));
#4468 = ( GEOMETRIC_REPRESENTATION_CONTEXT(2) 
PARAMETRIC_REPRESENTATION_CONTEXT() REPRESENTATION_CONTEXT('2D SPACE',''
  ) );
#4469 = ORIENTED_EDGE('',*,*,#4470,.F.);
#4470 = EDGE_CURVE('',#4258,#4443,#4471,.T.);
#4471 = SURFACE_CURVE('',#4472,(#4476,#4483),.PCURVE_S1.);
#4472 = LINE('',#4473,#4474);
#4473 = CARTESIAN_POINT('',(0.139683077967,4.,-14.82502267294));
#4474 = VECTOR('',#4475,1.);
#4475 = DIRECTION('',(2.326190539642E-17,6.661338147751E-16,1.));
#4476 = PCURVE('',#4066,#4477);
#4477 = DEFINITIONAL_REPRESENTATION('',(#4478),#4482);
#4478 = LINE('',#4479,#4480);
#4479 = CARTESIAN_POINT('',(4.002438177195,-5.174977327052));
#4480 = VECTOR('',#4481,1.);
#4481 = DIRECTION('',(6.665398528441E-16,-1.));
#4482 = ( GEOMETRIC_REPRESENTATION_CONTEXT(2) 
PARAMETRIC_REPRESENTATION_CONTEXT() REPRESENTATION_CONTEXT('2D SPACE',''
  ) );
#4483 = PCURVE('',#4296,#4484);
#4484 = DEFINITIONAL_REPRESENTATION('',(#4485),#4489);
#4485 = LINE('',#4486,#4487);
#4486 = CARTESIAN_POINT('',(5.174977327052,-0.139683077967));
#4487 = VECTOR('',#4488,1.);
#4488 = DIRECTION('',(-1.,-2.453065103215E-16));
#4489 = ( GEOMETRIC_REPRESENTATION_CONTEXT(2) 
PARAMETRIC_REPRESENTATION_CONTEXT() REPRESENTATION_CONTEXT('2D SPACE',''
  ) );
#4490 = ADVANCED_FACE('',(#4491),#4012,.T.);
#4491 = FACE_BOUND('',#4492,.T.);
#4492 = EDGE_LOOP('',(#4493,#4494,#4495,#4518,#4541,#4564,#4587,#4610));
#4493 = ORIENTED_EDGE('',*,*,#3996,.F.);
#4494 = ORIENTED_EDGE('',*,*,#4308,.F.);
#4495 = ORIENTED_EDGE('',*,*,#4496,.F.);
#4496 = EDGE_CURVE('',#4497,#4281,#4499,.T.);
#4497 = VERTEX_POINT('',#4498);
#4498 = CARTESIAN_POINT('',(14.860316922033,4.,-9.650045345896));
#4499 = SURFACE_CURVE('',#4500,(#4504,#4511),.PCURVE_S1.);
#4500 = LINE('',#4501,#4502);
#4501 = CARTESIAN_POINT('',(14.860316922033,4.,-14.82502267294));
#4502 = VECTOR('',#4503,1.);
#4503 = DIRECTION('',(2.326190539642E-17,-6.661338147751E-16,-1.));
#4504 = PCURVE('',#4012,#4505);
#4505 = DEFINITIONAL_REPRESENTATION('',(#4506),#4510);
#4506 = LINE('',#4507,#4508);
#4507 = CARTESIAN_POINT('',(6.49695678793,-5.174977327052));
#4508 = VECTOR('',#4509,1.);
#4509 = DIRECTION('',(6.665398528441E-16,1.));
#4510 = ( GEOMETRIC_REPRESENTATION_CONTEXT(2) 
PARAMETRIC_REPRESENTATION_CONTEXT() REPRESENTATION_CONTEXT('2D SPACE',''
  ) );
#4511 = PCURVE('',#4296,#4512);
#4512 = DEFINITIONAL_REPRESENTATION('',(#4513),#4517);
#4513 = LINE('',#4514,#4515);
#4514 = CARTESIAN_POINT('',(5.174977327052,-14.86031692203));
#4515 = VECTOR('',#4516,1.);
#4516 = DIRECTION('',(1.,1.987826995286E-16));
#4517 = ( GEOMETRIC_REPRESENTATION_CONTEXT(2) 
PARAMETRIC_REPRESENTATION_CONTEXT() REPRESENTATION_CONTEXT('2D SPACE',''
  ) );
#4518 = ORIENTED_EDGE('',*,*,#4519,.F.);
#4519 = EDGE_CURVE('',#4520,#4497,#4522,.T.);
#4520 = VERTEX_POINT('',#4521);
#4521 = CARTESIAN_POINT('',(14.685713074574,9.,-5.5));
#4522 = SURFACE_CURVE('',#4523,(#4527,#4534),.PCURVE_S1.);
#4523 = LINE('',#4524,#4525);
#4524 = CARTESIAN_POINT('',(14.789304580167,6.033527407893,
    -7.962199154921));
#4525 = VECTOR('',#4526,1.);
#4526 = DIRECTION('',(2.686106140033E-02,-0.769200157708,-0.638443106912
    ));
#4527 = PCURVE('',#4012,#4528);
#4528 = DEFINITIONAL_REPRESENTATION('',(#4529),#4533);
#4529 = LINE('',#4530,#4531);
#4530 = CARTESIAN_POINT('',(4.462189854999,-12.03780084507));
#4531 = VECTOR('',#4532,1.);
#4532 = DIRECTION('',(0.769669019279,0.638443106912));
#4533 = ( GEOMETRIC_REPRESENTATION_CONTEXT(2) 
PARAMETRIC_REPRESENTATION_CONTEXT() REPRESENTATION_CONTEXT('2D SPACE',''
  ) );
#4534 = PCURVE('',#4458,#4535);
#4535 = DEFINITIONAL_REPRESENTATION('',(#4536),#4540);
#4536 = LINE('',#4537,#4538);
#4537 = CARTESIAN_POINT('',(3.855176301833,-14.78930458016));
#4538 = VECTOR('',#4539,1.);
#4539 = DIRECTION('',(0.999639176593,-2.686106140033E-02));
#4540 = ( GEOMETRIC_REPRESENTATION_CONTEXT(2) 
PARAMETRIC_REPRESENTATION_CONTEXT() REPRESENTATION_CONTEXT('2D SPACE',''
  ) );
#4541 = ORIENTED_EDGE('',*,*,#4542,.F.);
#4542 = EDGE_CURVE('',#4543,#4520,#4545,.T.);
#4543 = VERTEX_POINT('',#4544);
#4544 = CARTESIAN_POINT('',(14.685713074574,9.,5.5));
#4545 = SURFACE_CURVE('',#4546,(#4550,#4557),.PCURVE_S1.);
#4546 = LINE('',#4547,#4548);
#4547 = CARTESIAN_POINT('',(14.685713074574,9.,-7.25));
#4548 = VECTOR('',#4549,1.);
#4549 = DIRECTION('',(2.326190539642E-17,-6.661338147751E-16,-1.));
#4550 = PCURVE('',#4012,#4551);
#4551 = DEFINITIONAL_REPRESENTATION('',(#4552),#4556);
#4552 = LINE('',#4553,#4554);
#4553 = CARTESIAN_POINT('',(1.493909066436,-12.75));
#4554 = VECTOR('',#4555,1.);
#4555 = DIRECTION('',(6.665398528441E-16,1.));
#4556 = ( GEOMETRIC_REPRESENTATION_CONTEXT(2) 
PARAMETRIC_REPRESENTATION_CONTEXT() REPRESENTATION_CONTEXT('2D SPACE',''
  ) );
#4557 = PCURVE('',#4430,#4558);
#4558 = DEFINITIONAL_REPRESENTATION('',(#4559),#4563);
#4559 = LINE('',#4560,#4561);
#4560 = CARTESIAN_POINT('',(12.75,-14.68571307457));
#4561 = VECTOR('',#4562,1.);
#4562 = DIRECTION('',(1.,1.987826995286E-16));
#4563 = ( GEOMETRIC_REPRESENTATION_CONTEXT(2) 
PARAMETRIC_REPRESENTATION_CONTEXT() REPRESENTATION_CONTEXT('2D SPACE',''
  ) );
#4564 = ORIENTED_EDGE('',*,*,#4565,.F.);
#4565 = EDGE_CURVE('',#4566,#4543,#4568,.T.);
#4566 = VERTEX_POINT('',#4567);
#4567 = CARTESIAN_POINT('',(14.860316922033,4.,9.650045345896));
#4568 = SURFACE_CURVE('',#4569,(#4573,#4580),.PCURVE_S1.);
#4569 = LINE('',#4570,#4571);
#4570 = CARTESIAN_POINT('',(14.5335583242,13.357141969917,1.883532649267
    ));
#4571 = VECTOR('',#4572,1.);
#4572 = DIRECTION('',(-2.686106140033E-02,0.769200157708,-0.638443106912
    ));
#4573 = PCURVE('',#4012,#4574);
#4574 = DEFINITIONAL_REPRESENTATION('',(#4575),#4579);
#4575 = LINE('',#4576,#4577);
#4576 = CARTESIAN_POINT('',(-2.865888774528,-21.88353264926));
#4577 = VECTOR('',#4578,1.);
#4578 = DIRECTION('',(-0.769669019279,0.638443106912));
#4579 = ( GEOMETRIC_REPRESENTATION_CONTEXT(2) 
PARAMETRIC_REPRESENTATION_CONTEXT() REPRESENTATION_CONTEXT('2D SPACE',''
  ) );
#4580 = PCURVE('',#4402,#4581);
#4581 = DEFINITIONAL_REPRESENTATION('',(#4582),#4586);
#4582 = LINE('',#4583,#4584);
#4583 = CARTESIAN_POINT('',(12.16037932435,-14.5335583242));
#4584 = VECTOR('',#4585,1.);
#4585 = DIRECTION('',(0.999639176593,2.686106140033E-02));
#4586 = ( GEOMETRIC_REPRESENTATION_CONTEXT(2) 
PARAMETRIC_REPRESENTATION_CONTEXT() REPRESENTATION_CONTEXT('2D SPACE',''
  ) );
#4587 = ORIENTED_EDGE('',*,*,#4588,.F.);
#4588 = EDGE_CURVE('',#4589,#4566,#4591,.T.);
#4589 = VERTEX_POINT('',#4590);
#4590 = CARTESIAN_POINT('',(14.860316922033,4.,16.650045345896));
#4591 = SURFACE_CURVE('',#4592,(#4596,#4603),.PCURVE_S1.);
#4592 = LINE('',#4593,#4594);
#4593 = CARTESIAN_POINT('',(14.860316922033,4.,-1.674977327052));
#4594 = VECTOR('',#4595,1.);
#4595 = DIRECTION('',(2.326190539642E-17,-6.661338147751E-16,-1.));
#4596 = PCURVE('',#4012,#4597);
#4597 = DEFINITIONAL_REPRESENTATION('',(#4598),#4602);
#4598 = LINE('',#4599,#4600);
#4599 = CARTESIAN_POINT('',(6.49695678793,-18.32502267294));
#4600 = VECTOR('',#4601,1.);
#4601 = DIRECTION('',(6.665398528441E-16,1.));
#4602 = ( GEOMETRIC_REPRESENTATION_CONTEXT(2) 
PARAMETRIC_REPRESENTATION_CONTEXT() REPRESENTATION_CONTEXT('2D SPACE',''
  ) );
#4603 = PCURVE('',#4374,#4604);
#4604 = DEFINITIONAL_REPRESENTATION('',(#4605),#4609);
#4605 = LINE('',#4606,#4607);
#4606 = CARTESIAN_POINT('',(18.325022672948,-14.86031692203));
#4607 = VECTOR('',#4608,1.);
#4608 = DIRECTION('',(1.,1.987826995286E-16));
#4609 = ( GEOMETRIC_REPRESENTATION_CONTEXT(2) 
PARAMETRIC_REPRESENTATION_CONTEXT() REPRESENTATION_CONTEXT('2D SPACE',''
  ) );
#4610 = ORIENTED_EDGE('',*,*,#4611,.F.);
#4611 = EDGE_CURVE('',#3997,#4589,#4612,.T.);
#4612 = SURFACE_CURVE('',#4613,(#4617,#4624),.PCURVE_S1.);
#4613 = LINE('',#4614,#4615);
#4614 = CARTESIAN_POINT('',(14.75308917669,7.070600874596,
    16.381402579156));
#4615 = VECTOR('',#4616,1.);
#4616 = DIRECTION('',(-3.476685441099E-02,0.995592448763,
    -8.71030527588E-02));
#4617 = PCURVE('',#4012,#4618);
#4618 = DEFINITIONAL_REPRESENTATION('',(#4619),#4623);
#4619 = LINE('',#4620,#4621);
#4620 = CARTESIAN_POINT('',(3.424484246078,-36.38140257915));
#4621 = VECTOR('',#4622,1.);
#4622 = DIRECTION('',(-0.996199306464,8.71030527588E-02));
#4623 = ( GEOMETRIC_REPRESENTATION_CONTEXT(2) 
PARAMETRIC_REPRESENTATION_CONTEXT() REPRESENTATION_CONTEXT('2D SPACE',''
  ) );
#4624 = PCURVE('',#4040,#4625);
#4625 = DEFINITIONAL_REPRESENTATION('',(#4626),#4630);
#4626 = LINE('',#4627,#4628);
#4627 = CARTESIAN_POINT('',(7.09760942127,-14.75308917669));
#4628 = VECTOR('',#4629,1.);
#4629 = DIRECTION('',(0.999395450177,3.476685441099E-02));
#4630 = ( GEOMETRIC_REPRESENTATION_CONTEXT(2) 
PARAMETRIC_REPRESENTATION_CONTEXT() REPRESENTATION_CONTEXT('2D SPACE',''
  ) );
#4631 = ADVANCED_FACE('',(#4632),#4040,.T.);
#4632 = FACE_BOUND('',#4633,.T.);
#4633 = EDGE_LOOP('',(#4634,#4635,#4636,#4637));
#4634 = ORIENTED_EDGE('',*,*,#4335,.T.);
#4635 = ORIENTED_EDGE('',*,*,#4024,.T.);
#4636 = ORIENTED_EDGE('',*,*,#4611,.T.);
#4637 = ORIENTED_EDGE('',*,*,#4638,.F.);
#4638 = EDGE_CURVE('',#4336,#4589,#4639,.T.);
#4639 = SURFACE_CURVE('',#4640,(#4644,#4651),.PCURVE_S1.);
#4640 = LINE('',#4641,#4642);
#4641 = CARTESIAN_POINT('',(-2.307049486458E-14,4.,16.650045345896));
#4642 = VECTOR('',#4643,1.);
#4643 = DIRECTION('',(1.,-1.110223024625E-15,5.551115123126E-17));
#4644 = PCURVE('',#4040,#4645);
#4645 = DEFINITIONAL_REPRESENTATION('',(#4646),#4650);
#4646 = LINE('',#4647,#4648);
#4647 = CARTESIAN_POINT('',(4.015279350173,3.241891507152E-15));
#4648 = VECTOR('',#4649,1.);
#4649 = DIRECTION('',(-1.014074094121E-15,-1.));
#4650 = ( GEOMETRIC_REPRESENTATION_CONTEXT(2) 
PARAMETRIC_REPRESENTATION_CONTEXT() REPRESENTATION_CONTEXT('2D SPACE',''
  ) );
#4651 = PCURVE('',#4374,#4652);
#4652 = DEFINITIONAL_REPRESENTATION('',(#4653),#4657);
#4653 = LINE('',#4654,#4655);
#4654 = CARTESIAN_POINT('',(0.,0.));
#4655 = VECTOR('',#4656,1.);
#4656 = DIRECTION('',(1.054711873394E-15,-1.));
#4657 = ( GEOMETRIC_REPRESENTATION_CONTEXT(2) 
PARAMETRIC_REPRESENTATION_CONTEXT() REPRESENTATION_CONTEXT('2D SPACE',''
  ) );
#4658 = ADVANCED_FACE('',(#4659),#4097,.F.);
#4659 = FACE_BOUND('',#4660,.T.);
#4660 = EDGE_LOOP('',(#4661,#4662,#4685,#4712));
#4661 = ORIENTED_EDGE('',*,*,#4080,.T.);
#4662 = ORIENTED_EDGE('',*,*,#4663,.T.);
#4663 = EDGE_CURVE('',#4081,#4664,#4666,.T.);
#4664 = VERTEX_POINT('',#4665);
#4665 = CARTESIAN_POINT('',(9.5,2.,12.));
#4666 = SEAM_CURVE('',#4667,(#4671,#4678),.PCURVE_S1.);
#4667 = LINE('',#4668,#4669);
#4668 = CARTESIAN_POINT('',(11.5,-3.219646771413E-15,12.));
#4669 = VECTOR('',#4670,1.);
#4670 = DIRECTION('',(-0.707106781187,0.707106781187,-4.31775426138E-16)
  );
#4671 = PCURVE('',#4097,#4672);
#4672 = DEFINITIONAL_REPRESENTATION('',(#4673),#4677);
#4673 = LINE('',#4674,#4675);
#4674 = CARTESIAN_POINT('',(0.,-0.));
#4675 = VECTOR('',#4676,1.);
#4676 = DIRECTION('',(0.,-1.));
#4677 = ( GEOMETRIC_REPRESENTATION_CONTEXT(2) 
PARAMETRIC_REPRESENTATION_CONTEXT() REPRESENTATION_CONTEXT('2D SPACE',''
  ) );
#4678 = PCURVE('',#4097,#4679);
#4679 = DEFINITIONAL_REPRESENTATION('',(#4680),#4684);
#4680 = LINE('',#4681,#4682);
#4681 = CARTESIAN_POINT('',(6.28318530718,-0.));
#4682 = VECTOR('',#4683,1.);
#4683 = DIRECTION('',(0.,-1.));
#4684 = ( GEOMETRIC_REPRESENTATION_CONTEXT(2) 
PARAMETRIC_REPRESENTATION_CONTEXT() REPRESENTATION_CONTEXT('2D SPACE',''
  ) );
#4685 = ORIENTED_EDGE('',*,*,#4686,.F.);
#4686 = EDGE_CURVE('',#4664,#4664,#4687,.T.);
#4687 = SURFACE_CURVE('',#4688,(#4693,#4700),.PCURVE_S1.);
#4688 = CIRCLE('',#4689,2.);
#4689 = AXIS2_PLACEMENT_3D('',#4690,#4691,#4692);
#4690 = CARTESIAN_POINT('',(7.5,2.,12.));
#4691 = DIRECTION('',(-3.885780586188E-16,-1.,4.996003610813E-16));
#4692 = DIRECTION('',(1.,-3.885780586188E-16,1.110223024625E-16));
#4693 = PCURVE('',#4097,#4694);
#4694 = DEFINITIONAL_REPRESENTATION('',(#4695),#4699);
#4695 = LINE('',#4696,#4697);
#4696 = CARTESIAN_POINT('',(0.,-2.));
#4697 = VECTOR('',#4698,1.);
#4698 = DIRECTION('',(1.,-0.));
#4699 = ( GEOMETRIC_REPRESENTATION_CONTEXT(2) 
PARAMETRIC_REPRESENTATION_CONTEXT() REPRESENTATION_CONTEXT('2D SPACE',''
  ) );
#4700 = PCURVE('',#4701,#4706);
#4701 = CYLINDRICAL_SURFACE('',#4702,2.);
#4702 = AXIS2_PLACEMENT_3D('',#4703,#4704,#4705);
#4703 = CARTESIAN_POINT('',(7.5,2.,12.));
#4704 = DIRECTION('',(3.885780586188E-16,1.,-4.996003610813E-16));
#4705 = DIRECTION('',(1.,-3.885780586188E-16,1.110223024625E-16));
#4706 = DEFINITIONAL_REPRESENTATION('',(#4707),#4711);
#4707 = LINE('',#4708,#4709);
#4708 = CARTESIAN_POINT('',(-0.,0.));
#4709 = VECTOR('',#4710,1.);
#4710 = DIRECTION('',(-1.,0.));
#4711 = ( GEOMETRIC_REPRESENTATION_CONTEXT(2) 
PARAMETRIC_REPRESENTATION_CONTEXT() REPRESENTATION_CONTEXT('2D SPACE',''
  ) );
#4712 = ORIENTED_EDGE('',*,*,#4663,.F.);
#4713 = ADVANCED_FACE('',(#4714),#4128,.F.);
#4714 = FACE_BOUND('',#4715,.T.);
#4715 = EDGE_LOOP('',(#4716,#4717,#4740,#4767));
#4716 = ORIENTED_EDGE('',*,*,#4111,.T.);
#4717 = ORIENTED_EDGE('',*,*,#4718,.T.);
#4718 = EDGE_CURVE('',#4112,#4719,#4721,.T.);
#4719 = VERTEX_POINT('',#4720);
#4720 = CARTESIAN_POINT('',(9.5,2.,-12.));
#4721 = SEAM_CURVE('',#4722,(#4726,#4733),.PCURVE_S1.);
#4722 = LINE('',#4723,#4724);
#4723 = CARTESIAN_POINT('',(11.5,-9.880984919164E-15,-12.));
#4724 = VECTOR('',#4725,1.);
#4725 = DIRECTION('',(-0.707106781187,0.707106781187,-4.31775426138E-16)
  );
#4726 = PCURVE('',#4128,#4727);
#4727 = DEFINITIONAL_REPRESENTATION('',(#4728),#4732);
#4728 = LINE('',#4729,#4730);
#4729 = CARTESIAN_POINT('',(0.,-0.));
#4730 = VECTOR('',#4731,1.);
#4731 = DIRECTION('',(0.,-1.));
#4732 = ( GEOMETRIC_REPRESENTATION_CONTEXT(2) 
PARAMETRIC_REPRESENTATION_CONTEXT() REPRESENTATION_CONTEXT('2D SPACE',''
  ) );
#4733 = PCURVE('',#4128,#4734);
#4734 = DEFINITIONAL_REPRESENTATION('',(#4735),#4739);
#4735 = LINE('',#4736,#4737);
#4736 = CARTESIAN_POINT('',(6.28318530718,-0.));
#4737 = VECTOR('',#4738,1.);
#4738 = DIRECTION('',(0.,-1.));
#4739 = ( GEOMETRIC_REPRESENTATION_CONTEXT(2) 
PARAMETRIC_REPRESENTATION_CONTEXT() REPRESENTATION_CONTEXT('2D SPACE',''
  ) );
#4740 = ORIENTED_EDGE('',*,*,#4741,.F.);
#4741 = EDGE_CURVE('',#4719,#4719,#4742,.T.);
#4742 = SURFACE_CURVE('',#4743,(#4748,#4755),.PCURVE_S1.);
#4743 = CIRCLE('',#4744,2.);
#4744 = AXIS2_PLACEMENT_3D('',#4745,#4746,#4747);
#4745 = CARTESIAN_POINT('',(7.5,2.,-12.));
#4746 = DIRECTION('',(-3.885780586188E-16,-1.,4.996003610813E-16));
#4747 = DIRECTION('',(1.,-3.885780586188E-16,1.110223024625E-16));
#4748 = PCURVE('',#4128,#4749);
#4749 = DEFINITIONAL_REPRESENTATION('',(#4750),#4754);
#4750 = LINE('',#4751,#4752);
#4751 = CARTESIAN_POINT('',(0.,-2.));
#4752 = VECTOR('',#4753,1.);
#4753 = DIRECTION('',(1.,-0.));
#4754 = ( GEOMETRIC_REPRESENTATION_CONTEXT(2) 
PARAMETRIC_REPRESENTATION_CONTEXT() REPRESENTATION_CONTEXT('2D SPACE',''
  ) );
#4755 = PCURVE('',#4756,#4761);
#4756 = CYLINDRICAL_SURFACE('',#4757,2.);
#4757 = AXIS2_PLACEMENT_3D('',#4758,#4759,#4760);
#4758 = CARTESIAN_POINT('',(7.5,2.,-12.));
#4759 = DIRECTION('',(3.885780586188E-16,1.,-4.996003610813E-16));
#4760 = DIRECTION('',(1.,-3.885780586188E-16,1.110223024625E-16));
#4761 = DEFINITIONAL_REPRESENTATION('',(#4762),#4766);
#4762 = LINE('',#4763,#4764);
#4763 = CARTESIAN_POINT('',(-0.,0.));
#4764 = VECTOR('',#4765,1.);
#4765 = DIRECTION('',(-1.,0.));
#4766 = ( GEOMETRIC_REPRESENTATION_CONTEXT(2) 
PARAMETRIC_REPRESENTATION_CONTEXT() REPRESENTATION_CONTEXT('2D SPACE',''
  ) );
#4767 = ORIENTED_EDGE('',*,*,#4718,.F.);
#4768 = ADVANCED_FACE('',(#4769),#4160,.F.);
#4769 = FACE_BOUND('',#4770,.F.);
#4770 = EDGE_LOOP('',(#4771,#4793,#4961,#4981,#5149,#5169));
#4771 = ORIENTED_EDGE('',*,*,#4772,.T.);
#4772 = EDGE_CURVE('',#4145,#4773,#4775,.T.);
#4773 = VERTEX_POINT('',#4774);
#4774 = CARTESIAN_POINT('',(5.180697433857,5.174497483513,5.319302566143
    ));
#4775 = SURFACE_CURVE('',#4776,(#4779,#4786),.PCURVE_S1.);
#4776 = B_SPLINE_CURVE_WITH_KNOTS('',1,(#4777,#4778),.UNSPECIFIED.,.F.,
  .F.,(2,2),(0.,1.),.PIECEWISE_BEZIER_KNOTS.);
#4777 = CARTESIAN_POINT('',(5.,1.221245327088E-15,5.5));
#4778 = CARTESIAN_POINT('',(5.349207694917,10.,5.150792305083));
#4779 = PCURVE('',#4160,#4780);
#4780 = DEFINITIONAL_REPRESENTATION('',(#4781),#4785);
#4781 = LINE('',#4782,#4783);
#4782 = CARTESIAN_POINT('',(11.,0.));
#4783 = VECTOR('',#4784,1.);
#4784 = DIRECTION('',(0.,1.));
#4785 = ( GEOMETRIC_REPRESENTATION_CONTEXT(2) 
PARAMETRIC_REPRESENTATION_CONTEXT() REPRESENTATION_CONTEXT('2D SPACE',''
  ) );
#4786 = PCURVE('',#4188,#4787);
#4787 = DEFINITIONAL_REPRESENTATION('',(#4788),#4792);
#4788 = LINE('',#4789,#4790);
#4789 = CARTESIAN_POINT('',(0.,0.));
#4790 = VECTOR('',#4791,1.);
#4791 = DIRECTION('',(0.,1.));
#4792 = ( GEOMETRIC_REPRESENTATION_CONTEXT(2) 
PARAMETRIC_REPRESENTATION_CONTEXT() REPRESENTATION_CONTEXT('2D SPACE',''
  ) );
#4793 = ORIENTED_EDGE('',*,*,#4794,.T.);
#4794 = EDGE_CURVE('',#4773,#4795,#4797,.T.);
#4795 = VERTEX_POINT('',#4796);
#4796 = CARTESIAN_POINT('',(5.314286925426,9.,3.322348479465));
#4797 = SURFACE_CURVE('',#4798,(#4845,#4895),.PCURVE_S1.);
#4798 = B_SPLINE_CURVE_WITH_KNOTS('',5,(#4799,#4800,#4801,#4802,#4803,
    #4804,#4805,#4806,#4807,#4808,#4809,#4810,#4811,#4812,#4813,#4814,
    #4815,#4816,#4817,#4818,#4819,#4820,#4821,#4822,#4823,#4824,#4825,
    #4826,#4827,#4828,#4829,#4830,#4831,#4832,#4833,#4834,#4835,#4836,
    #4837,#4838,#4839,#4840,#4841,#4842,#4843,#4844),.UNSPECIFIED.,.F.,
  .F.,(6,4,4,4,4,4,4,4,4,4,4,6),(0.,6.092725357432E-02,0.158096061294,
    0.26344799462,0.389141050056,0.467927482587,0.547348677386,
    0.662181957385,0.771890017478,0.878999610103,0.985453418975,1.),
  .UNSPECIFIED.);
#4799 = CARTESIAN_POINT('',(5.180697433857,5.174497483513,5.319302566143
    ));
#4800 = CARTESIAN_POINT('',(5.184435947543,5.281554508328,5.315564050646
    ));
#4801 = CARTESIAN_POINT('',(5.188183385492,5.388867090574,5.308946182609
    ));
#4802 = CARTESIAN_POINT('',(5.19193266594,5.496232435119,5.29941746163)
  );
#4803 = CARTESIAN_POINT('',(5.195676605578,5.603444838867,5.286973953968
    ));
#4804 = CARTESIAN_POINT('',(5.205358743001,5.880704978444,5.247183065157
    ));
#4805 = CARTESIAN_POINT('',(5.211277827355,6.050205377199,5.215371943956
    ));
#4806 = CARTESIAN_POINT('',(5.217135255729,6.217940179693,5.176304025719
    ));
#4807 = CARTESIAN_POINT('',(5.222904413434,6.383147240973,5.130250891973
    ));
#4808 = CARTESIAN_POINT('',(5.234696663965,6.720833113952,5.020523593958
    ));
#4809 = CARTESIAN_POINT('',(5.240700676584,6.892765540015,4.955687711413
    ));
#4810 = CARTESIAN_POINT('',(5.246545536173,7.060140419631,4.88359002204)
  );
#4811 = CARTESIAN_POINT('',(5.25221102326,7.222378742826,4.804845056692)
  );
#4812 = CARTESIAN_POINT('',(5.264212135292,7.566045626645,4.61892780558)
  );
#4813 = CARTESIAN_POINT('',(5.270466015585,7.745133326703,4.509201037931
    ));
#4814 = CARTESIAN_POINT('',(5.276422519283,7.915705275282,4.391927818547
    ));
#4815 = CARTESIAN_POINT('',(5.282072541905,8.077500754159,4.268124888678
    ));
#4816 = CARTESIAN_POINT('',(5.290762265042,8.326341866862,4.057482921907
    ));
#4817 = CARTESIAN_POINT('',(5.293989216742,8.418749673064,3.974091868312
    ));
#4818 = CARTESIAN_POINT('',(5.297094473895,8.50767260341,3.888681139623)
  );
#4819 = CARTESIAN_POINT('',(5.300078466859,8.593122981717,3.801442430005
    ));
#4820 = CARTESIAN_POINT('',(5.305828949749,8.757795266248,3.622930077815
    ));
#4821 = CARTESIAN_POINT('',(5.308593459176,8.836960458422,3.531630322964
    ));
#4822 = CARTESIAN_POINT('',(5.311236748463,8.912654359948,3.438818077809
    ));
#4823 = CARTESIAN_POINT('',(5.313760166844,8.984915607844,3.344647463737
    ));
#4824 = CARTESIAN_POINT('',(5.319642985331,9.153377488038,3.111326171082
    ));
#4825 = CARTESIAN_POINT('',(5.322873374605,9.24588373349,2.970844118127)
  );
#4826 = CARTESIAN_POINT('',(5.325861481612,9.331451922576,2.828213622696
    ));
#4827 = CARTESIAN_POINT('',(5.328612543205,9.410232019151,2.683779880401
    ));
#4828 = CARTESIAN_POINT('',(5.333538313648,9.551287629169,2.398395814391
    ));
#4829 = CARTESIAN_POINT('',(5.335733221426,9.614141564245,2.257580329369
    ));
#4830 = CARTESIAN_POINT('',(5.33772078535,9.671057948175,2.115636918397)
  );
#4831 = CARTESIAN_POINT('',(5.339505034508,9.722152158987,1.972787109502
    ));
#4832 = CARTESIAN_POINT('',(5.342636606876,9.811828658512,1.689064453404
    ));
#4833 = CARTESIAN_POINT('',(5.34399326059,9.850678137885,1.548226469929)
  );
#4834 = CARTESIAN_POINT('',(5.34516290619,9.884172405519,1.406893568747)
  );
#4835 = CARTESIAN_POINT('',(5.34614842351,9.912393929115,1.265233301068)
  );
#4836 = CARTESIAN_POINT('',(5.347751269576,9.958293435048,0.982439460064
    ));
#4837 = CARTESIAN_POINT('',(5.348370809275,9.976034730767,0.841309064999
    ));
#4838 = CARTESIAN_POINT('',(5.348813374166,9.98870813108,0.70016498322)
  );
#4839 = CARTESIAN_POINT('',(5.349080995336,9.996371798682,0.559157619937
    ));
#4840 = CARTESIAN_POINT('',(5.349188356784,9.999446228303,0.399207426309
    ));
#4841 = CARTESIAN_POINT('',(5.349198030258,9.999723240353,0.37998368202)
  );
#4842 = CARTESIAN_POINT('',(5.349204474819,9.999907788457,0.360765677201
    ));
#4843 = CARTESIAN_POINT('',(5.349207694917,10.,0.341553797861));
#4844 = CARTESIAN_POINT('',(5.349207694917,10.,0.322348431047));
#4845 = PCURVE('',#4160,#4846);
#4846 = DEFINITIONAL_REPRESENTATION('',(#4847),#4894);
#4847 = B_SPLINE_CURVE_WITH_KNOTS('',5,(#4848,#4849,#4850,#4851,#4852,
    #4853,#4854,#4855,#4856,#4857,#4858,#4859,#4860,#4861,#4862,#4863,
    #4864,#4865,#4866,#4867,#4868,#4869,#4870,#4871,#4872,#4873,#4874,
    #4875,#4876,#4877,#4878,#4879,#4880,#4881,#4882,#4883,#4884,#4885,
    #4886,#4887,#4888,#4889,#4890,#4891,#4892,#4893),.UNSPECIFIED.,.F.,
  .F.,(6,4,4,4,4,4,4,4,4,4,4,6),(0.,6.092725357432E-02,0.158096061294,
    0.26344799462,0.389141050056,0.467927482587,0.547348677386,
    0.662181957385,0.771890017478,0.878999610103,0.985453418975,1.),
  .UNSPECIFIED.);
#4848 = CARTESIAN_POINT('',(11.,0.51744975679));
#4849 = CARTESIAN_POINT('',(10.999999998128,0.528155459272));
#4850 = CARTESIAN_POINT('',(10.997032104477,0.538886706118));
#4851 = CARTESIAN_POINT('',(10.991045815699,0.549623237197));
#4852 = CARTESIAN_POINT('',(10.982019022601,0.560344483887));
#4853 = CARTESIAN_POINT('',(10.950722706871,0.588070497844));
#4854 = CARTESIAN_POINT('',(10.923769094838,0.60502053772));
#4855 = CARTESIAN_POINT('',(10.889125235635,0.621794017969));
#4856 = CARTESIAN_POINT('',(10.84700538511,0.638314724097));
#4857 = CARTESIAN_POINT('',(10.744371600432,0.672083311395));
#4858 = CARTESIAN_POINT('',(10.682603225553,0.689276554002));
#4859 = CARTESIAN_POINT('',(10.61290058003,0.706014041963));
#4860 = CARTESIAN_POINT('',(10.535855358066,0.722237874283));
#4861 = CARTESIAN_POINT('',(10.352136130182,0.756604562665));
#4862 = CARTESIAN_POINT('',(10.242612283525,0.77451333267));
#4863 = CARTESIAN_POINT('',(10.124545364165,0.791570527528));
#4864 = CARTESIAN_POINT('',(9.998987948571,0.807750075416));
#4865 = CARTESIAN_POINT('',(9.784011315726,0.832634186686));
#4866 = CARTESIAN_POINT('',(9.698592572189,0.841874967306));
#4867 = CARTESIAN_POINT('',(9.610809153798,0.850767260341));
#4868 = CARTESIAN_POINT('',(9.520867709152,0.859312298172));
#4869 = CARTESIAN_POINT('',(9.336297016665,0.875779526625));
#4870 = CARTESIAN_POINT('',(9.241636547948,0.883696045842));
#4871 = CARTESIAN_POINT('',(9.14516057111,0.891265435995));
#4872 = CARTESIAN_POINT('',(9.04704009642,0.898491560784));
#4873 = CARTESIAN_POINT('',(8.803400666054,0.915337748804));
#4874 = CARTESIAN_POINT('',(8.656257283033,0.924588373349));
#4875 = CARTESIAN_POINT('',(8.506455664067,0.933145192258));
#4876 = CARTESIAN_POINT('',(8.354393983024,0.941023201915));
#4877 = CARTESIAN_POINT('',(8.05330085188,0.955128762917));
#4878 = CARTESIAN_POINT('',(7.904439807791,0.961414156424));
#4879 = CARTESIAN_POINT('',(7.754125086755,0.967105794818));
#4880 = CARTESIAN_POINT('',(7.602622083051,0.972215215899));
#4881 = CARTESIAN_POINT('',(7.30132444611,0.981182865851));
#4882 = CARTESIAN_POINT('',(7.15157599001,0.985067813788));
#4883 = CARTESIAN_POINT('',(7.001143724481,0.988417240552));
#4884 = CARTESIAN_POINT('',(6.850233819232,0.991239392911));
#4885 = CARTESIAN_POINT('',(6.548772559584,0.995829343505));
#4886 = CARTESIAN_POINT('',(6.398225832555,0.997603473077));
#4887 = CARTESIAN_POINT('',(6.24759101483,0.998870813108));
#4888 = CARTESIAN_POINT('',(6.097054836018,0.999637179868));
#4889 = CARTESIAN_POINT('',(5.926270898993,0.99994462283));
#4890 = CARTESIAN_POINT('',(5.905744683526,0.999972324035));
#4891 = CARTESIAN_POINT('',(5.88522425259,0.999990778846));
#4892 = CARTESIAN_POINT('',(5.864710082984,1.));
#4893 = CARTESIAN_POINT('',(5.844202652046,1.));
#4894 = ( GEOMETRIC_REPRESENTATION_CONTEXT(2) 
PARAMETRIC_REPRESENTATION_CONTEXT() REPRESENTATION_CONTEXT('2D SPACE',''
  ) );
#4895 = PCURVE('',#4896,#4912);
#4896 = ( BOUNDED_SURFACE() B_SPLINE_SURFACE(2,2,(
    (#4897,#4898,#4899,#4900,#4901)
    ,(#4902,#4903,#4904,#4905,#4906)
    ,(#4907,#4908,#4909,#4910,#4911
)),.UNSPECIFIED.,.F.,.F.,.F.) B_SPLINE_SURFACE_WITH_KNOTS((3,3),(3,1,1,3
    ),(0.,4.638605132285),(-0.431767239202,-0.16851026106,4.470094871225
,4.733351849367),.UNSPECIFIED.) GEOMETRIC_REPRESENTATION_ITEM() 
RATIONAL_B_SPLINE_SURFACE((
    (1.,1.,1.,1.,1.)
    ,(0.719339800339,0.719339800339,0.719339800339,0.719339800339
      ,0.719339800339)
,(1.,1.,1.,1.,1.))) REPRESENTATION_ITEM('') SURFACE() );
#4897 = CARTESIAN_POINT('',(4.917440455715,5.174497483513,5.319302566143
    ));
#4898 = CARTESIAN_POINT('',(5.049068944786,5.174497483513,5.319302566143
    ));
#4899 = CARTESIAN_POINT('',(7.5,5.174497483513,5.319302566143));
#4900 = CARTESIAN_POINT('',(9.950931055214,5.174497483513,5.319302566143
    ));
#4901 = CARTESIAN_POINT('',(10.082559544285,5.174497483513,
    5.319302566143));
#4902 = CARTESIAN_POINT('',(4.917440455715,10.,5.150792305083));
#4903 = CARTESIAN_POINT('',(5.049068944786,10.,5.150792305083));
#4904 = CARTESIAN_POINT('',(7.5,10.,5.150792305083));
#4905 = CARTESIAN_POINT('',(9.950931055214,10.,5.150792305083));
#4906 = CARTESIAN_POINT('',(10.082559544285,10.,5.150792305083));
#4907 = CARTESIAN_POINT('',(4.917440455715,10.,0.322348431047));
#4908 = CARTESIAN_POINT('',(5.049068944786,10.,0.322348431047));
#4909 = CARTESIAN_POINT('',(7.5,10.,0.322348431047));
#4910 = CARTESIAN_POINT('',(9.950931055214,10.,0.322348431047));
#4911 = CARTESIAN_POINT('',(10.082559544285,10.,0.322348431047));
#4912 = DEFINITIONAL_REPRESENTATION('',(#4913),#4960);
#4913 = B_SPLINE_CURVE_WITH_KNOTS('',5,(#4914,#4915,#4916,#4917,#4918,
    #4919,#4920,#4921,#4922,#4923,#4924,#4925,#4926,#4927,#4928,#4929,
    #4930,#4931,#4932,#4933,#4934,#4935,#4936,#4937,#4938,#4939,#4940,
    #4941,#4942,#4943,#4944,#4945,#4946,#4947,#4948,#4949,#4950,#4951,
    #4952,#4953,#4954,#4955,#4956,#4957,#4958,#4959),.UNSPECIFIED.,.F.,
  .F.,(6,4,4,4,4,4,4,4,4,4,4,6),(0.,6.092725357432E-02,0.158096061294,
    0.26344799462,0.389141050056,0.467927482587,0.547348677386,
    0.662181957385,0.771890017478,0.878999610103,0.985453418975,1.),
  .UNSPECIFIED.);
#4914 = CARTESIAN_POINT('',(0.,-0.16851026106));
#4915 = CARTESIAN_POINT('',(7.153127056468E-02,-0.164771747374));
#4916 = CARTESIAN_POINT('',(0.142525921876,-0.161024309426));
#4917 = CARTESIAN_POINT('',(0.212959605356,-0.157275028978));
#4918 = CARTESIAN_POINT('',(0.282809126027,-0.15353108934));
#4919 = CARTESIAN_POINT('',(0.462483983584,-0.143848951916));
#4920 = CARTESIAN_POINT('',(0.571379702812,-0.137929867563));
#4921 = CARTESIAN_POINT('',(0.678639306179,-0.132072439189));
#4922 = CARTESIAN_POINT('',(0.784221114588,-0.126303281484));
#4923 = CARTESIAN_POINT('',(1.000715557925,-0.114511030953));
#4924 = CARTESIAN_POINT('',(1.111336513724,-0.108507018334));
#4925 = CARTESIAN_POINT('',(1.219930450584,-0.102662158744));
#4926 = CARTESIAN_POINT('',(1.32655000563,-9.699667165724E-02));
#4927 = CARTESIAN_POINT('',(1.55621690316,-8.499555962545E-02));
#4928 = CARTESIAN_POINT('',(1.678462851778,-7.874167933291E-02));
#4929 = CARTESIAN_POINT('',(1.79816934298,-7.278517563484E-02));
#4930 = CARTESIAN_POINT('',(1.915562088353,-6.713515301215E-02));
#4931 = CARTESIAN_POINT('',(2.10318801959,-5.844542987541E-02));
#4932 = CARTESIAN_POINT('',(2.174671146717,-5.521847817579E-02));
#4933 = CARTESIAN_POINT('',(2.245407814151,-5.211322102262E-02));
#4934 = CARTESIAN_POINT('',(2.31546202606,-4.91292280588E-02));
#4935 = CARTESIAN_POINT('',(2.454896535669,-4.3378745169E-02));
#4936 = CARTESIAN_POINT('',(2.524266381397,-4.061423574134E-02));
#4937 = CARTESIAN_POINT('',(2.593076112249,-3.797094645419E-02));
#4938 = CARTESIAN_POINT('',(2.661391822424,-3.544752807325E-02));
#4939 = CARTESIAN_POINT('',(2.827434741179,-2.956470958683E-02));
#4940 = CARTESIAN_POINT('',(2.92469270524,-2.633432031285E-02));
#4941 = CARTESIAN_POINT('',(3.021252810485,-2.334621330596E-02));
#4942 = CARTESIAN_POINT('',(3.117300241173,-2.059515171293E-02));
#4943 = CARTESIAN_POINT('',(3.30447230881,-1.566938126997E-02));
#4944 = CARTESIAN_POINT('',(3.395623630488,-1.347447349153E-02));
#4945 = CARTESIAN_POINT('',(3.486638782412,-1.148690956801E-02));
#4946 = CARTESIAN_POINT('',(3.577671295138,-9.702660409884E-03));
#4947 = CARTESIAN_POINT('',(3.757924382357,-6.571088041154E-03));
#4948 = CARTESIAN_POINT('',(3.847135815495,-5.214434327101E-03));
#4949 = CARTESIAN_POINT('',(3.936657661482,-4.044788727746E-03));
#4950 = CARTESIAN_POINT('',(4.026631880163,-3.059271407561E-03));
#4951 = CARTESIAN_POINT('',(4.207225848268,-1.456425341081E-03));
#4952 = CARTESIAN_POINT('',(4.297837572905,-8.368856427998E-04));
#4953 = CARTESIAN_POINT('',(4.389186020106,-3.943207517813E-04));
#4954 = CARTESIAN_POINT('',(4.481416839499,-1.266995820008E-04));
#4955 = CARTESIAN_POINT('',(4.587428927515,-1.933813386154E-05));
#4956 = CARTESIAN_POINT('',(4.600192974636,-9.664659924408E-06));
#4957 = CARTESIAN_POINT('',(4.61297676191,-3.22009812867E-06));
#4958 = CARTESIAN_POINT('',(4.625780682619,-9.12880881998E-14));
#4959 = CARTESIAN_POINT('',(4.638605132285,-9.12880881998E-14));
#4960 = ( GEOMETRIC_REPRESENTATION_CONTEXT(2) 
PARAMETRIC_REPRESENTATION_CONTEXT() REPRESENTATION_CONTEXT('2D SPACE',''
  ) );
#4961 = ORIENTED_EDGE('',*,*,#4962,.T.);
#4962 = EDGE_CURVE('',#4795,#4963,#4965,.T.);
#4963 = VERTEX_POINT('',#4964);
#4964 = CARTESIAN_POINT('',(5.314286925426,9.,-3.322348477774));
#4965 = SURFACE_CURVE('',#4966,(#4969,#4975),.PCURVE_S1.);
#4966 = B_SPLINE_CURVE_WITH_KNOTS('',1,(#4967,#4968),.UNSPECIFIED.,.F.,
  .F.,(2,2),(0.,1.),.PIECEWISE_BEZIER_KNOTS.);
#4967 = CARTESIAN_POINT('',(5.314286925426,9.,5.185713074574));
#4968 = CARTESIAN_POINT('',(5.314286925426,9.,-5.185713074574));
#4969 = PCURVE('',#4160,#4970);
#4970 = DEFINITIONAL_REPRESENTATION('',(#4971),#4974);
#4971 = B_SPLINE_CURVE_WITH_KNOTS('',1,(#4972,#4973),.UNSPECIFIED.,.F.,
  .F.,(2,2),(0.,1.),.PIECEWISE_BEZIER_KNOTS.);
#4972 = CARTESIAN_POINT('',(11.,0.9));
#4973 = CARTESIAN_POINT('',(0.,0.9));
#4974 = ( GEOMETRIC_REPRESENTATION_CONTEXT(2) 
PARAMETRIC_REPRESENTATION_CONTEXT() REPRESENTATION_CONTEXT('2D SPACE',''
  ) );
#4975 = PCURVE('',#4430,#4976);
#4976 = DEFINITIONAL_REPRESENTATION('',(#4977),#4980);
#4977 = B_SPLINE_CURVE_WITH_KNOTS('',1,(#4978,#4979),.UNSPECIFIED.,.F.,
  .F.,(2,2),(0.,1.),.PIECEWISE_BEZIER_KNOTS.);
#4978 = CARTESIAN_POINT('',(0.314286925426,-5.314286925426));
#4979 = CARTESIAN_POINT('',(10.685713074574,-5.314286925426));
#4980 = ( GEOMETRIC_REPRESENTATION_CONTEXT(2) 
PARAMETRIC_REPRESENTATION_CONTEXT() REPRESENTATION_CONTEXT('2D SPACE',''
  ) );
#4981 = ORIENTED_EDGE('',*,*,#4982,.F.);
#4982 = EDGE_CURVE('',#4983,#4963,#4985,.T.);
#4983 = VERTEX_POINT('',#4984);
#4984 = CARTESIAN_POINT('',(5.180697433857,5.174497483513,
    -5.319302566143));
#4985 = SURFACE_CURVE('',#4986,(#5033,#5083),.PCURVE_S1.);
#4986 = B_SPLINE_CURVE_WITH_KNOTS('',5,(#4987,#4988,#4989,#4990,#4991,
    #4992,#4993,#4994,#4995,#4996,#4997,#4998,#4999,#5000,#5001,#5002,
    #5003,#5004,#5005,#5006,#5007,#5008,#5009,#5010,#5011,#5012,#5013,
    #5014,#5015,#5016,#5017,#5018,#5019,#5020,#5021,#5022,#5023,#5024,
    #5025,#5026,#5027,#5028,#5029,#5030,#5031,#5032),.UNSPECIFIED.,.F.,
  .F.,(6,4,4,4,4,4,4,4,4,4,4,6),(0.,6.084112224289E-02,0.158005592387,
    0.263346099359,0.389014930396,0.468189748702,0.547190067761,
    0.662342488325,0.772045336022,0.879481406617,0.985605866868,1.),
  .UNSPECIFIED.);
#4987 = CARTESIAN_POINT('',(5.180697433857,5.174497483513,
    -5.319302566143));
#4988 = CARTESIAN_POINT('',(5.184430663466,5.281403192134,
    -5.315569336448));
#4989 = CARTESIAN_POINT('',(5.188172790645,5.388563693863,
    -5.308964886459));
#4990 = CARTESIAN_POINT('',(5.191916765512,5.495777106442,
    -5.299457852925));
#4991 = CARTESIAN_POINT('',(5.195655435552,5.602838608632,
    -5.287044280798));
#4992 = CARTESIAN_POINT('',(5.205332216755,5.879945366136,
    -5.247318559944));
#4993 = CARTESIAN_POINT('',(5.211251229005,6.049443700123,
    -5.215535006737));
#4994 = CARTESIAN_POINT('',(5.217108667256,6.217178785456,
    -5.176494731991));
#4995 = CARTESIAN_POINT('',(5.222877913572,6.382388384218,
    -5.130468996925));
#4996 = CARTESIAN_POINT('',(5.234670107307,6.720072630763,
    -5.020801440179));
#4997 = CARTESIAN_POINT('',(5.240674004046,6.892001738482,
    -4.955998805481));
#4998 = CARTESIAN_POINT('',(5.246518845807,7.059376107548,
    -4.883934393492));
#4999 = CARTESIAN_POINT('',(5.252184405238,7.221616502391,
    -4.805222425635));
#5000 = CARTESIAN_POINT('',(5.264185302838,7.565277245681,
    -4.619385040635));
#5001 = CARTESIAN_POINT('',(5.270438977393,7.744359054184,
    -4.509706383932));
#5002 = CARTESIAN_POINT('',(5.276395426628,7.914929443156,
    -4.392481478815));
#5003 = CARTESIAN_POINT('',(5.282045532555,8.076727307563,
    -4.268726680206));
#5004 = CARTESIAN_POINT('',(5.290752749138,8.326069367007,
    -4.057746718923));
#5005 = CARTESIAN_POINT('',(5.293995790093,8.418937909218,
    -3.973946868113));
#5006 = CARTESIAN_POINT('',(5.297115930858,8.508287050441,
    -3.888107466518));
#5007 = CARTESIAN_POINT('',(5.300113610247,8.594129356673,
    -3.800423031522));
#5008 = CARTESIAN_POINT('',(5.305859696428,8.758675735938,-3.62190301354
    ));
#5009 = CARTESIAN_POINT('',(5.30860860423,8.837394156005,-3.531075526083
    ));
#5010 = CARTESIAN_POINT('',(5.311237579976,8.912678171368,
    -3.438752201875));
#5011 = CARTESIAN_POINT('',(5.313747952109,8.98456582359,-3.345084699552
    ));
#5012 = CARTESIAN_POINT('',(5.319629998713,9.153005599976,-3.1119094869)
  );
#5013 = CARTESIAN_POINT('',(5.322870025856,9.245787837881,
    -2.971042359574));
#5014 = CARTESIAN_POINT('',(5.325866414632,9.33159318579,-2.828014441135
    ));
#5015 = CARTESIAN_POINT('',(5.328624446204,9.410572876468,-2.68317381166
    ));
#5016 = CARTESIAN_POINT('',(5.333554563306,9.551752958517,
    -2.397374187825));
#5017 = CARTESIAN_POINT('',(5.335748156823,9.614569258069,
    -2.256558496859));
#5018 = CARTESIAN_POINT('',(5.337734444355,9.671449090911,
    -2.114615985987));
#5019 = CARTESIAN_POINT('',(5.339517453194,9.72250778363,-1.971768068625
    ));
#5020 = CARTESIAN_POINT('',(5.342651427394,9.81225306261,-1.68761704964)
  );
#5021 = CARTESIAN_POINT('',(5.344010541354,9.851172994209,-1.54634458229
    ));
#5022 = CARTESIAN_POINT('',(5.345181529142,9.884705697081,
    -1.404575477634));
#5023 = CARTESIAN_POINT('',(5.346167294195,9.912934314834,
    -1.262478744748));
#5024 = CARTESIAN_POINT('',(5.347763603163,9.958646622766,
    -0.979682635827));
#5025 = CARTESIAN_POINT('',(5.348378574658,9.976257102241,
    -0.838988465307));
#5026 = CARTESIAN_POINT('',(5.348817686493,9.988831619965,
    -0.698282258281));
#5027 = CARTESIAN_POINT('',(5.349082949181,9.99642774949,-0.55771301874)
  );
#5028 = CARTESIAN_POINT('',(5.349188760167,9.999457779694,
    -0.398401572318));
#5029 = CARTESIAN_POINT('',(5.349198231812,9.999729012111,
    -0.379379471126));
#5030 = CARTESIAN_POINT('',(5.349204541959,9.99990971108,-0.360362997683
    ));
#5031 = CARTESIAN_POINT('',(5.349207694917,10.,-0.341352525997));
#5032 = CARTESIAN_POINT('',(5.349207694917,10.,-0.322348431047));
#5033 = PCURVE('',#4160,#5034);
#5034 = DEFINITIONAL_REPRESENTATION('',(#5035),#5082);
#5035 = B_SPLINE_CURVE_WITH_KNOTS('',5,(#5036,#5037,#5038,#5039,#5040,
    #5041,#5042,#5043,#5044,#5045,#5046,#5047,#5048,#5049,#5050,#5051,
    #5052,#5053,#5054,#5055,#5056,#5057,#5058,#5059,#5060,#5061,#5062,
    #5063,#5064,#5065,#5066,#5067,#5068,#5069,#5070,#5071,#5072,#5073,
    #5074,#5075,#5076,#5077,#5078,#5079,#5080,#5081),.UNSPECIFIED.,.F.,
  .F.,(6,4,4,4,4,4,4,4,4,4,4,6),(0.,6.084112224289E-02,0.158005592387,
    0.263346099359,0.389014930396,0.468189748702,0.547190067761,
    0.662342488325,0.772045336022,0.879481406617,0.985605866868,1.),
  .UNSPECIFIED.);
#5036 = CARTESIAN_POINT('',(1.704678295084E-11,0.517449748757));
#5037 = CARTESIAN_POINT('',(1.068681238405E-10,0.528140319619));
#5038 = CARTESIAN_POINT('',(2.959511370608E-03,0.538856369245));
#5039 = CARTESIAN_POINT('',(8.928816978945E-03,0.549577710341));
#5040 = CARTESIAN_POINT('',(1.792997148472E-02,0.560283860863));
#5041 = CARTESIAN_POINT('',(4.916388407648E-02,0.587994536614));
#5042 = CARTESIAN_POINT('',(7.60886557578E-02,0.604944370012));
#5043 = CARTESIAN_POINT('',(0.110703391398,0.621717878546));
#5044 = CARTESIAN_POINT('',(0.152794178435,0.638238838422));
#5045 = CARTESIAN_POINT('',(0.25536466346,0.672007263076));
#5046 = CARTESIAN_POINT('',(0.317097789851,0.689200173848));
#5047 = CARTESIAN_POINT('',(0.386764922401,0.705937610755));
#5048 = CARTESIAN_POINT('',(0.463774715577,0.722161650239));
#5049 = CARTESIAN_POINT('',(0.647408499841,0.756527724568));
#5050 = CARTESIAN_POINT('',(0.756880854972,0.774435905418));
#5051 = CARTESIAN_POINT('',(0.874895750361,0.791492944316));
#5052 = CARTESIAN_POINT('',(1.000401067,0.807672730756));
#5053 = CARTESIAN_POINT('',(1.21571746136,0.832606936701));
#5054 = CARTESIAN_POINT('',(1.30155452892,0.841893790922));
#5055 = CARTESIAN_POINT('',(1.389779563075,0.850828705044));
#5056 = CARTESIAN_POINT('',(1.480182863033,0.859412935667));
#5057 = CARTESIAN_POINT('',(1.664768376183,0.875867573594));
#5058 = CARTESIAN_POINT('',(1.75894112,0.883739415601));
#5059 = CARTESIAN_POINT('',(1.854909437325,0.891267817137));
#5060 = CARTESIAN_POINT('',(1.952505046591,0.898456582359));
#5061 = CARTESIAN_POINT('',(2.195987743965,0.915300559998));
#5062 = CARTESIAN_POINT('',(2.343533383349,0.924578783788));
#5063 = CARTESIAN_POINT('',(2.493752519127,0.933159318579));
#5064 = CARTESIAN_POINT('',(2.646243645557,0.941057287647));
#5065 = CARTESIAN_POINT('',(2.947778738952,0.955175295852));
#5066 = CARTESIAN_POINT('',(3.096641560029,0.961456925807));
#5067 = CARTESIAN_POINT('',(3.24695672983,0.967144909091));
#5068 = CARTESIAN_POINT('',(3.398458978614,0.972250778363));
#5069 = CARTESIAN_POINT('',(3.700213703841,0.981225306261));
#5070 = CARTESIAN_POINT('',(3.850425656301,0.985117299421));
#5071 = CARTESIAN_POINT('',(4.001324000564,0.988470569708));
#5072 = CARTESIAN_POINT('',(4.152700760085,0.991293431483));
#5073 = CARTESIAN_POINT('',(4.454168070422,0.995864662277));
#5074 = CARTESIAN_POINT('',(4.60425060317,0.997625710224));
#5075 = CARTESIAN_POINT('',(4.754418737942,0.998883161996));
#5076 = CARTESIAN_POINT('',(4.90448748662,0.999642774949));
#5077 = CARTESIAN_POINT('',(5.074589554447,0.999945777969));
#5078 = CARTESIAN_POINT('',(5.094900475443,0.999972901211));
#5079 = CARTESIAN_POINT('',(5.115205722823,0.999990971108));
#5080 = CARTESIAN_POINT('',(5.135504834593,1.));
#5081 = CARTESIAN_POINT('',(5.155797348062,1.));
#5082 = ( GEOMETRIC_REPRESENTATION_CONTEXT(2) 
PARAMETRIC_REPRESENTATION_CONTEXT() REPRESENTATION_CONTEXT('2D SPACE',''
  ) );
#5083 = PCURVE('',#5084,#5100);
#5084 = ( BOUNDED_SURFACE() B_SPLINE_SURFACE(2,2,(
    (#5085,#5086,#5087,#5088,#5089)
    ,(#5090,#5091,#5092,#5093,#5094)
    ,(#5095,#5096,#5097,#5098,#5099
)),.UNSPECIFIED.,.F.,.F.,.F.) B_SPLINE_SURFACE_WITH_KNOTS((3,3),(3,1,1,3
    ),(0.,4.638605132285),(-0.431767239202,-0.16851026106,4.470094871225
,4.733351849367),.UNSPECIFIED.) GEOMETRIC_REPRESENTATION_ITEM() 
RATIONAL_B_SPLINE_SURFACE((
    (1.,1.,1.,1.,1.)
    ,(0.719339800339,0.719339800339,0.719339800339,0.719339800339
      ,0.719339800339)
,(1.,1.,1.,1.,1.))) REPRESENTATION_ITEM('') SURFACE() );
#5085 = CARTESIAN_POINT('',(10.082559544285,5.174497483513,
    -5.319302566143));
#5086 = CARTESIAN_POINT('',(9.950931055214,5.174497483513,
    -5.319302566143));
#5087 = CARTESIAN_POINT('',(7.5,5.174497483513,-5.319302566143));
#5088 = CARTESIAN_POINT('',(5.049068944786,5.174497483513,
    -5.319302566143));
#5089 = CARTESIAN_POINT('',(4.917440455715,5.174497483513,
    -5.319302566143));
#5090 = CARTESIAN_POINT('',(10.082559544285,10.,-5.150792305083));
#5091 = CARTESIAN_POINT('',(9.950931055214,10.,-5.150792305083));
#5092 = CARTESIAN_POINT('',(7.5,10.,-5.150792305083));
#5093 = CARTESIAN_POINT('',(5.049068944786,10.,-5.150792305083));
#5094 = CARTESIAN_POINT('',(4.917440455715,10.,-5.150792305083));
#5095 = CARTESIAN_POINT('',(10.082559544285,10.,-0.322348431047));
#5096 = CARTESIAN_POINT('',(9.950931055214,10.,-0.322348431047));
#5097 = CARTESIAN_POINT('',(7.5,10.,-0.322348431047));
#5098 = CARTESIAN_POINT('',(5.049068944786,10.,-0.322348431047));
#5099 = CARTESIAN_POINT('',(4.917440455715,10.,-0.322348431047));
#5100 = DEFINITIONAL_REPRESENTATION('',(#5101),#5148);
#5101 = B_SPLINE_CURVE_WITH_KNOTS('',5,(#5102,#5103,#5104,#5105,#5106,
    #5107,#5108,#5109,#5110,#5111,#5112,#5113,#5114,#5115,#5116,#5117,
    #5118,#5119,#5120,#5121,#5122,#5123,#5124,#5125,#5126,#5127,#5128,
    #5129,#5130,#5131,#5132,#5133,#5134,#5135,#5136,#5137,#5138,#5139,
    #5140,#5141,#5142,#5143,#5144,#5145,#5146,#5147),.UNSPECIFIED.,.F.,
  .F.,(6,4,4,4,4,4,4,4,4,4,4,6),(0.,6.084112224289E-02,0.158005592387,
    0.263346099359,0.389014930396,0.468189748702,0.547190067761,
    0.662342488325,0.772045336022,0.879481406617,0.985605866868,1.),
  .UNSPECIFIED.);
#5102 = CARTESIAN_POINT('',(0.,4.470094871225));
#5103 = CARTESIAN_POINT('',(7.143016749134E-02,4.466361641617));
#5104 = CARTESIAN_POINT('',(0.142325203885,4.462619514438));
#5105 = CARTESIAN_POINT('',(0.212660897624,4.45887553957));
#5106 = CARTESIAN_POINT('',(0.282414155909,4.455136869531));
#5107 = CARTESIAN_POINT('',(0.461995077704,4.445460088328));
#5108 = CARTESIAN_POINT('',(0.570891694688,4.439541076077));
#5109 = CARTESIAN_POINT('',(0.678152531609,4.433683637827));
#5110 = CARTESIAN_POINT('',(0.783735849134,4.42791439151));
#5111 = CARTESIAN_POINT('',(1.000226657543,4.416122197776));
#5112 = CARTESIAN_POINT('',(1.110842763521,4.410118301036));
#5113 = CARTESIAN_POINT('',(1.219432235117,4.404273459275));
#5114 = CARTESIAN_POINT('',(1.326047597883,4.398607899845));
#5115 = CARTESIAN_POINT('',(1.555695110949,4.386607002245));
#5116 = CARTESIAN_POINT('',(1.677926396872,4.38035332769));
#5117 = CARTESIAN_POINT('',(1.797618663543,4.374396878455));
#5118 = CARTESIAN_POINT('',(1.914997417641,4.368746772527));
#5119 = CARTESIAN_POINT('',(2.102970970454,4.360039555945));
#5120 = CARTESIAN_POINT('',(2.174807371829,4.356796514989));
#5121 = CARTESIAN_POINT('',(2.245889943612,4.353676374224));
#5122 = CARTESIAN_POINT('',(2.316283639357,4.350678694836));
#5123 = CARTESIAN_POINT('',(2.45567302998,4.344932608655));
#5124 = CARTESIAN_POINT('',(2.524670994007,4.342183700853));
#5125 = CARTESIAN_POINT('',(2.593115063124,4.339554725106));
#5126 = CARTESIAN_POINT('',(2.661070285245,4.337044352973));
#5127 = CARTESIAN_POINT('',(2.827034625678,4.331162306369));
#5128 = CARTESIAN_POINT('',(2.924564524372,4.327922279226));
#5129 = CARTESIAN_POINT('',(3.021392448733,4.324925890451));
#5130 = CARTESIAN_POINT('',(3.11770510393,4.322167858878));
#5131 = CARTESIAN_POINT('',(3.305135285016,4.317237741776));
#5132 = CARTESIAN_POINT('',(3.396281253809,4.315044148259));
#5133 = CARTESIAN_POINT('',(3.487291748775,4.313057860728));
#5134 = CARTESIAN_POINT('',(3.578320271678,4.311274851889));
#5135 = CARTESIAN_POINT('',(3.758842394927,4.308140877688));
#5136 = CARTESIAN_POINT('',(3.848327848205,4.306781763728));
#5137 = CARTESIAN_POINT('',(3.938126687254,4.305610775941));
#5138 = CARTESIAN_POINT('',(4.028382166855,4.304625010887));
#5139 = CARTESIAN_POINT('',(4.208995255275,4.303028701919));
#5140 = CARTESIAN_POINT('',(4.299337469518,4.302413730425));
#5141 = CARTESIAN_POINT('',(4.390413374704,4.30197461859));
#5142 = CARTESIAN_POINT('',(4.482367314225,4.301709355902));
#5143 = CARTESIAN_POINT('',(4.587964008327,4.301603544915));
#5144 = CARTESIAN_POINT('',(4.600594902771,4.301594073271));
#5145 = CARTESIAN_POINT('',(4.613245133839,4.301587763124));
#5146 = CARTESIAN_POINT('',(4.625915082598,4.301584610165));
#5147 = CARTESIAN_POINT('',(4.638605132285,4.301584610165));
#5148 = ( GEOMETRIC_REPRESENTATION_CONTEXT(2) 
PARAMETRIC_REPRESENTATION_CONTEXT() REPRESENTATION_CONTEXT('2D SPACE',''
  ) );
#5149 = ORIENTED_EDGE('',*,*,#5150,.F.);
#5150 = EDGE_CURVE('',#4143,#4983,#5151,.T.);
#5151 = SURFACE_CURVE('',#5152,(#5155,#5162),.PCURVE_S1.);
#5152 = B_SPLINE_CURVE_WITH_KNOTS('',1,(#5153,#5154),.UNSPECIFIED.,.F.,
  .F.,(2,2),(0.,1.),.PIECEWISE_BEZIER_KNOTS.);
#5153 = CARTESIAN_POINT('',(5.,-1.221245327088E-15,-5.5));
#5154 = CARTESIAN_POINT('',(5.349207694917,10.,-5.150792305083));
#5155 = PCURVE('',#4160,#5156);
#5156 = DEFINITIONAL_REPRESENTATION('',(#5157),#5161);
#5157 = LINE('',#5158,#5159);
#5158 = CARTESIAN_POINT('',(0.,0.));
#5159 = VECTOR('',#5160,1.);
#5160 = DIRECTION('',(0.,1.));
#5161 = ( GEOMETRIC_REPRESENTATION_CONTEXT(2) 
PARAMETRIC_REPRESENTATION_CONTEXT() REPRESENTATION_CONTEXT('2D SPACE',''
  ) );
#5162 = PCURVE('',#4242,#5163);
#5163 = DEFINITIONAL_REPRESENTATION('',(#5164),#5168);
#5164 = LINE('',#5165,#5166);
#5165 = CARTESIAN_POINT('',(5.,0.));
#5166 = VECTOR('',#5167,1.);
#5167 = DIRECTION('',(0.,1.));
#5168 = ( GEOMETRIC_REPRESENTATION_CONTEXT(2) 
PARAMETRIC_REPRESENTATION_CONTEXT() REPRESENTATION_CONTEXT('2D SPACE',''
  ) );
#5169 = ORIENTED_EDGE('',*,*,#4142,.T.);
#5170 = ADVANCED_FACE('',(#5171),#4242,.F.);
#5171 = FACE_BOUND('',#5172,.F.);
#5172 = EDGE_LOOP('',(#5173,#5174,#5198,#5218));
#5173 = ORIENTED_EDGE('',*,*,#5150,.T.);
#5174 = ORIENTED_EDGE('',*,*,#5175,.F.);
#5175 = EDGE_CURVE('',#5176,#4983,#5178,.T.);
#5176 = VERTEX_POINT('',#5177);
#5177 = CARTESIAN_POINT('',(9.819302566143,5.174497483513,
    -5.319302566143));
#5178 = SURFACE_CURVE('',#5179,(#5185,#5191),.PCURVE_S1.);
#5179 = B_SPLINE_CURVE_WITH_KNOTS('',2,(#5180,#5181,#5182,#5183,#5184),
  .UNSPECIFIED.,.F.,.F.,(3,1,1,3),(-0.431767239202,-0.16851026106,
    4.470094871225,4.733351849367),.UNSPECIFIED.);
#5180 = CARTESIAN_POINT('',(10.082559544285,5.174497483513,
    -5.319302566143));
#5181 = CARTESIAN_POINT('',(9.950931055214,5.174497483513,
    -5.319302566143));
#5182 = CARTESIAN_POINT('',(7.5,5.174497483513,-5.319302566143));
#5183 = CARTESIAN_POINT('',(5.049068944786,5.174497483513,
    -5.319302566143));
#5184 = CARTESIAN_POINT('',(4.917440455715,5.174497483513,
    -5.319302566143));
#5185 = PCURVE('',#4242,#5186);
#5186 = DEFINITIONAL_REPRESENTATION('',(#5187),#5190);
#5187 = B_SPLINE_CURVE_WITH_KNOTS('',1,(#5188,#5189),.UNSPECIFIED.,.F.,
  .F.,(2,2),(-0.16851026106,4.470094871225),.PIECEWISE_BEZIER_KNOTS.);
#5188 = CARTESIAN_POINT('',(0.,0.517449748351));
#5189 = CARTESIAN_POINT('',(5.,0.517449748351));
#5190 = ( GEOMETRIC_REPRESENTATION_CONTEXT(2) 
PARAMETRIC_REPRESENTATION_CONTEXT() REPRESENTATION_CONTEXT('2D SPACE',''
  ) );
#5191 = PCURVE('',#5084,#5192);
#5192 = DEFINITIONAL_REPRESENTATION('',(#5193),#5197);
#5193 = LINE('',#5194,#5195);
#5194 = CARTESIAN_POINT('',(0.,0.));
#5195 = VECTOR('',#5196,1.);
#5196 = DIRECTION('',(0.,1.));
#5197 = ( GEOMETRIC_REPRESENTATION_CONTEXT(2) 
PARAMETRIC_REPRESENTATION_CONTEXT() REPRESENTATION_CONTEXT('2D SPACE',''
  ) );
#5198 = ORIENTED_EDGE('',*,*,#5199,.F.);
#5199 = EDGE_CURVE('',#4201,#5176,#5200,.T.);
#5200 = SURFACE_CURVE('',#5201,(#5204,#5211),.PCURVE_S1.);
#5201 = B_SPLINE_CURVE_WITH_KNOTS('',1,(#5202,#5203),.UNSPECIFIED.,.F.,
  .F.,(2,2),(0.,1.),.PIECEWISE_BEZIER_KNOTS.);
#5202 = CARTESIAN_POINT('',(10.,-1.221245327088E-15,-5.5));
#5203 = CARTESIAN_POINT('',(9.650792305083,10.,-5.150792305083));
#5204 = PCURVE('',#4242,#5205);
#5205 = DEFINITIONAL_REPRESENTATION('',(#5206),#5210);
#5206 = LINE('',#5207,#5208);
#5207 = CARTESIAN_POINT('',(0.,0.));
#5208 = VECTOR('',#5209,1.);
#5209 = DIRECTION('',(0.,1.));
#5210 = ( GEOMETRIC_REPRESENTATION_CONTEXT(2) 
PARAMETRIC_REPRESENTATION_CONTEXT() REPRESENTATION_CONTEXT('2D SPACE',''
  ) );
#5211 = PCURVE('',#4216,#5212);
#5212 = DEFINITIONAL_REPRESENTATION('',(#5213),#5217);
#5213 = LINE('',#5214,#5215);
#5214 = CARTESIAN_POINT('',(11.,0.));
#5215 = VECTOR('',#5216,1.);
#5216 = DIRECTION('',(0.,1.));
#5217 = ( GEOMETRIC_REPRESENTATION_CONTEXT(2) 
PARAMETRIC_REPRESENTATION_CONTEXT() REPRESENTATION_CONTEXT('2D SPACE',''
  ) );
#5218 = ORIENTED_EDGE('',*,*,#4228,.T.);
#5219 = ADVANCED_FACE('',(#5220),#4216,.F.);
#5220 = FACE_BOUND('',#5221,.F.);
#5221 = EDGE_LOOP('',(#5222,#5223,#5375,#5395,#5547,#5567));
#5222 = ORIENTED_EDGE('',*,*,#5199,.T.);
#5223 = ORIENTED_EDGE('',*,*,#5224,.T.);
#5224 = EDGE_CURVE('',#5176,#5225,#5227,.T.);
#5225 = VERTEX_POINT('',#5226);
#5226 = CARTESIAN_POINT('',(9.685713074574,9.,-3.322348479465));
#5227 = SURFACE_CURVE('',#5228,(#5275,#5325),.PCURVE_S1.);
#5228 = B_SPLINE_CURVE_WITH_KNOTS('',5,(#5229,#5230,#5231,#5232,#5233,
    #5234,#5235,#5236,#5237,#5238,#5239,#5240,#5241,#5242,#5243,#5244,
    #5245,#5246,#5247,#5248,#5249,#5250,#5251,#5252,#5253,#5254,#5255,
    #5256,#5257,#5258,#5259,#5260,#5261,#5262,#5263,#5264,#5265,#5266,
    #5267,#5268,#5269,#5270,#5271,#5272,#5273,#5274),.UNSPECIFIED.,.F.,
  .F.,(6,4,4,4,4,4,4,4,4,4,4,6),(0.,6.092725388302E-02,0.158096061571,
    0.263447994862,0.389141050257,0.467927482762,0.547348677535,
    0.662181957496,0.771890017553,0.878999610143,0.98545341898,1.),
  .UNSPECIFIED.);
#5229 = CARTESIAN_POINT('',(9.819302566143,5.174497483513,
    -5.319302566143));
#5230 = CARTESIAN_POINT('',(9.815564052471,5.281554507911,
    -5.315564052387));
#5231 = CARTESIAN_POINT('',(9.811816614514,5.388867090425,
    -5.308946182383));
#5232 = CARTESIAN_POINT('',(9.808067334068,5.49623243489,-5.299417460574
    ));
#5233 = CARTESIAN_POINT('',(9.804323394442,5.603444838291,
    -5.286973954051));
#5234 = CARTESIAN_POINT('',(9.794641256999,5.880704978444,
    -5.247183065157));
#5235 = CARTESIAN_POINT('',(9.788722172645,6.0502053772,-5.215371943955)
  );
#5236 = CARTESIAN_POINT('',(9.782864744271,6.217940179693,
    -5.176304025719));
#5237 = CARTESIAN_POINT('',(9.777095586566,6.383147240973,
    -5.130250891973));
#5238 = CARTESIAN_POINT('',(9.765303336035,6.720833113952,
    -5.020523593958));
#5239 = CARTESIAN_POINT('',(9.759299323416,6.892765540015,
    -4.955687711413));
#5240 = CARTESIAN_POINT('',(9.753454463827,7.060140419631,-4.88359002204
    ));
#5241 = CARTESIAN_POINT('',(9.74778897674,7.222378742826,-4.804845056692
    ));
#5242 = CARTESIAN_POINT('',(9.735787864708,7.566045626645,
    -4.618927805579));
#5243 = CARTESIAN_POINT('',(9.729533984415,7.745133326703,
    -4.509201037931));
#5244 = CARTESIAN_POINT('',(9.723577480717,7.915705275282,
    -4.391927818547));
#5245 = CARTESIAN_POINT('',(9.717927458095,8.077500754159,
    -4.268124888678));
#5246 = CARTESIAN_POINT('',(9.709237734958,8.326341866862,
    -4.057482921907));
#5247 = CARTESIAN_POINT('',(9.706010783258,8.418749673063,
    -3.974091868312));
#5248 = CARTESIAN_POINT('',(9.702905526105,8.50767260341,-3.888681139623
    ));
#5249 = CARTESIAN_POINT('',(9.699921533141,8.593122981717,
    -3.801442430005));
#5250 = CARTESIAN_POINT('',(9.694171050251,8.757795266248,
    -3.622930077815));
#5251 = CARTESIAN_POINT('',(9.691406540824,8.836960458422,
    -3.531630322964));
#5252 = CARTESIAN_POINT('',(9.688763251537,8.912654359948,
    -3.438818077809));
#5253 = CARTESIAN_POINT('',(9.686239833156,8.984915607844,
    -3.344647463737));
#5254 = CARTESIAN_POINT('',(9.680357014669,9.153377488038,
    -3.111326171082));
#5255 = CARTESIAN_POINT('',(9.677126625395,9.24588373349,-2.970844118128
    ));
#5256 = CARTESIAN_POINT('',(9.674138518388,9.331451922576,
    -2.828213622696));
#5257 = CARTESIAN_POINT('',(9.671387456795,9.410232019151,
    -2.683779880402));
#5258 = CARTESIAN_POINT('',(9.666461686352,9.551287629169,
    -2.398395814391));
#5259 = CARTESIAN_POINT('',(9.664266778574,9.614141564245,-2.25758032937
    ));
#5260 = CARTESIAN_POINT('',(9.66227921465,9.671057948175,-2.115636918397
    ));
#5261 = CARTESIAN_POINT('',(9.660494965492,9.722152158987,
    -1.972787109502));
#5262 = CARTESIAN_POINT('',(9.657363393124,9.811828658512,
    -1.689064453404));
#5263 = CARTESIAN_POINT('',(9.65600673941,9.850678137885,-1.548226469929
    ));
#5264 = CARTESIAN_POINT('',(9.65483709381,9.884172405519,-1.406893568747
    ));
#5265 = CARTESIAN_POINT('',(9.65385157649,9.912393929115,-1.265233301068
    ));
#5266 = CARTESIAN_POINT('',(9.652248730424,9.958293435048,
    -0.982439460064));
#5267 = CARTESIAN_POINT('',(9.651629190725,9.976034730767,
    -0.841309064999));
#5268 = CARTESIAN_POINT('',(9.651186625834,9.98870813108,-0.70016498322)
  );
#5269 = CARTESIAN_POINT('',(9.650919004664,9.996371798682,
    -0.559157619937));
#5270 = CARTESIAN_POINT('',(9.650811643216,9.999446228303,
    -0.399207426309));
#5271 = CARTESIAN_POINT('',(9.650801969742,9.999723240353,-0.37998368202
    ));
#5272 = CARTESIAN_POINT('',(9.650795525181,9.999907788457,
    -0.360765677201));
#5273 = CARTESIAN_POINT('',(9.650792305083,9.999999999999,
    -0.341553797861));
#5274 = CARTESIAN_POINT('',(9.650792305083,10.,-0.322348431047));
#5275 = PCURVE('',#4216,#5276);
#5276 = DEFINITIONAL_REPRESENTATION('',(#5277),#5324);
#5277 = B_SPLINE_CURVE_WITH_KNOTS('',5,(#5278,#5279,#5280,#5281,#5282,
    #5283,#5284,#5285,#5286,#5287,#5288,#5289,#5290,#5291,#5292,#5293,
    #5294,#5295,#5296,#5297,#5298,#5299,#5300,#5301,#5302,#5303,#5304,
    #5305,#5306,#5307,#5308,#5309,#5310,#5311,#5312,#5313,#5314,#5315,
    #5316,#5317,#5318,#5319,#5320,#5321,#5322,#5323),.UNSPECIFIED.,.F.,
  .F.,(6,4,4,4,4,4,4,4,4,4,4,6),(0.,6.092725388302E-02,0.158096061571,
    0.263447994862,0.389141050257,0.467927482762,0.547348677535,
    0.662181957496,0.771890017553,0.878999610143,0.98545341898,1.),
  .UNSPECIFIED.);
#5278 = CARTESIAN_POINT('',(10.999999999986,0.517449748745));
#5279 = CARTESIAN_POINT('',(10.999999999899,0.528155451185));
#5280 = CARTESIAN_POINT('',(10.997032104242,0.538886708905));
#5281 = CARTESIAN_POINT('',(10.99104581461,0.549623243194));
#5282 = CARTESIAN_POINT('',(10.982019022666,0.560344483829));
#5283 = CARTESIAN_POINT('',(10.950722706871,0.588070497844));
#5284 = CARTESIAN_POINT('',(10.923769094837,0.60502053772));
#5285 = CARTESIAN_POINT('',(10.889125235635,0.621794017969));
#5286 = CARTESIAN_POINT('',(10.84700538511,0.638314724097));
#5287 = CARTESIAN_POINT('',(10.744371600432,0.672083311395));
#5288 = CARTESIAN_POINT('',(10.682603225553,0.689276554002));
#5289 = CARTESIAN_POINT('',(10.61290058003,0.706014041963));
#5290 = CARTESIAN_POINT('',(10.535855358066,0.722237874283));
#5291 = CARTESIAN_POINT('',(10.352136130182,0.756604562665));
#5292 = CARTESIAN_POINT('',(10.242612283525,0.77451333267));
#5293 = CARTESIAN_POINT('',(10.124545364165,0.791570527528));
#5294 = CARTESIAN_POINT('',(9.998987948571,0.807750075416));
#5295 = CARTESIAN_POINT('',(9.784011315726,0.832634186686));
#5296 = CARTESIAN_POINT('',(9.698592572189,0.841874967306));
#5297 = CARTESIAN_POINT('',(9.610809153798,0.850767260341));
#5298 = CARTESIAN_POINT('',(9.520867709152,0.859312298172));
#5299 = CARTESIAN_POINT('',(9.336297016665,0.875779526625));
#5300 = CARTESIAN_POINT('',(9.241636547948,0.883696045842));
#5301 = CARTESIAN_POINT('',(9.14516057111,0.891265435995));
#5302 = CARTESIAN_POINT('',(9.04704009642,0.898491560784));
#5303 = CARTESIAN_POINT('',(8.803400666054,0.915337748804));
#5304 = CARTESIAN_POINT('',(8.656257283033,0.924588373349));
#5305 = CARTESIAN_POINT('',(8.506455664067,0.933145192258));
#5306 = CARTESIAN_POINT('',(8.354393983024,0.941023201915));
#5307 = CARTESIAN_POINT('',(8.05330085188,0.955128762917));
#5308 = CARTESIAN_POINT('',(7.904439807791,0.961414156424));
#5309 = CARTESIAN_POINT('',(7.754125086754,0.967105794818));
#5310 = CARTESIAN_POINT('',(7.602622083051,0.972215215899));
#5311 = CARTESIAN_POINT('',(7.30132444611,0.981182865851));
#5312 = CARTESIAN_POINT('',(7.15157599001,0.985067813788));
#5313 = CARTESIAN_POINT('',(7.001143724481,0.988417240552));
#5314 = CARTESIAN_POINT('',(6.850233819232,0.991239392911));
#5315 = CARTESIAN_POINT('',(6.548772559584,0.995829343505));
#5316 = CARTESIAN_POINT('',(6.398225832555,0.997603473077));
#5317 = CARTESIAN_POINT('',(6.24759101483,0.998870813108));
#5318 = CARTESIAN_POINT('',(6.097054836018,0.999637179868));
#5319 = CARTESIAN_POINT('',(5.926270898993,0.99994462283));
#5320 = CARTESIAN_POINT('',(5.905744683526,0.999972324035));
#5321 = CARTESIAN_POINT('',(5.88522425259,0.999990778846));
#5322 = CARTESIAN_POINT('',(5.864710082984,1.));
#5323 = CARTESIAN_POINT('',(5.844202652046,1.));
#5324 = ( GEOMETRIC_REPRESENTATION_CONTEXT(2) 
PARAMETRIC_REPRESENTATION_CONTEXT() REPRESENTATION_CONTEXT('2D SPACE',''
  ) );
#5325 = PCURVE('',#5084,#5326);
#5326 = DEFINITIONAL_REPRESENTATION('',(#5327),#5374);
#5327 = B_SPLINE_CURVE_WITH_KNOTS('',5,(#5328,#5329,#5330,#5331,#5332,
    #5333,#5334,#5335,#5336,#5337,#5338,#5339,#5340,#5341,#5342,#5343,
    #5344,#5345,#5346,#5347,#5348,#5349,#5350,#5351,#5352,#5353,#5354,
    #5355,#5356,#5357,#5358,#5359,#5360,#5361,#5362,#5363,#5364,#5365,
    #5366,#5367,#5368,#5369,#5370,#5371,#5372,#5373),.UNSPECIFIED.,.F.,
  .F.,(6,4,4,4,4,4,4,4,4,4,4,6),(0.,6.092725388302E-02,0.158096061571,
    0.263447994862,0.389141050257,0.467927482762,0.547348677535,
    0.662181957496,0.771890017553,0.878999610143,0.98545341898,1.),
  .UNSPECIFIED.);
#5328 = CARTESIAN_POINT('',(0.,-0.16851026106));
#5329 = CARTESIAN_POINT('',(7.15312707112E-02,-0.164771747389));
#5330 = CARTESIAN_POINT('',(0.142525921721,-0.161024309431));
#5331 = CARTESIAN_POINT('',(0.21295960494,-0.157275028986));
#5332 = CARTESIAN_POINT('',(0.282809125653,-0.15353108936));
#5333 = CARTESIAN_POINT('',(0.462483983584,-0.143848951916));
#5334 = CARTESIAN_POINT('',(0.571379702812,-0.137929867563));
#5335 = CARTESIAN_POINT('',(0.678639306179,-0.132072439189));
#5336 = CARTESIAN_POINT('',(0.784221114588,-0.126303281484));
#5337 = CARTESIAN_POINT('',(1.000715557925,-0.114511030953));
#5338 = CARTESIAN_POINT('',(1.111336513724,-0.108507018334));
#5339 = CARTESIAN_POINT('',(1.219930450584,-0.102662158744));
#5340 = CARTESIAN_POINT('',(1.32655000563,-9.699667165714E-02));
#5341 = CARTESIAN_POINT('',(1.55621690316,-8.499555962536E-02));
#5342 = CARTESIAN_POINT('',(1.678462851778,-7.874167933282E-02));
#5343 = CARTESIAN_POINT('',(1.79816934298,-7.278517563475E-02));
#5344 = CARTESIAN_POINT('',(1.915562088352,-6.713515301206E-02));
#5345 = CARTESIAN_POINT('',(2.10318801959,-5.844542987531E-02));
#5346 = CARTESIAN_POINT('',(2.174671146716,-5.521847817571E-02));
#5347 = CARTESIAN_POINT('',(2.245407814151,-5.211322102251E-02));
#5348 = CARTESIAN_POINT('',(2.31546202606,-4.912922805871E-02));
#5349 = CARTESIAN_POINT('',(2.454896535669,-4.337874516891E-02));
#5350 = CARTESIAN_POINT('',(2.524266381397,-4.061423574125E-02));
#5351 = CARTESIAN_POINT('',(2.593076112249,-3.79709464541E-02));
#5352 = CARTESIAN_POINT('',(2.661391822424,-3.544752807316E-02));
#5353 = CARTESIAN_POINT('',(2.827434741179,-2.956470958674E-02));
#5354 = CARTESIAN_POINT('',(2.92469270524,-2.633432031276E-02));
#5355 = CARTESIAN_POINT('',(3.021252810485,-2.334621330587E-02));
#5356 = CARTESIAN_POINT('',(3.117300241173,-2.059515171283E-02));
#5357 = CARTESIAN_POINT('',(3.30447230881,-1.566938126987E-02));
#5358 = CARTESIAN_POINT('',(3.395623630488,-1.347447349145E-02));
#5359 = CARTESIAN_POINT('',(3.486638782412,-1.148690956791E-02));
#5360 = CARTESIAN_POINT('',(3.577671295138,-9.702660409792E-03));
#5361 = CARTESIAN_POINT('',(3.757924382357,-6.571088041061E-03));
#5362 = CARTESIAN_POINT('',(3.847135815495,-5.21443432701E-03));
#5363 = CARTESIAN_POINT('',(3.936657661482,-4.044788727647E-03));
#5364 = CARTESIAN_POINT('',(4.026631880163,-3.059271407471E-03));
#5365 = CARTESIAN_POINT('',(4.207225848268,-1.456425340991E-03));
#5366 = CARTESIAN_POINT('',(4.297837572905,-8.368856426978E-04));
#5367 = CARTESIAN_POINT('',(4.389186020106,-3.943207516943E-04));
#5368 = CARTESIAN_POINT('',(4.481416839499,-1.266995819083E-04));
#5369 = CARTESIAN_POINT('',(4.587428927515,-1.933813376913E-05));
#5370 = CARTESIAN_POINT('',(4.600192974636,-9.664659821584E-06));
#5371 = CARTESIAN_POINT('',(4.61297676191,-3.220098034695E-06));
#5372 = CARTESIAN_POINT('',(4.62578068262,-1.622035838977E-14));
#5373 = CARTESIAN_POINT('',(4.638605132285,2.942091015257E-15));
#5374 = ( GEOMETRIC_REPRESENTATION_CONTEXT(2) 
PARAMETRIC_REPRESENTATION_CONTEXT() REPRESENTATION_CONTEXT('2D SPACE',''
  ) );
#5375 = ORIENTED_EDGE('',*,*,#5376,.T.);
#5376 = EDGE_CURVE('',#5225,#5377,#5379,.T.);
#5377 = VERTEX_POINT('',#5378);
#5378 = CARTESIAN_POINT('',(9.685713074574,9.,3.322348477511));
#5379 = SURFACE_CURVE('',#5380,(#5383,#5389),.PCURVE_S1.);
#5380 = B_SPLINE_CURVE_WITH_KNOTS('',1,(#5381,#5382),.UNSPECIFIED.,.F.,
  .F.,(2,2),(0.,1.),.PIECEWISE_BEZIER_KNOTS.);
#5381 = CARTESIAN_POINT('',(9.685713074574,9.,-5.185713074574));
#5382 = CARTESIAN_POINT('',(9.685713074574,9.,5.185713074574));
#5383 = PCURVE('',#4216,#5384);
#5384 = DEFINITIONAL_REPRESENTATION('',(#5385),#5388);
#5385 = B_SPLINE_CURVE_WITH_KNOTS('',1,(#5386,#5387),.UNSPECIFIED.,.F.,
  .F.,(2,2),(0.,1.),.PIECEWISE_BEZIER_KNOTS.);
#5386 = CARTESIAN_POINT('',(11.,0.9));
#5387 = CARTESIAN_POINT('',(0.,0.9));
#5388 = ( GEOMETRIC_REPRESENTATION_CONTEXT(2) 
PARAMETRIC_REPRESENTATION_CONTEXT() REPRESENTATION_CONTEXT('2D SPACE',''
  ) );
#5389 = PCURVE('',#4430,#5390);
#5390 = DEFINITIONAL_REPRESENTATION('',(#5391),#5394);
#5391 = B_SPLINE_CURVE_WITH_KNOTS('',1,(#5392,#5393),.UNSPECIFIED.,.F.,
  .F.,(2,2),(0.,1.),.PIECEWISE_BEZIER_KNOTS.);
#5392 = CARTESIAN_POINT('',(10.685713074574,-9.685713074574));
#5393 = CARTESIAN_POINT('',(0.314286925426,-9.685713074574));
#5394 = ( GEOMETRIC_REPRESENTATION_CONTEXT(2) 
PARAMETRIC_REPRESENTATION_CONTEXT() REPRESENTATION_CONTEXT('2D SPACE',''
  ) );
#5395 = ORIENTED_EDGE('',*,*,#5396,.F.);
#5396 = EDGE_CURVE('',#5397,#5377,#5399,.T.);
#5397 = VERTEX_POINT('',#5398);
#5398 = CARTESIAN_POINT('',(9.819302566143,5.174497483513,5.319302566143
    ));
#5399 = SURFACE_CURVE('',#5400,(#5447,#5497),.PCURVE_S1.);
#5400 = B_SPLINE_CURVE_WITH_KNOTS('',5,(#5401,#5402,#5403,#5404,#5405,
    #5406,#5407,#5408,#5409,#5410,#5411,#5412,#5413,#5414,#5415,#5416,
    #5417,#5418,#5419,#5420,#5421,#5422,#5423,#5424,#5425,#5426,#5427,
    #5428,#5429,#5430,#5431,#5432,#5433,#5434,#5435,#5436,#5437,#5438,
    #5439,#5440,#5441,#5442,#5443,#5444,#5445,#5446),.UNSPECIFIED.,.F.,
  .F.,(6,4,4,4,4,4,4,4,4,4,4,6),(0.,6.077042358173E-02,0.157902634223,
    0.263261772106,0.388885823629,0.468151910232,0.547141154375,
    0.662300327247,0.772006192443,0.879406260089,0.985533218746,1.),
  .UNSPECIFIED.);
#5401 = CARTESIAN_POINT('',(9.819302566143,5.174497483513,5.319302566143
    ));
#5402 = CARTESIAN_POINT('',(9.815573675296,5.281278946249,5.31557367305)
  );
#5403 = CARTESIAN_POINT('',(9.811835906806,5.388314631453,5.308980232717
    ));
#5404 = CARTESIAN_POINT('',(9.808096286737,5.495403338925,5.299490986226
    ));
#5405 = CARTESIAN_POINT('',(9.804361942838,5.602340956676,5.287101959473
    ));
#5406 = CARTESIAN_POINT('',(9.794691316287,5.879271467988,5.24743690635)
  );
#5407 = CARTESIAN_POINT('',(9.788774102635,6.048718296841,5.215687536589
    ));
#5408 = CARTESIAN_POINT('',(9.782918350284,6.216405104333,5.176685765091
    ));
#5409 = CARTESIAN_POINT('',(9.77715065737,6.381570219491,5.130702297022)
  );
#5410 = CARTESIAN_POINT('',(9.765358277811,6.719259787356,5.021100398677
    ));
#5411 = CARTESIAN_POINT('',(9.759352749163,6.891235626799,4.956313820367
    ));
#5412 = CARTESIAN_POINT('',(9.753506268154,7.058656937785,4.884261286641
    ));
#5413 = CARTESIAN_POINT('',(9.747839086633,7.220943783216,4.805557253607
    ));
#5414 = CARTESIAN_POINT('',(9.735838192771,7.564604419481,4.619783269062
    ));
#5415 = CARTESIAN_POINT('',(9.729585865558,7.743647645169,4.510167696893
    ));
#5416 = CARTESIAN_POINT('',(9.723630517223,7.91418650848,4.393008810998)
  );
#5417 = CARTESIAN_POINT('',(9.717981274075,8.075959666109,4.269322055527
    ));
#5418 = CARTESIAN_POINT('',(9.709270015331,8.325417477926,4.058332261377
    ));
#5419 = CARTESIAN_POINT('',(9.706022575377,8.41841199097,3.974446878383)
  );
#5420 = CARTESIAN_POINT('',(9.702898320413,8.507878947446,3.888516502117
    ));
#5421 = CARTESIAN_POINT('',(9.699896811416,8.593830919306,3.800736373227
    ));
#5422 = CARTESIAN_POINT('',(9.694147347785,8.758474016093,3.622132242186
    ));
#5423 = CARTESIAN_POINT('',(9.691398578061,8.837188482116,3.531320667311
    ));
#5424 = CARTESIAN_POINT('',(9.688769708743,8.912469449741,3.439013425147
    ));
#5425 = CARTESIAN_POINT('',(9.686259412274,8.984354935257,3.345362130835
    ));
#5426 = CARTESIAN_POINT('',(9.680376784456,9.152811355424,3.112199478304
    ));
#5427 = CARTESIAN_POINT('',(9.677136165673,9.245610535675,2.971327782365
    ));
#5428 = CARTESIAN_POINT('',(9.674139220252,9.331431823824,2.82829459911)
  );
#5429 = CARTESIAN_POINT('',(9.671380666076,9.410426479908,2.683448117682
    ));
#5430 = CARTESIAN_POINT('',(9.666449667607,9.551631801013,2.397640424422
    ));
#5431 = CARTESIAN_POINT('',(9.664255699128,9.614458838074,2.256822649444
    ));
#5432 = CARTESIAN_POINT('',(9.662269052745,9.671348947064,2.114877733985
    ));
#5433 = CARTESIAN_POINT('',(9.660485700519,9.722417473099,1.972027131093
    ));
#5434 = CARTESIAN_POINT('',(9.65735163836,9.812165270892,1.687921281222)
  );
#5435 = CARTESIAN_POINT('',(9.655992640349,9.851081882149,1.546697171832
    ));
#5436 = CARTESIAN_POINT('',(9.65482164695,9.884614745715,1.404976508285)
  );
#5437 = CARTESIAN_POINT('',(9.65383575715,9.912846935754,1.262928143697)
  );
#5438 = CARTESIAN_POINT('',(9.652238682597,9.958581167141,0.98017734131)
  );
#5439 = CARTESIAN_POINT('',(9.651623200972,9.976206254859,0.839479994981
    ));
#5440 = CARTESIAN_POINT('',(9.651183591805,9.988795014321,0.698770297755
    ));
#5441 = CARTESIAN_POINT('',(9.650917843969,9.996405036649,0.558197267005
    ));
#5442 = CARTESIAN_POINT('',(9.650811431532,9.999452290141,0.398785596658
    ));
#5443 = CARTESIAN_POINT('',(9.650801863973,9.999726269201,0.379667403993
    ));
#5444 = CARTESIAN_POINT('',(9.650795489948,9.999908797391,0.360554892206
    ));
#5445 = CARTESIAN_POINT('',(9.650792305083,10.,0.341448440991));
#5446 = CARTESIAN_POINT('',(9.650792305083,10.,0.322348431047));
#5447 = PCURVE('',#4216,#5448);
#5448 = DEFINITIONAL_REPRESENTATION('',(#5449),#5496);
#5449 = B_SPLINE_CURVE_WITH_KNOTS('',5,(#5450,#5451,#5452,#5453,#5454,
    #5455,#5456,#5457,#5458,#5459,#5460,#5461,#5462,#5463,#5464,#5465,
    #5466,#5467,#5468,#5469,#5470,#5471,#5472,#5473,#5474,#5475,#5476,
    #5477,#5478,#5479,#5480,#5481,#5482,#5483,#5484,#5485,#5486,#5487,
    #5488,#5489,#5490,#5491,#5492,#5493,#5494,#5495),.UNSPECIFIED.,.F.,
  .F.,(6,4,4,4,4,4,4,4,4,4,4,6),(0.,6.077042358173E-02,0.157902634223,
    0.263261772106,0.388885823629,0.468151910232,0.547141154375,
    0.662300327247,0.772006192443,0.879406260089,0.985533218746,1.),
  .UNSPECIFIED.);
#5450 = CARTESIAN_POINT('',(0.,0.51744975885));
#5451 = CARTESIAN_POINT('',(2.322620866992E-09,0.528127905124));
#5452 = CARTESIAN_POINT('',(2.952636965566E-03,0.538831459492));
#5453 = CARTESIAN_POINT('',(8.908017353925E-03,0.54954032604));
#5454 = CARTESIAN_POINT('',(1.788815543014E-02,0.560234095668));
#5455 = CARTESIAN_POINT('',(4.906521490428E-02,0.587927146799));
#5456 = CARTESIAN_POINT('',(7.595608773173E-02,0.604871829684));
#5457 = CARTESIAN_POINT('',(0.110532157366,0.621640510433));
#5458 = CARTESIAN_POINT('',(0.152580039533,0.638157021949));
#5459 = CARTESIAN_POINT('',(0.255080666804,0.671925978736));
#5460 = CARTESIAN_POINT('',(0.316794725074,0.68912356268));
#5461 = CARTESIAN_POINT('',(0.38644711905,0.705865693779));
#5462 = CARTESIAN_POINT('',(0.463446325298,0.722094378322));
#5463 = CARTESIAN_POINT('',(0.64701206229,0.756460441948));
#5464 = CARTESIAN_POINT('',(0.756418381779,0.774364764517));
#5465 = CARTESIAN_POINT('',(0.874363641661,0.791418650848));
#5466 = CARTESIAN_POINT('',(0.999796721191,0.807595966611));
#5467 = CARTESIAN_POINT('',(1.215117836228,0.832541747793));
#5468 = CARTESIAN_POINT('',(1.301040904975,0.841841199097));
#5469 = CARTESIAN_POINT('',(1.389358242331,0.850787894745));
#5470 = CARTESIAN_POINT('',(1.479859373967,0.859383091931));
#5471 = CARTESIAN_POINT('',(1.664530863157,0.875847401609));
#5472 = CARTESIAN_POINT('',(1.758686599061,0.883718848212));
#5473 = CARTESIAN_POINT('',(1.85463768104,0.891246944974));
#5474 = CARTESIAN_POINT('',(1.95221587856,0.898435493526));
#5475 = CARTESIAN_POINT('',(2.195684167101,0.915281135542));
#5476 = CARTESIAN_POINT('',(2.343233906439,0.924561053568));
#5477 = CARTESIAN_POINT('',(2.493457963094,0.933143182382));
#5478 = CARTESIAN_POINT('',(2.645954712027,0.941042647991));
#5479 = CARTESIAN_POINT('',(2.947497392181,0.955163180101));
#5480 = CARTESIAN_POINT('',(3.096362011287,0.961445883807));
#5481 = CARTESIAN_POINT('',(3.246679367161,0.967134894706));
#5482 = CARTESIAN_POINT('',(3.398184145859,0.97224174731));
#5483 = CARTESIAN_POINT('',(3.699890351748,0.981216527089));
#5484 = CARTESIAN_POINT('',(3.8500505828,0.985108188215));
#5485 = CARTESIAN_POINT('',(4.000897051437,0.988461474571));
#5486 = CARTESIAN_POINT('',(4.152221975255,0.991284693575));
#5487 = CARTESIAN_POINT('',(4.453640422068,0.995858116714));
#5488 = CARTESIAN_POINT('',(4.603726120037,0.997620625486));
#5489 = CARTESIAN_POINT('',(4.753897813753,0.998879501432));
#5490 = CARTESIAN_POINT('',(4.903970498284,0.999640503665));
#5491 = CARTESIAN_POINT('',(5.074179511048,0.999945229014));
#5492 = CARTESIAN_POINT('',(5.094593028991,0.99997262692));
#5493 = CARTESIAN_POINT('',(5.115000820591,0.999990879739));
#5494 = CARTESIAN_POINT('',(5.135402416833,1.));
#5495 = CARTESIAN_POINT('',(5.155797348033,1.));
#5496 = ( GEOMETRIC_REPRESENTATION_CONTEXT(2) 
PARAMETRIC_REPRESENTATION_CONTEXT() REPRESENTATION_CONTEXT('2D SPACE',''
  ) );
#5497 = PCURVE('',#4896,#5498);
#5498 = DEFINITIONAL_REPRESENTATION('',(#5499),#5546);
#5499 = B_SPLINE_CURVE_WITH_KNOTS('',5,(#5500,#5501,#5502,#5503,#5504,
    #5505,#5506,#5507,#5508,#5509,#5510,#5511,#5512,#5513,#5514,#5515,
    #5516,#5517,#5518,#5519,#5520,#5521,#5522,#5523,#5524,#5525,#5526,
    #5527,#5528,#5529,#5530,#5531,#5532,#5533,#5534,#5535,#5536,#5537,
    #5538,#5539,#5540,#5541,#5542,#5543,#5544,#5545),.UNSPECIFIED.,.F.,
  .F.,(6,4,4,4,4,4,4,4,4,4,4,6),(0.,6.077042358173E-02,0.157902634223,
    0.263261772106,0.388885823629,0.468151910232,0.547141154375,
    0.662300327247,0.772006192443,0.879406260089,0.985533218746,1.),
  .UNSPECIFIED.);
#5500 = CARTESIAN_POINT('',(0.,4.470094871225));
#5501 = CARTESIAN_POINT('',(7.134715077166E-02,4.466365980379));
#5502 = CARTESIAN_POINT('',(0.142160429795,4.462628211888));
#5503 = CARTESIAN_POINT('',(0.212415691564,4.45888859182));
#5504 = CARTESIAN_POINT('',(0.282089917886,4.45515424792));
#5505 = CARTESIAN_POINT('',(0.461561107565,4.445483621369));
#5506 = CARTESIAN_POINT('',(0.570426744603,4.439566407718));
#5507 = CARTESIAN_POINT('',(0.677657876895,4.433710655367));
#5508 = CARTESIAN_POINT('',(0.783212734006,4.427942962452));
#5509 = CARTESIAN_POINT('',(0.999704014463,4.416150582893));
#5510 = CARTESIAN_POINT('',(1.110347221587,4.410145054246));
#5511 = CARTESIAN_POINT('',(1.218963005841,4.404298573237));
#5512 = CARTESIAN_POINT('',(1.32560383658,4.398631391716));
#5513 = CARTESIAN_POINT('',(1.555238640697,4.386630497853));
#5514 = CARTESIAN_POINT('',(1.677434267298,4.38037817064));
#5515 = CARTESIAN_POINT('',(1.797092203386,4.374422822305));
#5516 = CARTESIAN_POINT('',(1.914437642023,4.368773579158));
#5517 = CARTESIAN_POINT('',(2.102467658553,4.360062320413));
#5518 = CARTESIAN_POINT('',(2.174390954975,4.356814880459));
#5519 = CARTESIAN_POINT('',(2.245558438123,4.353690625495));
#5520 = CARTESIAN_POINT('',(2.316035283338,4.350689116498));
#5521 = CARTESIAN_POINT('',(2.455497722438,4.344939652867));
#5522 = CARTESIAN_POINT('',(2.524487194037,4.342190883143));
#5523 = CARTESIAN_POINT('',(2.592922822747,4.339562013826));
#5524 = CARTESIAN_POINT('',(2.660869630053,4.337051717356));
#5525 = CARTESIAN_POINT('',(2.826832862363,4.331169089538));
#5526 = CARTESIAN_POINT('',(2.924369708525,4.327928470756));
#5527 = CARTESIAN_POINT('',(3.021204263246,4.324931525335));
#5528 = CARTESIAN_POINT('',(3.117523268922,4.322172971159));
#5529 = CARTESIAN_POINT('',(3.30496253145,4.317241972689));
#5530 = CARTESIAN_POINT('',(3.396111271405,4.31504800421));
#5531 = CARTESIAN_POINT('',(3.487124353152,4.313061357828));
#5532 = CARTESIAN_POINT('',(3.578155292801,4.311278005602));
#5533 = CARTESIAN_POINT('',(3.758649502137,4.308143943443));
#5534 = CARTESIAN_POINT('',(3.848104510563,4.306784945432));
#5535 = CARTESIAN_POINT('',(3.937872486923,4.305613952033));
#5536 = CARTESIAN_POINT('',(4.028096542258,4.304628062232));
#5537 = CARTESIAN_POINT('',(4.208677931047,4.30303098768));
#5538 = CARTESIAN_POINT('',(4.299020311209,4.302415506054));
#5539 = CARTESIAN_POINT('',(4.390096113379,4.301975896887));
#5540 = CARTESIAN_POINT('',(4.482049684307,4.301710149051));
#5541 = CARTESIAN_POINT('',(4.587709015265,4.301603736615));
#5542 = CARTESIAN_POINT('',(4.600403364479,4.301594169055));
#5543 = CARTESIAN_POINT('',(4.613117242116,4.30158779503));
#5544 = CARTESIAN_POINT('',(4.625851035031,4.301584610165));
#5545 = CARTESIAN_POINT('',(4.638605132285,4.301584610165));
#5546 = ( GEOMETRIC_REPRESENTATION_CONTEXT(2) 
PARAMETRIC_REPRESENTATION_CONTEXT() REPRESENTATION_CONTEXT('2D SPACE',''
  ) );
#5547 = ORIENTED_EDGE('',*,*,#5548,.F.);
#5548 = EDGE_CURVE('',#4173,#5397,#5549,.T.);
#5549 = SURFACE_CURVE('',#5550,(#5553,#5560),.PCURVE_S1.);
#5550 = B_SPLINE_CURVE_WITH_KNOTS('',1,(#5551,#5552),.UNSPECIFIED.,.F.,
  .F.,(2,2),(0.,1.),.PIECEWISE_BEZIER_KNOTS.);
#5551 = CARTESIAN_POINT('',(10.,1.221245327088E-15,5.5));
#5552 = CARTESIAN_POINT('',(9.650792305083,10.,5.150792305083));
#5553 = PCURVE('',#4216,#5554);
#5554 = DEFINITIONAL_REPRESENTATION('',(#5555),#5559);
#5555 = LINE('',#5556,#5557);
#5556 = CARTESIAN_POINT('',(0.,0.));
#5557 = VECTOR('',#5558,1.);
#5558 = DIRECTION('',(0.,1.));
#5559 = ( GEOMETRIC_REPRESENTATION_CONTEXT(2) 
PARAMETRIC_REPRESENTATION_CONTEXT() REPRESENTATION_CONTEXT('2D SPACE',''
  ) );
#5560 = PCURVE('',#4188,#5561);
#5561 = DEFINITIONAL_REPRESENTATION('',(#5562),#5566);
#5562 = LINE('',#5563,#5564);
#5563 = CARTESIAN_POINT('',(5.,0.));
#5564 = VECTOR('',#5565,1.);
#5565 = DIRECTION('',(0.,1.));
#5566 = ( GEOMETRIC_REPRESENTATION_CONTEXT(2) 
PARAMETRIC_REPRESENTATION_CONTEXT() REPRESENTATION_CONTEXT('2D SPACE',''
  ) );
#5567 = ORIENTED_EDGE('',*,*,#4200,.T.);
#5568 = ADVANCED_FACE('',(#5569),#4188,.F.);
#5569 = FACE_BOUND('',#5570,.F.);
#5570 = EDGE_LOOP('',(#5571,#5572,#5594,#5595));
#5571 = ORIENTED_EDGE('',*,*,#5548,.T.);
#5572 = ORIENTED_EDGE('',*,*,#5573,.F.);
#5573 = EDGE_CURVE('',#4773,#5397,#5574,.T.);
#5574 = SURFACE_CURVE('',#5575,(#5581,#5587),.PCURVE_S1.);
#5575 = B_SPLINE_CURVE_WITH_KNOTS('',2,(#5576,#5577,#5578,#5579,#5580),
  .UNSPECIFIED.,.F.,.F.,(3,1,1,3),(-0.431767239202,-0.16851026106,
    4.470094871225,4.733351849367),.UNSPECIFIED.);
#5576 = CARTESIAN_POINT('',(4.917440455715,5.174497483513,5.319302566143
    ));
#5577 = CARTESIAN_POINT('',(5.049068944786,5.174497483513,5.319302566143
    ));
#5578 = CARTESIAN_POINT('',(7.5,5.174497483513,5.319302566143));
#5579 = CARTESIAN_POINT('',(9.950931055214,5.174497483513,5.319302566143
    ));
#5580 = CARTESIAN_POINT('',(10.082559544285,5.174497483513,
    5.319302566143));
#5581 = PCURVE('',#4188,#5582);
#5582 = DEFINITIONAL_REPRESENTATION('',(#5583),#5586);
#5583 = B_SPLINE_CURVE_WITH_KNOTS('',1,(#5584,#5585),.UNSPECIFIED.,.F.,
  .F.,(2,2),(-0.16851026106,4.470094871225),.PIECEWISE_BEZIER_KNOTS.);
#5584 = CARTESIAN_POINT('',(1.4847033866E-15,0.517449748351));
#5585 = CARTESIAN_POINT('',(5.,0.517449748351));
#5586 = ( GEOMETRIC_REPRESENTATION_CONTEXT(2) 
PARAMETRIC_REPRESENTATION_CONTEXT() REPRESENTATION_CONTEXT('2D SPACE',''
  ) );
#5587 = PCURVE('',#4896,#5588);
#5588 = DEFINITIONAL_REPRESENTATION('',(#5589),#5593);
#5589 = LINE('',#5590,#5591);
#5590 = CARTESIAN_POINT('',(0.,0.));
#5591 = VECTOR('',#5592,1.);
#5592 = DIRECTION('',(0.,1.));
#5593 = ( GEOMETRIC_REPRESENTATION_CONTEXT(2) 
PARAMETRIC_REPRESENTATION_CONTEXT() REPRESENTATION_CONTEXT('2D SPACE',''
  ) );
#5594 = ORIENTED_EDGE('',*,*,#4772,.F.);
#5595 = ORIENTED_EDGE('',*,*,#4172,.T.);
#5596 = ADVANCED_FACE('',(#5597,#5623),#4296,.T.);
#5597 = FACE_BOUND('',#5598,.T.);
#5598 = EDGE_LOOP('',(#5599,#5600,#5621,#5622));
#5599 = ORIENTED_EDGE('',*,*,#4470,.T.);
#5600 = ORIENTED_EDGE('',*,*,#5601,.T.);
#5601 = EDGE_CURVE('',#4443,#4497,#5602,.T.);
#5602 = SURFACE_CURVE('',#5603,(#5607,#5614),.PCURVE_S1.);
#5603 = LINE('',#5604,#5605);
#5604 = CARTESIAN_POINT('',(1.196826461833E-14,4.,-9.650045345896));
#5605 = VECTOR('',#5606,1.);
#5606 = DIRECTION('',(1.,-1.110223024625E-15,5.551115123126E-17));
#5607 = PCURVE('',#4296,#5608);
#5608 = DEFINITIONAL_REPRESENTATION('',(#5609),#5613);
#5609 = LINE('',#5610,#5611);
#5610 = CARTESIAN_POINT('',(0.,0.));
#5611 = VECTOR('',#5612,1.);
#5612 = DIRECTION('',(1.054711873394E-15,-1.));
#5613 = ( GEOMETRIC_REPRESENTATION_CONTEXT(2) 
PARAMETRIC_REPRESENTATION_CONTEXT() REPRESENTATION_CONTEXT('2D SPACE',''
  ) );
#5614 = PCURVE('',#4458,#5615);
#5615 = DEFINITIONAL_REPRESENTATION('',(#5616),#5620);
#5616 = LINE('',#5617,#5618);
#5617 = CARTESIAN_POINT('',(6.497913232184,-8.126872815503E-15));
#5618 = VECTOR('',#5619,1.);
#5619 = DIRECTION('',(1.527908556149E-15,-1.));
#5620 = ( GEOMETRIC_REPRESENTATION_CONTEXT(2) 
PARAMETRIC_REPRESENTATION_CONTEXT() REPRESENTATION_CONTEXT('2D SPACE',''
  ) );
#5621 = ORIENTED_EDGE('',*,*,#4496,.T.);
#5622 = ORIENTED_EDGE('',*,*,#4280,.F.);
#5623 = FACE_BOUND('',#5624,.T.);
#5624 = EDGE_LOOP('',(#5625));
#5625 = ORIENTED_EDGE('',*,*,#5626,.F.);
#5626 = EDGE_CURVE('',#5627,#5627,#5629,.T.);
#5627 = VERTEX_POINT('',#5628);
#5628 = CARTESIAN_POINT('',(9.5,4.,-12.));
#5629 = SURFACE_CURVE('',#5630,(#5635,#5642),.PCURVE_S1.);
#5630 = CIRCLE('',#5631,2.);
#5631 = AXIS2_PLACEMENT_3D('',#5632,#5633,#5634);
#5632 = CARTESIAN_POINT('',(7.5,4.,-12.));
#5633 = DIRECTION('',(3.885780586188E-16,1.,-4.996003610813E-16));
#5634 = DIRECTION('',(1.,-3.885780586188E-16,1.110223024625E-16));
#5635 = PCURVE('',#4296,#5636);
#5636 = DEFINITIONAL_REPRESENTATION('',(#5637),#5641);
#5637 = CIRCLE('',#5638,2.);
#5638 = AXIS2_PLACEMENT_2D('',#5639,#5640);
#5639 = CARTESIAN_POINT('',(2.349954654104,-7.5));
#5640 = DIRECTION('',(1.221245327088E-15,-1.));
#5641 = ( GEOMETRIC_REPRESENTATION_CONTEXT(2) 
PARAMETRIC_REPRESENTATION_CONTEXT() REPRESENTATION_CONTEXT('2D SPACE',''
  ) );
#5642 = PCURVE('',#4756,#5643);
#5643 = DEFINITIONAL_REPRESENTATION('',(#5644),#5648);
#5644 = LINE('',#5645,#5646);
#5645 = CARTESIAN_POINT('',(-6.28318530718,2.));
#5646 = VECTOR('',#5647,1.);
#5647 = DIRECTION('',(1.,-0.));
#5648 = ( GEOMETRIC_REPRESENTATION_CONTEXT(2) 
PARAMETRIC_REPRESENTATION_CONTEXT() REPRESENTATION_CONTEXT('2D SPACE',''
  ) );
#5649 = ADVANCED_FACE('',(#5650),#4458,.T.);
#5650 = FACE_BOUND('',#5651,.T.);
#5651 = EDGE_LOOP('',(#5652,#5653,#5674,#5675));
#5652 = ORIENTED_EDGE('',*,*,#4442,.T.);
#5653 = ORIENTED_EDGE('',*,*,#5654,.T.);
#5654 = EDGE_CURVE('',#4415,#4520,#5655,.T.);
#5655 = SURFACE_CURVE('',#5656,(#5660,#5667),.PCURVE_S1.);
#5656 = LINE('',#5657,#5658);
#5657 = CARTESIAN_POINT('',(5.329070518201E-15,9.,-5.5));
#5658 = VECTOR('',#5659,1.);
#5659 = DIRECTION('',(1.,-1.110223024625E-15,5.551115123126E-17));
#5660 = PCURVE('',#4458,#5661);
#5661 = DEFINITIONAL_REPRESENTATION('',(#5662),#5666);
#5662 = LINE('',#5663,#5664);
#5663 = CARTESIAN_POINT('',(0.,0.));
#5664 = VECTOR('',#5665,1.);
#5665 = DIRECTION('',(1.527908556149E-15,-1.));
#5666 = ( GEOMETRIC_REPRESENTATION_CONTEXT(2) 
PARAMETRIC_REPRESENTATION_CONTEXT() REPRESENTATION_CONTEXT('2D SPACE',''
  ) );
#5667 = PCURVE('',#4430,#5668);
#5668 = DEFINITIONAL_REPRESENTATION('',(#5669),#5673);
#5669 = LINE('',#5670,#5671);
#5670 = CARTESIAN_POINT('',(11.,-9.769962616701E-15));
#5671 = VECTOR('',#5672,1.);
#5672 = DIRECTION('',(1.054711873394E-15,-1.));
#5673 = ( GEOMETRIC_REPRESENTATION_CONTEXT(2) 
PARAMETRIC_REPRESENTATION_CONTEXT() REPRESENTATION_CONTEXT('2D SPACE',''
  ) );
#5674 = ORIENTED_EDGE('',*,*,#4519,.T.);
#5675 = ORIENTED_EDGE('',*,*,#5601,.F.);
#5676 = ADVANCED_FACE('',(#5677,#5703),#4430,.T.);
#5677 = FACE_BOUND('',#5678,.T.);
#5678 = EDGE_LOOP('',(#5679,#5680,#5701,#5702));
#5679 = ORIENTED_EDGE('',*,*,#4414,.T.);
#5680 = ORIENTED_EDGE('',*,*,#5681,.T.);
#5681 = EDGE_CURVE('',#4387,#4543,#5682,.T.);
#5682 = SURFACE_CURVE('',#5683,(#5687,#5694),.PCURVE_S1.);
#5683 = LINE('',#5684,#5685);
#5684 = CARTESIAN_POINT('',(-9.325873406851E-15,9.,5.5));
#5685 = VECTOR('',#5686,1.);
#5686 = DIRECTION('',(1.,-1.110223024625E-15,5.551115123126E-17));
#5687 = PCURVE('',#4430,#5688);
#5688 = DEFINITIONAL_REPRESENTATION('',(#5689),#5693);
#5689 = LINE('',#5690,#5691);
#5690 = CARTESIAN_POINT('',(0.,0.));
#5691 = VECTOR('',#5692,1.);
#5692 = DIRECTION('',(1.054711873394E-15,-1.));
#5693 = ( GEOMETRIC_REPRESENTATION_CONTEXT(2) 
PARAMETRIC_REPRESENTATION_CONTEXT() REPRESENTATION_CONTEXT('2D SPACE',''
  ) );
#5694 = PCURVE('',#4402,#5695);
#5695 = DEFINITIONAL_REPRESENTATION('',(#5696),#5700);
#5696 = LINE('',#5697,#5698);
#5697 = CARTESIAN_POINT('',(6.497913232184,7.549113814986E-16));
#5698 = VECTOR('',#5699,1.);
#5699 = DIRECTION('',(-1.806753921968E-16,-1.));
#5700 = ( GEOMETRIC_REPRESENTATION_CONTEXT(2) 
PARAMETRIC_REPRESENTATION_CONTEXT() REPRESENTATION_CONTEXT('2D SPACE',''
  ) );
#5701 = ORIENTED_EDGE('',*,*,#4542,.T.);
#5702 = ORIENTED_EDGE('',*,*,#5654,.F.);
#5703 = FACE_BOUND('',#5704,.T.);
#5704 = EDGE_LOOP('',(#5705,#5732,#5733,#5760));
#5705 = ORIENTED_EDGE('',*,*,#5706,.F.);
#5706 = EDGE_CURVE('',#5225,#4963,#5707,.T.);
#5707 = SURFACE_CURVE('',#5708,(#5714,#5723),.PCURVE_S1.);
#5708 = B_SPLINE_CURVE_WITH_KNOTS('',4,(#5709,#5710,#5711,#5712,#5713),
  .UNSPECIFIED.,.F.,.F.,(5,5),(0.,1.),.PIECEWISE_BEZIER_KNOTS.);
#5709 = CARTESIAN_POINT('',(9.819303166143,9.,-3.322348431047));
#5710 = CARTESIAN_POINT('',(8.659651583071,9.,-3.322348431047));
#5711 = CARTESIAN_POINT('',(7.5,9.,-3.322348431047));
#5712 = CARTESIAN_POINT('',(6.340348416929,9.,-3.322348431047));
#5713 = CARTESIAN_POINT('',(5.180696833857,9.,-3.322348431047));
#5714 = PCURVE('',#4430,#5715);
#5715 = DEFINITIONAL_REPRESENTATION('',(#5716),#5722);
#5716 = B_SPLINE_CURVE_WITH_KNOTS('',4,(#5717,#5718,#5719,#5720,#5721),
  .UNSPECIFIED.,.F.,.F.,(5,5),(0.,1.),.PIECEWISE_BEZIER_KNOTS.);
#5717 = CARTESIAN_POINT('',(8.822348431047,-9.819303166143));
#5718 = CARTESIAN_POINT('',(8.822348431047,-8.659651583071));
#5719 = CARTESIAN_POINT('',(8.822348431047,-7.5));
#5720 = CARTESIAN_POINT('',(8.822348431047,-6.340348416929));
#5721 = CARTESIAN_POINT('',(8.822348431047,-5.180696833857));
#5722 = ( GEOMETRIC_REPRESENTATION_CONTEXT(2) 
PARAMETRIC_REPRESENTATION_CONTEXT() REPRESENTATION_CONTEXT('2D SPACE',''
  ) );
#5723 = PCURVE('',#5084,#5724);
#5724 = DEFINITIONAL_REPRESENTATION('',(#5725),#5731);
#5725 = B_SPLINE_CURVE_WITH_KNOTS('',4,(#5726,#5727,#5728,#5729,#5730),
  .UNSPECIFIED.,.F.,.F.,(5,5),(0.,1.),.PIECEWISE_BEZIER_KNOTS.);
#5726 = CARTESIAN_POINT('',(2.67694740408,-0.16851086106));
#5727 = CARTESIAN_POINT('',(2.67694740408,0.991140722011));
#5728 = CARTESIAN_POINT('',(2.67694740408,2.150792305083));
#5729 = CARTESIAN_POINT('',(2.67694740408,3.310443888154));
#5730 = CARTESIAN_POINT('',(2.67694740408,4.470095471225));
#5731 = ( GEOMETRIC_REPRESENTATION_CONTEXT(2) 
PARAMETRIC_REPRESENTATION_CONTEXT() REPRESENTATION_CONTEXT('2D SPACE',''
  ) );
#5732 = ORIENTED_EDGE('',*,*,#5376,.T.);
#5733 = ORIENTED_EDGE('',*,*,#5734,.F.);
#5734 = EDGE_CURVE('',#4795,#5377,#5735,.T.);
#5735 = SURFACE_CURVE('',#5736,(#5742,#5751),.PCURVE_S1.);
#5736 = B_SPLINE_CURVE_WITH_KNOTS('',4,(#5737,#5738,#5739,#5740,#5741),
  .UNSPECIFIED.,.F.,.F.,(5,5),(0.,1.),.PIECEWISE_BEZIER_KNOTS.);
#5737 = CARTESIAN_POINT('',(5.180696833857,9.,3.322348431047));
#5738 = CARTESIAN_POINT('',(6.340348416929,9.,3.322348431047));
#5739 = CARTESIAN_POINT('',(7.5,9.,3.322348431047));
#5740 = CARTESIAN_POINT('',(8.659651583071,9.,3.322348431047));
#5741 = CARTESIAN_POINT('',(9.819303166143,9.,3.322348431047));
#5742 = PCURVE('',#4430,#5743);
#5743 = DEFINITIONAL_REPRESENTATION('',(#5744),#5750);
#5744 = B_SPLINE_CURVE_WITH_KNOTS('',4,(#5745,#5746,#5747,#5748,#5749),
  .UNSPECIFIED.,.F.,.F.,(5,5),(0.,1.),.PIECEWISE_BEZIER_KNOTS.);
#5745 = CARTESIAN_POINT('',(2.177651568953,-5.180696833857));
#5746 = CARTESIAN_POINT('',(2.177651568953,-6.340348416929));
#5747 = CARTESIAN_POINT('',(2.177651568953,-7.5));
#5748 = CARTESIAN_POINT('',(2.177651568953,-8.659651583071));
#5749 = CARTESIAN_POINT('',(2.177651568953,-9.819303166143));
#5750 = ( GEOMETRIC_REPRESENTATION_CONTEXT(2) 
PARAMETRIC_REPRESENTATION_CONTEXT() REPRESENTATION_CONTEXT('2D SPACE',''
  ) );
#5751 = PCURVE('',#4896,#5752);
#5752 = DEFINITIONAL_REPRESENTATION('',(#5753),#5759);
#5753 = B_SPLINE_CURVE_WITH_KNOTS('',4,(#5754,#5755,#5756,#5757,#5758),
  .UNSPECIFIED.,.F.,.F.,(5,5),(0.,1.),.PIECEWISE_BEZIER_KNOTS.);
#5754 = CARTESIAN_POINT('',(2.67694740408,-0.16851086106));
#5755 = CARTESIAN_POINT('',(2.67694740408,0.991140722011));
#5756 = CARTESIAN_POINT('',(2.67694740408,2.150792305082));
#5757 = CARTESIAN_POINT('',(2.67694740408,3.310443888154));
#5758 = CARTESIAN_POINT('',(2.67694740408,4.470095471225));
#5759 = ( GEOMETRIC_REPRESENTATION_CONTEXT(2) 
PARAMETRIC_REPRESENTATION_CONTEXT() REPRESENTATION_CONTEXT('2D SPACE',''
  ) );
#5760 = ORIENTED_EDGE('',*,*,#4962,.T.);
#5761 = ADVANCED_FACE('',(#5762),#4402,.T.);
#5762 = FACE_BOUND('',#5763,.T.);
#5763 = EDGE_LOOP('',(#5764,#5765,#5786,#5787));
#5764 = ORIENTED_EDGE('',*,*,#4386,.T.);
#5765 = ORIENTED_EDGE('',*,*,#5766,.T.);
#5766 = EDGE_CURVE('',#4359,#4566,#5767,.T.);
#5767 = SURFACE_CURVE('',#5768,(#5772,#5779),.PCURVE_S1.);
#5768 = LINE('',#5769,#5770);
#5769 = CARTESIAN_POINT('',(-1.374462145773E-14,4.,9.650045345896));
#5770 = VECTOR('',#5771,1.);
#5771 = DIRECTION('',(1.,-1.110223024625E-15,5.551115123126E-17));
#5772 = PCURVE('',#4402,#5773);
#5773 = DEFINITIONAL_REPRESENTATION('',(#5774),#5778);
#5774 = LINE('',#5775,#5776);
#5775 = CARTESIAN_POINT('',(0.,0.));
#5776 = VECTOR('',#5777,1.);
#5777 = DIRECTION('',(-1.806753921968E-16,-1.));
#5778 = ( GEOMETRIC_REPRESENTATION_CONTEXT(2) 
PARAMETRIC_REPRESENTATION_CONTEXT() REPRESENTATION_CONTEXT('2D SPACE',''
  ) );
#5779 = PCURVE('',#4374,#5780);
#5780 = DEFINITIONAL_REPRESENTATION('',(#5781),#5785);
#5781 = LINE('',#5782,#5783);
#5782 = CARTESIAN_POINT('',(7.,-6.217248937901E-15));
#5783 = VECTOR('',#5784,1.);
#5784 = DIRECTION('',(1.054711873394E-15,-1.));
#5785 = ( GEOMETRIC_REPRESENTATION_CONTEXT(2) 
PARAMETRIC_REPRESENTATION_CONTEXT() REPRESENTATION_CONTEXT('2D SPACE',''
  ) );
#5786 = ORIENTED_EDGE('',*,*,#4565,.T.);
#5787 = ORIENTED_EDGE('',*,*,#5681,.F.);
#5788 = ADVANCED_FACE('',(#5789,#5795),#4374,.T.);
#5789 = FACE_BOUND('',#5790,.T.);
#5790 = EDGE_LOOP('',(#5791,#5792,#5793,#5794));
#5791 = ORIENTED_EDGE('',*,*,#4358,.T.);
#5792 = ORIENTED_EDGE('',*,*,#4638,.T.);
#5793 = ORIENTED_EDGE('',*,*,#4588,.T.);
#5794 = ORIENTED_EDGE('',*,*,#5766,.F.);
#5795 = FACE_BOUND('',#5796,.T.);
#5796 = EDGE_LOOP('',(#5797));
#5797 = ORIENTED_EDGE('',*,*,#5798,.F.);
#5798 = EDGE_CURVE('',#5799,#5799,#5801,.T.);
#5799 = VERTEX_POINT('',#5800);
#5800 = CARTESIAN_POINT('',(9.5,4.,12.));
#5801 = SURFACE_CURVE('',#5802,(#5807,#5814),.PCURVE_S1.);
#5802 = CIRCLE('',#5803,2.);
#5803 = AXIS2_PLACEMENT_3D('',#5804,#5805,#5806);
#5804 = CARTESIAN_POINT('',(7.5,4.,12.));
#5805 = DIRECTION('',(3.885780586188E-16,1.,-4.996003610813E-16));
#5806 = DIRECTION('',(1.,-3.885780586188E-16,1.110223024625E-16));
#5807 = PCURVE('',#4374,#5808);
#5808 = DEFINITIONAL_REPRESENTATION('',(#5809),#5813);
#5809 = CIRCLE('',#5810,2.);
#5810 = AXIS2_PLACEMENT_2D('',#5811,#5812);
#5811 = CARTESIAN_POINT('',(4.650045345896,-7.5));
#5812 = DIRECTION('',(1.221245327088E-15,-1.));
#5813 = ( GEOMETRIC_REPRESENTATION_CONTEXT(2) 
PARAMETRIC_REPRESENTATION_CONTEXT() REPRESENTATION_CONTEXT('2D SPACE',''
  ) );
#5814 = PCURVE('',#4701,#5815);
#5815 = DEFINITIONAL_REPRESENTATION('',(#5816),#5820);
#5816 = LINE('',#5817,#5818);
#5817 = CARTESIAN_POINT('',(-6.28318530718,2.));
#5818 = VECTOR('',#5819,1.);
#5819 = DIRECTION('',(1.,-0.));
#5820 = ( GEOMETRIC_REPRESENTATION_CONTEXT(2) 
PARAMETRIC_REPRESENTATION_CONTEXT() REPRESENTATION_CONTEXT('2D SPACE',''
  ) );
#5821 = ADVANCED_FACE('',(#5822),#4701,.F.);
#5822 = FACE_BOUND('',#5823,.T.);
#5823 = EDGE_LOOP('',(#5824,#5845,#5846,#5847));
#5824 = ORIENTED_EDGE('',*,*,#5825,.F.);
#5825 = EDGE_CURVE('',#4664,#5799,#5826,.T.);
#5826 = SEAM_CURVE('',#5827,(#5831,#5838),.PCURVE_S1.);
#5827 = LINE('',#5828,#5829);
#5828 = CARTESIAN_POINT('',(9.5,2.,12.));
#5829 = VECTOR('',#5830,1.);
#5830 = DIRECTION('',(3.089316242435E-16,1.,-4.996003610813E-16));
#5831 = PCURVE('',#4701,#5832);
#5832 = DEFINITIONAL_REPRESENTATION('',(#5833),#5837);
#5833 = LINE('',#5834,#5835);
#5834 = CARTESIAN_POINT('',(-0.,0.));
#5835 = VECTOR('',#5836,1.);
#5836 = DIRECTION('',(-0.,1.));
#5837 = ( GEOMETRIC_REPRESENTATION_CONTEXT(2) 
PARAMETRIC_REPRESENTATION_CONTEXT() REPRESENTATION_CONTEXT('2D SPACE',''
  ) );
#5838 = PCURVE('',#4701,#5839);
#5839 = DEFINITIONAL_REPRESENTATION('',(#5840),#5844);
#5840 = LINE('',#5841,#5842);
#5841 = CARTESIAN_POINT('',(-6.28318530718,0.));
#5842 = VECTOR('',#5843,1.);
#5843 = DIRECTION('',(-0.,1.));
#5844 = ( GEOMETRIC_REPRESENTATION_CONTEXT(2) 
PARAMETRIC_REPRESENTATION_CONTEXT() REPRESENTATION_CONTEXT('2D SPACE',''
  ) );
#5845 = ORIENTED_EDGE('',*,*,#4686,.T.);
#5846 = ORIENTED_EDGE('',*,*,#5825,.T.);
#5847 = ORIENTED_EDGE('',*,*,#5798,.T.);
#5848 = ADVANCED_FACE('',(#5849),#4756,.F.);
#5849 = FACE_BOUND('',#5850,.T.);
#5850 = EDGE_LOOP('',(#5851,#5872,#5873,#5874));
#5851 = ORIENTED_EDGE('',*,*,#5852,.F.);
#5852 = EDGE_CURVE('',#4719,#5627,#5853,.T.);
#5853 = SEAM_CURVE('',#5854,(#5858,#5865),.PCURVE_S1.);
#5854 = LINE('',#5855,#5856);
#5855 = CARTESIAN_POINT('',(9.5,2.,-12.));
#5856 = VECTOR('',#5857,1.);
#5857 = DIRECTION('',(3.089316242435E-16,1.,-4.996003610813E-16));
#5858 = PCURVE('',#4756,#5859);
#5859 = DEFINITIONAL_REPRESENTATION('',(#5860),#5864);
#5860 = LINE('',#5861,#5862);
#5861 = CARTESIAN_POINT('',(-0.,0.));
#5862 = VECTOR('',#5863,1.);
#5863 = DIRECTION('',(-0.,1.));
#5864 = ( GEOMETRIC_REPRESENTATION_CONTEXT(2) 
PARAMETRIC_REPRESENTATION_CONTEXT() REPRESENTATION_CONTEXT('2D SPACE',''
  ) );
#5865 = PCURVE('',#4756,#5866);
#5866 = DEFINITIONAL_REPRESENTATION('',(#5867),#5871);
#5867 = LINE('',#5868,#5869);
#5868 = CARTESIAN_POINT('',(-6.28318530718,0.));
#5869 = VECTOR('',#5870,1.);
#5870 = DIRECTION('',(-0.,1.));
#5871 = ( GEOMETRIC_REPRESENTATION_CONTEXT(2) 
PARAMETRIC_REPRESENTATION_CONTEXT() REPRESENTATION_CONTEXT('2D SPACE',''
  ) );
#5872 = ORIENTED_EDGE('',*,*,#4741,.T.);
#5873 = ORIENTED_EDGE('',*,*,#5852,.T.);
#5874 = ORIENTED_EDGE('',*,*,#5626,.T.);
#5875 = ADVANCED_FACE('',(#5876),#5084,.T.);
#5876 = FACE_BOUND('',#5877,.T.);
#5877 = EDGE_LOOP('',(#5878,#5879,#5880,#5881));
#5878 = ORIENTED_EDGE('',*,*,#5175,.F.);
#5879 = ORIENTED_EDGE('',*,*,#5224,.T.);
#5880 = ORIENTED_EDGE('',*,*,#5706,.T.);
#5881 = ORIENTED_EDGE('',*,*,#4982,.F.);
#5882 = ADVANCED_FACE('',(#5883),#4896,.T.);
#5883 = FACE_BOUND('',#5884,.T.);
#5884 = EDGE_LOOP('',(#5885,#5886,#5887,#5888));
#5885 = ORIENTED_EDGE('',*,*,#5573,.F.);
#5886 = ORIENTED_EDGE('',*,*,#4794,.T.);
#5887 = ORIENTED_EDGE('',*,*,#5734,.T.);
#5888 = ORIENTED_EDGE('',*,*,#5396,.F.);
#5889 = ( GEOMETRIC_REPRESENTATION_CONTEXT(3) 
GLOBAL_UNCERTAINTY_ASSIGNED_CONTEXT((#5893)) 
GLOBAL_UNIT_ASSIGNED_CONTEXT((#5890,#5891,#5892)) REPRESENTATION_CONTEXT
('Context #1','3D Context with UNIT and UNCERTAINTY') );
#5890 = ( LENGTH_UNIT() NAMED_UNIT(*) SI_UNIT(.MILLI.,.METRE.) );
#5891 = ( NAMED_UNIT(*) PLANE_ANGLE_UNIT() SI_UNIT($,.RADIAN.) );
#5892 = ( NAMED_UNIT(*) SI_UNIT($,.STERADIAN.) SOLID_ANGLE_UNIT() );
#5893 = UNCERTAINTY_MEASURE_WITH_UNIT(LENGTH_MEASURE(5.E-07),#5890,
  'distance_accuracy_value','confusion accuracy');
#5894 = CONTEXT_DEPENDENT_SHAPE_REPRESENTATION(#5895,#5897);
#5895 = ( REPRESENTATION_RELATIONSHIP('','',#3954,#10) 
REPRESENTATION_RELATIONSHIP_WITH_TRANSFORMATION(#5896) 
SHAPE_REPRESENTATION_RELATIONSHIP() );
#5896 = ITEM_DEFINED_TRANSFORMATION('','',#11,#23);
#5897 = PRODUCT_DEFINITION_SHAPE('Placement','Placement of an item',
  #5898);
#5898 = NEXT_ASSEMBLY_USAGE_OCCURRENCE('10','Body013','',#5,#3949,$);
#5899 = PRODUCT_RELATED_PRODUCT_CATEGORY('part',$,(#3951));
#5900 = SHAPE_DEFINITION_REPRESENTATION(#5901,#5907);
#5901 = PRODUCT_DEFINITION_SHAPE('','',#5902);
#5902 = PRODUCT_DEFINITION('design','',#5903,#5906);
#5903 = PRODUCT_DEFINITION_FORMATION('','',#5904);
#5904 = PRODUCT('Body014','Body014','',(#5905));
#5905 = PRODUCT_CONTEXT('',#2,'mechanical');
#5906 = PRODUCT_DEFINITION_CONTEXT('part definition',#2,'design');
#5907 = ADVANCED_BREP_SHAPE_REPRESENTATION('',(#11,#5908),#7842);
#5908 = MANIFOLD_SOLID_BREP('',#5909);
#5909 = CLOSED_SHELL('',(#5910,#6206,#6282,#6443,#6584,#6611,#6666,#6721
    ,#7123,#7172,#7521,#7549,#7602,#7629,#7714,#7741,#7774,#7801,#7828,
    #7835));
#5910 = ADVANCED_FACE('',(#5911,#6030,#6061,#6092),#5925,.T.);
#5911 = FACE_BOUND('',#5912,.T.);
#5912 = EDGE_LOOP('',(#5913,#5948,#5976,#6004));
#5913 = ORIENTED_EDGE('',*,*,#5914,.T.);
#5914 = EDGE_CURVE('',#5915,#5917,#5919,.T.);
#5915 = VERTEX_POINT('',#5916);
#5916 = CARTESIAN_POINT('',(1.50990331349E-14,-7.549516567451E-15,-17.)
  );
#5917 = VERTEX_POINT('',#5918);
#5918 = CARTESIAN_POINT('',(15.,-1.754152378908E-14,-17.));
#5919 = SURFACE_CURVE('',#5920,(#5924,#5936),.PCURVE_S1.);
#5920 = LINE('',#5921,#5922);
#5921 = CARTESIAN_POINT('',(2.264854970235E-14,-1.439671152028E-29,-17.)
  );
#5922 = VECTOR('',#5923,1.);
#5923 = DIRECTION('',(1.,-1.110223024625E-15,5.551115123126E-17));
#5924 = PCURVE('',#5925,#5930);
#5925 = PLANE('',#5926);
#5926 = AXIS2_PLACEMENT_3D('',#5927,#5928,#5929);
#5927 = CARTESIAN_POINT('',(2.264854970235E-14,-1.439671152028E-29,-17.)
  );
#5928 = DIRECTION('',(-6.039716305598E-31,-1.,1.110223024625E-15));
#5929 = DIRECTION('',(-1.33226762955E-15,8.874685183736E-31,1.));
#5930 = DEFINITIONAL_REPRESENTATION('',(#5931),#5935);
#5931 = LINE('',#5932,#5933);
#5932 = CARTESIAN_POINT('',(0.,0.));
#5933 = VECTOR('',#5934,1.);
#5934 = DIRECTION('',(-1.054711873394E-15,-1.));
#5935 = ( GEOMETRIC_REPRESENTATION_CONTEXT(2) 
PARAMETRIC_REPRESENTATION_CONTEXT() REPRESENTATION_CONTEXT('2D SPACE',''
  ) );
#5936 = PCURVE('',#5937,#5942);
#5937 = PLANE('',#5938);
#5938 = AXIS2_PLACEMENT_3D('',#5939,#5940,#5941);
#5939 = CARTESIAN_POINT('',(2.129413802518E-14,4.,-16.65004534589));
#5940 = DIRECTION('',(1.161298205373E-15,8.715574274765E-02,
    -0.996194698092));
#5941 = DIRECTION('',(3.373144329583E-16,-0.996194698092,
    -8.715574274765E-02));
#5942 = DEFINITIONAL_REPRESENTATION('',(#5943),#5947);
#5943 = LINE('',#5944,#5945);
#5944 = CARTESIAN_POINT('',(4.015279350173,-3.863535850449E-15));
#5945 = VECTOR('',#5946,1.);
#5946 = DIRECTION('',(1.197922487541E-15,-1.));
#5947 = ( GEOMETRIC_REPRESENTATION_CONTEXT(2) 
PARAMETRIC_REPRESENTATION_CONTEXT() REPRESENTATION_CONTEXT('2D SPACE',''
  ) );
#5948 = ORIENTED_EDGE('',*,*,#5949,.T.);
#5949 = EDGE_CURVE('',#5917,#5950,#5952,.T.);
#5950 = VERTEX_POINT('',#5951);
#5951 = CARTESIAN_POINT('',(15.,-2.442490654175E-15,17.));
#5952 = SURFACE_CURVE('',#5953,(#5957,#5964),.PCURVE_S1.);
#5953 = LINE('',#5954,#5955);
#5954 = CARTESIAN_POINT('',(15.,-2.442490654175E-15,-17.));
#5955 = VECTOR('',#5956,1.);
#5956 = DIRECTION('',(-1.7763568394E-15,-4.440892098501E-16,1.));
#5957 = PCURVE('',#5925,#5958);
#5958 = DEFINITIONAL_REPRESENTATION('',(#5959),#5963);
#5959 = LINE('',#5960,#5961);
#5960 = CARTESIAN_POINT('',(-2.39808173319E-14,-15.));
#5961 = VECTOR('',#5962,1.);
#5962 = DIRECTION('',(1.,1.33226762955E-15));
#5963 = ( GEOMETRIC_REPRESENTATION_CONTEXT(2) 
PARAMETRIC_REPRESENTATION_CONTEXT() REPRESENTATION_CONTEXT('2D SPACE',''
  ) );
#5964 = PCURVE('',#5965,#5970);
#5965 = PLANE('',#5966);
#5966 = AXIS2_PLACEMENT_3D('',#5967,#5968,#5969);
#5967 = CARTESIAN_POINT('',(14.633576400036,10.492999017397,-20.));
#5968 = DIRECTION('',(0.999390827019,3.48994967025E-02,0.));
#5969 = DIRECTION('',(3.48994967025E-02,-0.999390827019,0.));
#5970 = DEFINITIONAL_REPRESENTATION('',(#5971),#5975);
#5971 = LINE('',#5972,#5973);
#5972 = CARTESIAN_POINT('',(10.499394965126,-3.));
#5973 = VECTOR('',#5974,1.);
#5974 = DIRECTION('',(3.818247230432E-16,-1.));
#5975 = ( GEOMETRIC_REPRESENTATION_CONTEXT(2) 
PARAMETRIC_REPRESENTATION_CONTEXT() REPRESENTATION_CONTEXT('2D SPACE',''
  ) );
#5976 = ORIENTED_EDGE('',*,*,#5977,.F.);
#5977 = EDGE_CURVE('',#5978,#5950,#5980,.T.);
#5978 = VERTEX_POINT('',#5979);
#5979 = CARTESIAN_POINT('',(-1.50990331349E-14,7.549516567451E-15,17.));
#5980 = SURFACE_CURVE('',#5981,(#5985,#5992),.PCURVE_S1.);
#5981 = LINE('',#5982,#5983);
#5982 = CARTESIAN_POINT('',(-2.264854970235E-14,1.439671152028E-29,17.)
  );
#5983 = VECTOR('',#5984,1.);
#5984 = DIRECTION('',(1.,-1.110223024625E-15,5.551115123126E-17));
#5985 = PCURVE('',#5925,#5986);
#5986 = DEFINITIONAL_REPRESENTATION('',(#5987),#5991);
#5987 = LINE('',#5988,#5989);
#5988 = CARTESIAN_POINT('',(34.,3.01980662698E-14));
#5989 = VECTOR('',#5990,1.);
#5990 = DIRECTION('',(-1.054711873394E-15,-1.));
#5991 = ( GEOMETRIC_REPRESENTATION_CONTEXT(2) 
PARAMETRIC_REPRESENTATION_CONTEXT() REPRESENTATION_CONTEXT('2D SPACE',''
  ) );
#5992 = PCURVE('',#5993,#5998);
#5993 = PLANE('',#5994);
#5994 = AXIS2_PLACEMENT_3D('',#5995,#5996,#5997);
#5995 = CARTESIAN_POINT('',(-2.264854970235E-14,1.439671152028E-29,17.)
  );
#5996 = DIRECTION('',(-1.161298205373E-15,8.715574274766E-02,
    0.996194698092));
#5997 = DIRECTION('',(-1.050848833741E-16,0.996194698092,
    -8.715574274766E-02));
#5998 = DEFINITIONAL_REPRESENTATION('',(#5999),#6003);
#5999 = LINE('',#6000,#6001);
#6000 = CARTESIAN_POINT('',(0.,0.));
#6001 = VECTOR('',#6002,1.);
#6002 = DIRECTION('',(-1.014074094121E-15,-1.));
#6003 = ( GEOMETRIC_REPRESENTATION_CONTEXT(2) 
PARAMETRIC_REPRESENTATION_CONTEXT() REPRESENTATION_CONTEXT('2D SPACE',''
  ) );
#6004 = ORIENTED_EDGE('',*,*,#6005,.F.);
#6005 = EDGE_CURVE('',#5915,#5978,#6006,.T.);
#6006 = SURFACE_CURVE('',#6007,(#6011,#6018),.PCURVE_S1.);
#6007 = LINE('',#6008,#6009);
#6008 = CARTESIAN_POINT('',(3.01980662698E-14,7.549516567451E-15,-17.));
#6009 = VECTOR('',#6010,1.);
#6010 = DIRECTION('',(-1.7763568394E-15,-4.440892098501E-16,1.));
#6011 = PCURVE('',#5925,#6012);
#6012 = DEFINITIONAL_REPRESENTATION('',(#6013),#6017);
#6013 = LINE('',#6014,#6015);
#6014 = CARTESIAN_POINT('',(-1.42108547152E-14,-7.549516567451E-15));
#6015 = VECTOR('',#6016,1.);
#6016 = DIRECTION('',(1.,1.33226762955E-15));
#6017 = ( GEOMETRIC_REPRESENTATION_CONTEXT(2) 
PARAMETRIC_REPRESENTATION_CONTEXT() REPRESENTATION_CONTEXT('2D SPACE',''
  ) );
#6018 = PCURVE('',#6019,#6024);
#6019 = PLANE('',#6020);
#6020 = AXIS2_PLACEMENT_3D('',#6021,#6022,#6023);
#6021 = CARTESIAN_POINT('',(0.,0.,-20.));
#6022 = DIRECTION('',(-0.999390827019,3.48994967025E-02,0.));
#6023 = DIRECTION('',(3.48994967025E-02,0.999390827019,0.));
#6024 = DEFINITIONAL_REPRESENTATION('',(#6025),#6029);
#6025 = LINE('',#6026,#6027);
#6026 = CARTESIAN_POINT('',(8.598814920144E-15,-3.));
#6027 = VECTOR('',#6028,1.);
#6028 = DIRECTION('',(-5.058126423614E-16,-1.));
#6029 = ( GEOMETRIC_REPRESENTATION_CONTEXT(2) 
PARAMETRIC_REPRESENTATION_CONTEXT() REPRESENTATION_CONTEXT('2D SPACE',''
  ) );
#6030 = FACE_BOUND('',#6031,.T.);
#6031 = EDGE_LOOP('',(#6032));
#6032 = ORIENTED_EDGE('',*,*,#6033,.F.);
#6033 = EDGE_CURVE('',#6034,#6034,#6036,.T.);
#6034 = VERTEX_POINT('',#6035);
#6035 = CARTESIAN_POINT('',(11.5,-3.219646771413E-15,12.));
#6036 = SURFACE_CURVE('',#6037,(#6042,#6049),.PCURVE_S1.);
#6037 = CIRCLE('',#6038,4.);
#6038 = AXIS2_PLACEMENT_3D('',#6039,#6040,#6041);
#6039 = CARTESIAN_POINT('',(7.5,-1.665334536938E-15,12.));
#6040 = DIRECTION('',(-3.885780586188E-16,-1.,4.996003610813E-16));
#6041 = DIRECTION('',(1.,-3.885780586188E-16,1.110223024625E-16));
#6042 = PCURVE('',#5925,#6043);
#6043 = DEFINITIONAL_REPRESENTATION('',(#6044),#6048);
#6044 = CIRCLE('',#6045,4.);
#6045 = AXIS2_PLACEMENT_2D('',#6046,#6047);
#6046 = CARTESIAN_POINT('',(29.,-7.5));
#6047 = DIRECTION('',(-1.221245327088E-15,-1.));
#6048 = ( GEOMETRIC_REPRESENTATION_CONTEXT(2) 
PARAMETRIC_REPRESENTATION_CONTEXT() REPRESENTATION_CONTEXT('2D SPACE',''
  ) );
#6049 = PCURVE('',#6050,#6055);
#6050 = CONICAL_SURFACE('',#6051,4.,0.785398163397);
#6051 = AXIS2_PLACEMENT_3D('',#6052,#6053,#6054);
#6052 = CARTESIAN_POINT('',(7.5,-1.665334536938E-15,12.));
#6053 = DIRECTION('',(-3.885780586188E-16,-1.,4.996003610813E-16));
#6054 = DIRECTION('',(1.,-3.885780586188E-16,1.110223024625E-16));
#6055 = DEFINITIONAL_REPRESENTATION('',(#6056),#6060);
#6056 = LINE('',#6057,#6058);
#6057 = CARTESIAN_POINT('',(0.,-0.));
#6058 = VECTOR('',#6059,1.);
#6059 = DIRECTION('',(1.,-0.));
#6060 = ( GEOMETRIC_REPRESENTATION_CONTEXT(2) 
PARAMETRIC_REPRESENTATION_CONTEXT() REPRESENTATION_CONTEXT('2D SPACE',''
  ) );
#6061 = FACE_BOUND('',#6062,.T.);
#6062 = EDGE_LOOP('',(#6063));
#6063 = ORIENTED_EDGE('',*,*,#6064,.F.);
#6064 = EDGE_CURVE('',#6065,#6065,#6067,.T.);
#6065 = VERTEX_POINT('',#6066);
#6066 = CARTESIAN_POINT('',(11.5,-9.880984919164E-15,-12.));
#6067 = SURFACE_CURVE('',#6068,(#6073,#6080),.PCURVE_S1.);
#6068 = CIRCLE('',#6069,4.);
#6069 = AXIS2_PLACEMENT_3D('',#6070,#6071,#6072);
#6070 = CARTESIAN_POINT('',(7.5,-8.326672684689E-15,-12.));
#6071 = DIRECTION('',(-3.885780586188E-16,-1.,4.996003610813E-16));
#6072 = DIRECTION('',(1.,-3.885780586188E-16,1.110223024625E-16));
#6073 = PCURVE('',#5925,#6074);
#6074 = DEFINITIONAL_REPRESENTATION('',(#6075),#6079);
#6075 = CIRCLE('',#6076,4.);
#6076 = AXIS2_PLACEMENT_2D('',#6077,#6078);
#6077 = CARTESIAN_POINT('',(5.,-7.5));
#6078 = DIRECTION('',(-1.221245327088E-15,-1.));
#6079 = ( GEOMETRIC_REPRESENTATION_CONTEXT(2) 
PARAMETRIC_REPRESENTATION_CONTEXT() REPRESENTATION_CONTEXT('2D SPACE',''
  ) );
#6080 = PCURVE('',#6081,#6086);
#6081 = CONICAL_SURFACE('',#6082,4.,0.785398163397);
#6082 = AXIS2_PLACEMENT_3D('',#6083,#6084,#6085);
#6083 = CARTESIAN_POINT('',(7.5,-8.326672684689E-15,-12.));
#6084 = DIRECTION('',(-3.885780586188E-16,-1.,4.996003610813E-16));
#6085 = DIRECTION('',(1.,-3.885780586188E-16,1.110223024625E-16));
#6086 = DEFINITIONAL_REPRESENTATION('',(#6087),#6091);
#6087 = LINE('',#6088,#6089);
#6088 = CARTESIAN_POINT('',(0.,-0.));
#6089 = VECTOR('',#6090,1.);
#6090 = DIRECTION('',(1.,-0.));
#6091 = ( GEOMETRIC_REPRESENTATION_CONTEXT(2) 
PARAMETRIC_REPRESENTATION_CONTEXT() REPRESENTATION_CONTEXT('2D SPACE',''
  ) );
#6092 = FACE_BOUND('',#6093,.T.);
#6093 = EDGE_LOOP('',(#6094,#6124,#6152,#6180));
#6094 = ORIENTED_EDGE('',*,*,#6095,.T.);
#6095 = EDGE_CURVE('',#6096,#6098,#6100,.T.);
#6096 = VERTEX_POINT('',#6097);
#6097 = CARTESIAN_POINT('',(5.,-1.221245327088E-15,-5.5));
#6098 = VERTEX_POINT('',#6099);
#6099 = CARTESIAN_POINT('',(5.,1.221245327088E-15,5.5));
#6100 = SURFACE_CURVE('',#6101,(#6105,#6112),.PCURVE_S1.);
#6101 = LINE('',#6102,#6103);
#6102 = CARTESIAN_POINT('',(5.,-1.221245327088E-15,-5.5));
#6103 = VECTOR('',#6104,1.);
#6104 = DIRECTION('',(0.,2.22044604925E-16,1.));
#6105 = PCURVE('',#5925,#6106);
#6106 = DEFINITIONAL_REPRESENTATION('',(#6107),#6111);
#6107 = LINE('',#6108,#6109);
#6108 = CARTESIAN_POINT('',(11.5,-5.));
#6109 = VECTOR('',#6110,1.);
#6110 = DIRECTION('',(1.,-2.22044604925E-16));
#6111 = ( GEOMETRIC_REPRESENTATION_CONTEXT(2) 
PARAMETRIC_REPRESENTATION_CONTEXT() REPRESENTATION_CONTEXT('2D SPACE',''
  ) );
#6112 = PCURVE('',#6113,#6118);
#6113 = B_SPLINE_SURFACE_WITH_KNOTS('',1,1,(
    (#6114,#6115)
    ,(#6116,#6117
    )),.UNSPECIFIED.,.F.,.F.,.F.,(2,2),(2,2),(0.,11.),(0.,1.),
  .PIECEWISE_BEZIER_KNOTS.);
#6114 = CARTESIAN_POINT('',(5.,-1.221245327088E-15,-5.5));
#6115 = CARTESIAN_POINT('',(5.349207694917,10.,-5.150792305083));
#6116 = CARTESIAN_POINT('',(5.,1.221245327088E-15,5.5));
#6117 = CARTESIAN_POINT('',(5.349207694917,10.,5.150792305083));
#6118 = DEFINITIONAL_REPRESENTATION('',(#6119),#6123);
#6119 = LINE('',#6120,#6121);
#6120 = CARTESIAN_POINT('',(0.,0.));
#6121 = VECTOR('',#6122,1.);
#6122 = DIRECTION('',(1.,0.));
#6123 = ( GEOMETRIC_REPRESENTATION_CONTEXT(2) 
PARAMETRIC_REPRESENTATION_CONTEXT() REPRESENTATION_CONTEXT('2D SPACE',''
  ) );
#6124 = ORIENTED_EDGE('',*,*,#6125,.T.);
#6125 = EDGE_CURVE('',#6098,#6126,#6128,.T.);
#6126 = VERTEX_POINT('',#6127);
#6127 = CARTESIAN_POINT('',(10.,1.221245327088E-15,5.5));
#6128 = SURFACE_CURVE('',#6129,(#6133,#6140),.PCURVE_S1.);
#6129 = LINE('',#6130,#6131);
#6130 = CARTESIAN_POINT('',(5.,1.221245327088E-15,5.5));
#6131 = VECTOR('',#6132,1.);
#6132 = DIRECTION('',(1.,0.,0.));
#6133 = PCURVE('',#5925,#6134);
#6134 = DEFINITIONAL_REPRESENTATION('',(#6135),#6139);
#6135 = LINE('',#6136,#6137);
#6136 = CARTESIAN_POINT('',(22.5,-5.));
#6137 = VECTOR('',#6138,1.);
#6138 = DIRECTION('',(-1.33226762955E-15,-1.));
#6139 = ( GEOMETRIC_REPRESENTATION_CONTEXT(2) 
PARAMETRIC_REPRESENTATION_CONTEXT() REPRESENTATION_CONTEXT('2D SPACE',''
  ) );
#6140 = PCURVE('',#6141,#6146);
#6141 = B_SPLINE_SURFACE_WITH_KNOTS('',1,1,(
    (#6142,#6143)
    ,(#6144,#6145
    )),.UNSPECIFIED.,.F.,.F.,.F.,(2,2),(2,2),(0.,5.),(0.,1.),
  .PIECEWISE_BEZIER_KNOTS.);
#6142 = CARTESIAN_POINT('',(5.,1.221245327088E-15,5.5));
#6143 = CARTESIAN_POINT('',(5.349207694917,10.,5.150792305083));
#6144 = CARTESIAN_POINT('',(10.,1.221245327088E-15,5.5));
#6145 = CARTESIAN_POINT('',(9.650792305083,10.,5.150792305083));
#6146 = DEFINITIONAL_REPRESENTATION('',(#6147),#6151);
#6147 = LINE('',#6148,#6149);
#6148 = CARTESIAN_POINT('',(0.,0.));
#6149 = VECTOR('',#6150,1.);
#6150 = DIRECTION('',(1.,0.));
#6151 = ( GEOMETRIC_REPRESENTATION_CONTEXT(2) 
PARAMETRIC_REPRESENTATION_CONTEXT() REPRESENTATION_CONTEXT('2D SPACE',''
  ) );
#6152 = ORIENTED_EDGE('',*,*,#6153,.T.);
#6153 = EDGE_CURVE('',#6126,#6154,#6156,.T.);
#6154 = VERTEX_POINT('',#6155);
#6155 = CARTESIAN_POINT('',(10.,-1.221245327088E-15,-5.5));
#6156 = SURFACE_CURVE('',#6157,(#6161,#6168),.PCURVE_S1.);
#6157 = LINE('',#6158,#6159);
#6158 = CARTESIAN_POINT('',(10.,1.221245327088E-15,5.5));
#6159 = VECTOR('',#6160,1.);
#6160 = DIRECTION('',(0.,-2.22044604925E-16,-1.));
#6161 = PCURVE('',#5925,#6162);
#6162 = DEFINITIONAL_REPRESENTATION('',(#6163),#6167);
#6163 = LINE('',#6164,#6165);
#6164 = CARTESIAN_POINT('',(22.5,-10.));
#6165 = VECTOR('',#6166,1.);
#6166 = DIRECTION('',(-1.,2.22044604925E-16));
#6167 = ( GEOMETRIC_REPRESENTATION_CONTEXT(2) 
PARAMETRIC_REPRESENTATION_CONTEXT() REPRESENTATION_CONTEXT('2D SPACE',''
  ) );
#6168 = PCURVE('',#6169,#6174);
#6169 = B_SPLINE_SURFACE_WITH_KNOTS('',1,1,(
    (#6170,#6171)
    ,(#6172,#6173
    )),.UNSPECIFIED.,.F.,.F.,.F.,(2,2),(2,2),(0.,11.),(0.,1.),
  .PIECEWISE_BEZIER_KNOTS.);
#6170 = CARTESIAN_POINT('',(10.,1.221245327088E-15,5.5));
#6171 = CARTESIAN_POINT('',(9.650792305083,10.,5.150792305083));
#6172 = CARTESIAN_POINT('',(10.,-1.221245327088E-15,-5.5));
#6173 = CARTESIAN_POINT('',(9.650792305083,10.,-5.150792305083));
#6174 = DEFINITIONAL_REPRESENTATION('',(#6175),#6179);
#6175 = LINE('',#6176,#6177);
#6176 = CARTESIAN_POINT('',(0.,0.));
#6177 = VECTOR('',#6178,1.);
#6178 = DIRECTION('',(1.,0.));
#6179 = ( GEOMETRIC_REPRESENTATION_CONTEXT(2) 
PARAMETRIC_REPRESENTATION_CONTEXT() REPRESENTATION_CONTEXT('2D SPACE',''
  ) );
#6180 = ORIENTED_EDGE('',*,*,#6181,.T.);
#6181 = EDGE_CURVE('',#6154,#6096,#6182,.T.);
#6182 = SURFACE_CURVE('',#6183,(#6187,#6194),.PCURVE_S1.);
#6183 = LINE('',#6184,#6185);
#6184 = CARTESIAN_POINT('',(10.,-1.221245327088E-15,-5.5));
#6185 = VECTOR('',#6186,1.);
#6186 = DIRECTION('',(-1.,0.,0.));
#6187 = PCURVE('',#5925,#6188);
#6188 = DEFINITIONAL_REPRESENTATION('',(#6189),#6193);
#6189 = LINE('',#6190,#6191);
#6190 = CARTESIAN_POINT('',(11.5,-10.));
#6191 = VECTOR('',#6192,1.);
#6192 = DIRECTION('',(1.33226762955E-15,1.));
#6193 = ( GEOMETRIC_REPRESENTATION_CONTEXT(2) 
PARAMETRIC_REPRESENTATION_CONTEXT() REPRESENTATION_CONTEXT('2D SPACE',''
  ) );
#6194 = PCURVE('',#6195,#6200);
#6195 = B_SPLINE_SURFACE_WITH_KNOTS('',1,1,(
    (#6196,#6197)
    ,(#6198,#6199
    )),.UNSPECIFIED.,.F.,.F.,.F.,(2,2),(2,2),(0.,5.),(0.,1.),
  .PIECEWISE_BEZIER_KNOTS.);
#6196 = CARTESIAN_POINT('',(10.,-1.221245327088E-15,-5.5));
#6197 = CARTESIAN_POINT('',(9.650792305083,10.,-5.150792305083));
#6198 = CARTESIAN_POINT('',(5.,-1.221245327088E-15,-5.5));
#6199 = CARTESIAN_POINT('',(5.349207694917,10.,-5.150792305083));
#6200 = DEFINITIONAL_REPRESENTATION('',(#6201),#6205);
#6201 = LINE('',#6202,#6203);
#6202 = CARTESIAN_POINT('',(0.,0.));
#6203 = VECTOR('',#6204,1.);
#6204 = DIRECTION('',(1.,0.));
#6205 = ( GEOMETRIC_REPRESENTATION_CONTEXT(2) 
PARAMETRIC_REPRESENTATION_CONTEXT() REPRESENTATION_CONTEXT('2D SPACE',''
  ) );
#6206 = ADVANCED_FACE('',(#6207),#5937,.T.);
#6207 = FACE_BOUND('',#6208,.T.);
#6208 = EDGE_LOOP('',(#6209,#6232,#6260,#6281));
#6209 = ORIENTED_EDGE('',*,*,#6210,.T.);
#6210 = EDGE_CURVE('',#5915,#6211,#6213,.T.);
#6211 = VERTEX_POINT('',#6212);
#6212 = CARTESIAN_POINT('',(0.139683077967,4.,-16.65004534589));
#6213 = SURFACE_CURVE('',#6214,(#6218,#6225),.PCURVE_S1.);
#6214 = LINE('',#6215,#6216);
#6215 = CARTESIAN_POINT('',(6.521467039812E-02,1.867503819282,
    -16.83661458672));
#6216 = VECTOR('',#6217,1.);
#6217 = DIRECTION('',(3.476685441099E-02,0.995592448763,
    8.71030527588E-02));
#6218 = PCURVE('',#5937,#6219);
#6219 = DEFINITIONAL_REPRESENTATION('',(#6220),#6224);
#6220 = LINE('',#6221,#6222);
#6221 = CARTESIAN_POINT('',(2.14064196969,-6.52146703981E-02));
#6222 = VECTOR('',#6223,1.);
#6223 = DIRECTION('',(-0.999395450177,-3.476685441099E-02));
#6224 = ( GEOMETRIC_REPRESENTATION_CONTEXT(2) 
PARAMETRIC_REPRESENTATION_CONTEXT() REPRESENTATION_CONTEXT('2D SPACE',''
  ) );
#6225 = PCURVE('',#6019,#6226);
#6226 = DEFINITIONAL_REPRESENTATION('',(#6227),#6231);
#6227 = LINE('',#6228,#6229);
#6228 = CARTESIAN_POINT('',(1.868642145588,-3.163385413279));
#6229 = VECTOR('',#6230,1.);
#6230 = DIRECTION('',(0.996199306464,-8.71030527588E-02));
#6231 = ( GEOMETRIC_REPRESENTATION_CONTEXT(2) 
PARAMETRIC_REPRESENTATION_CONTEXT() REPRESENTATION_CONTEXT('2D SPACE',''
  ) );
#6232 = ORIENTED_EDGE('',*,*,#6233,.T.);
#6233 = EDGE_CURVE('',#6211,#6234,#6236,.T.);
#6234 = VERTEX_POINT('',#6235);
#6235 = CARTESIAN_POINT('',(14.860316922033,4.,-16.65004534589));
#6236 = SURFACE_CURVE('',#6237,(#6241,#6248),.PCURVE_S1.);
#6237 = LINE('',#6238,#6239);
#6238 = CARTESIAN_POINT('',(2.129413802518E-14,4.,-16.65004534589));
#6239 = VECTOR('',#6240,1.);
#6240 = DIRECTION('',(1.,-1.110223024625E-15,5.551115123126E-17));
#6241 = PCURVE('',#5937,#6242);
#6242 = DEFINITIONAL_REPRESENTATION('',(#6243),#6247);
#6243 = LINE('',#6244,#6245);
#6244 = CARTESIAN_POINT('',(0.,0.));
#6245 = VECTOR('',#6246,1.);
#6246 = DIRECTION('',(1.197922487541E-15,-1.));
#6247 = ( GEOMETRIC_REPRESENTATION_CONTEXT(2) 
PARAMETRIC_REPRESENTATION_CONTEXT() REPRESENTATION_CONTEXT('2D SPACE',''
  ) );
#6248 = PCURVE('',#6249,#6254);
#6249 = PLANE('',#6250);
#6250 = AXIS2_PLACEMENT_3D('',#6251,#6252,#6253);
#6251 = CARTESIAN_POINT('',(1.196826461833E-14,4.,-9.650045345896));
#6252 = DIRECTION('',(6.039716305598E-31,1.,-1.110223024625E-15));
#6253 = DIRECTION('',(1.33226762955E-15,-8.874685183736E-31,-1.));
#6254 = DEFINITIONAL_REPRESENTATION('',(#6255),#6259);
#6255 = LINE('',#6256,#6257);
#6256 = CARTESIAN_POINT('',(7.,-6.217248937901E-15));
#6257 = VECTOR('',#6258,1.);
#6258 = DIRECTION('',(1.054711873394E-15,-1.));
#6259 = ( GEOMETRIC_REPRESENTATION_CONTEXT(2) 
PARAMETRIC_REPRESENTATION_CONTEXT() REPRESENTATION_CONTEXT('2D SPACE',''
  ) );
#6260 = ORIENTED_EDGE('',*,*,#6261,.T.);
#6261 = EDGE_CURVE('',#6234,#5917,#6262,.T.);
#6262 = SURFACE_CURVE('',#6263,(#6267,#6274),.PCURVE_S1.);
#6263 = LINE('',#6264,#6265);
#6264 = CARTESIAN_POINT('',(14.743898040641,7.333800574446,
    -16.35837558917));
#6265 = VECTOR('',#6266,1.);
#6266 = DIRECTION('',(3.476685441099E-02,-0.995592448763,
    -8.71030527588E-02));
#6267 = PCURVE('',#5937,#6268);
#6268 = DEFINITIONAL_REPRESENTATION('',(#6269),#6273);
#6269 = LINE('',#6270,#6271);
#6270 = CARTESIAN_POINT('',(-3.346535151043,-14.74389804064));
#6271 = VECTOR('',#6272,1.);
#6272 = DIRECTION('',(0.999395450177,-3.476685441099E-02));
#6273 = ( GEOMETRIC_REPRESENTATION_CONTEXT(2) 
PARAMETRIC_REPRESENTATION_CONTEXT() REPRESENTATION_CONTEXT('2D SPACE',''
  ) );
#6274 = PCURVE('',#5965,#6275);
#6275 = DEFINITIONAL_REPRESENTATION('',(#6276),#6280);
#6276 = LINE('',#6277,#6278);
#6277 = CARTESIAN_POINT('',(3.16112411435,-3.641624410824));
#6278 = VECTOR('',#6279,1.);
#6279 = DIRECTION('',(0.996199306464,8.71030527588E-02));
#6280 = ( GEOMETRIC_REPRESENTATION_CONTEXT(2) 
PARAMETRIC_REPRESENTATION_CONTEXT() REPRESENTATION_CONTEXT('2D SPACE',''
  ) );
#6281 = ORIENTED_EDGE('',*,*,#5914,.F.);
#6282 = ADVANCED_FACE('',(#6283),#6019,.T.);
#6283 = FACE_BOUND('',#6284,.T.);
#6284 = EDGE_LOOP('',(#6285,#6286,#6287,#6310,#6338,#6366,#6394,#6422));
#6285 = ORIENTED_EDGE('',*,*,#6210,.F.);
#6286 = ORIENTED_EDGE('',*,*,#6005,.T.);
#6287 = ORIENTED_EDGE('',*,*,#6288,.F.);
#6288 = EDGE_CURVE('',#6289,#5978,#6291,.T.);
#6289 = VERTEX_POINT('',#6290);
#6290 = CARTESIAN_POINT('',(0.139683077967,4.,16.650045345896));
#6291 = SURFACE_CURVE('',#6292,(#6296,#6303),.PCURVE_S1.);
#6292 = LINE('',#6293,#6294);
#6293 = CARTESIAN_POINT('',(5.602353434933E-02,1.604304119432,
    16.859641576702));
#6294 = VECTOR('',#6295,1.);
#6295 = DIRECTION('',(-3.476685441099E-02,-0.995592448763,
    8.71030527588E-02));
#6296 = PCURVE('',#6019,#6297);
#6297 = DEFINITIONAL_REPRESENTATION('',(#6298),#6302);
#6298 = LINE('',#6299,#6300);
#6299 = CARTESIAN_POINT('',(1.605282013861,-36.8596415767));
#6300 = VECTOR('',#6301,1.);
#6301 = DIRECTION('',(-0.996199306464,-8.71030527588E-02));
#6302 = ( GEOMETRIC_REPRESENTATION_CONTEXT(2) 
PARAMETRIC_REPRESENTATION_CONTEXT() REPRESENTATION_CONTEXT('2D SPACE',''
  ) );
#6303 = PCURVE('',#5993,#6304);
#6304 = DEFINITIONAL_REPRESENTATION('',(#6305),#6309);
#6305 = LINE('',#6306,#6307);
#6306 = CARTESIAN_POINT('',(1.610432300538,-5.602353434935E-02));
#6307 = VECTOR('',#6308,1.);
#6308 = DIRECTION('',(-0.999395450177,3.476685441099E-02));
#6309 = ( GEOMETRIC_REPRESENTATION_CONTEXT(2) 
PARAMETRIC_REPRESENTATION_CONTEXT() REPRESENTATION_CONTEXT('2D SPACE',''
  ) );
#6310 = ORIENTED_EDGE('',*,*,#6311,.F.);
#6311 = EDGE_CURVE('',#6312,#6289,#6314,.T.);
#6312 = VERTEX_POINT('',#6313);
#6313 = CARTESIAN_POINT('',(0.139683077967,4.,9.650045345896));
#6314 = SURFACE_CURVE('',#6315,(#6319,#6326),.PCURVE_S1.);
#6315 = LINE('',#6316,#6317);
#6316 = CARTESIAN_POINT('',(0.139683077967,4.,-1.674977327052));
#6317 = VECTOR('',#6318,1.);
#6318 = DIRECTION('',(2.326190539642E-17,6.661338147751E-16,1.));
#6319 = PCURVE('',#6019,#6320);
#6320 = DEFINITIONAL_REPRESENTATION('',(#6321),#6325);
#6321 = LINE('',#6322,#6323);
#6322 = CARTESIAN_POINT('',(4.002438177195,-18.32502267294));
#6323 = VECTOR('',#6324,1.);
#6324 = DIRECTION('',(6.665398528441E-16,-1.));
#6325 = ( GEOMETRIC_REPRESENTATION_CONTEXT(2) 
PARAMETRIC_REPRESENTATION_CONTEXT() REPRESENTATION_CONTEXT('2D SPACE',''
  ) );
#6326 = PCURVE('',#6327,#6332);
#6327 = PLANE('',#6328);
#6328 = AXIS2_PLACEMENT_3D('',#6329,#6330,#6331);
#6329 = CARTESIAN_POINT('',(-2.307049486458E-14,4.,16.650045345896));
#6330 = DIRECTION('',(6.039716305598E-31,1.,-1.110223024625E-15));
#6331 = DIRECTION('',(1.33226762955E-15,-8.874685183736E-31,-1.));
#6332 = DEFINITIONAL_REPRESENTATION('',(#6333),#6337);
#6333 = LINE('',#6334,#6335);
#6334 = CARTESIAN_POINT('',(18.325022672948,-0.139683077967));
#6335 = VECTOR('',#6336,1.);
#6336 = DIRECTION('',(-1.,-2.453065103215E-16));
#6337 = ( GEOMETRIC_REPRESENTATION_CONTEXT(2) 
PARAMETRIC_REPRESENTATION_CONTEXT() REPRESENTATION_CONTEXT('2D SPACE',''
  ) );
#6338 = ORIENTED_EDGE('',*,*,#6339,.F.);
#6339 = EDGE_CURVE('',#6340,#6312,#6342,.T.);
#6340 = VERTEX_POINT('',#6341);
#6341 = CARTESIAN_POINT('',(0.314286925426,9.,5.5));
#6342 = SURFACE_CURVE('',#6343,(#6347,#6354),.PCURVE_S1.);
#6343 = LINE('',#6344,#6345);
#6344 = CARTESIAN_POINT('',(0.352497389817,10.094204536372,
    4.591800311274));
#6345 = VECTOR('',#6346,1.);
#6346 = DIRECTION('',(-2.686106140033E-02,-0.769200157708,0.638443106912
    ));
#6347 = PCURVE('',#6019,#6348);
#6348 = DEFINITIONAL_REPRESENTATION('',(#6349),#6353);
#6349 = LINE('',#6350,#6351);
#6350 = CARTESIAN_POINT('',(10.100357401198,-24.59180031127));
#6351 = VECTOR('',#6352,1.);
#6352 = DIRECTION('',(-0.769669019279,-0.638443106912));
#6353 = ( GEOMETRIC_REPRESENTATION_CONTEXT(2) 
PARAMETRIC_REPRESENTATION_CONTEXT() REPRESENTATION_CONTEXT('2D SPACE',''
  ) );
#6354 = PCURVE('',#6355,#6360);
#6355 = PLANE('',#6356);
#6356 = AXIS2_PLACEMENT_3D('',#6357,#6358,#6359);
#6357 = CARTESIAN_POINT('',(-1.374462145773E-14,4.,9.650045345896));
#6358 = DIRECTION('',(-8.970065728814E-16,0.638673555279,0.76947780331)
  );
#6359 = DIRECTION('',(6.80025708714E-16,0.76947780331,-0.638673555279));
#6360 = DEFINITIONAL_REPRESENTATION('',(#6361),#6365);
#6361 = LINE('',#6362,#6363);
#6362 = CARTESIAN_POINT('',(7.919922459305,-0.352497389817));
#6363 = VECTOR('',#6364,1.);
#6364 = DIRECTION('',(-0.999639176593,2.686106140033E-02));
#6365 = ( GEOMETRIC_REPRESENTATION_CONTEXT(2) 
PARAMETRIC_REPRESENTATION_CONTEXT() REPRESENTATION_CONTEXT('2D SPACE',''
  ) );
#6366 = ORIENTED_EDGE('',*,*,#6367,.F.);
#6367 = EDGE_CURVE('',#6368,#6340,#6370,.T.);
#6368 = VERTEX_POINT('',#6369);
#6369 = CARTESIAN_POINT('',(0.314286925426,9.,-5.5));
#6370 = SURFACE_CURVE('',#6371,(#6375,#6382),.PCURVE_S1.);
#6371 = LINE('',#6372,#6373);
#6372 = CARTESIAN_POINT('',(0.314286925426,9.,-7.25));
#6373 = VECTOR('',#6374,1.);
#6374 = DIRECTION('',(2.326190539642E-17,6.661338147751E-16,1.));
#6375 = PCURVE('',#6019,#6376);
#6376 = DEFINITIONAL_REPRESENTATION('',(#6377),#6381);
#6377 = LINE('',#6378,#6379);
#6378 = CARTESIAN_POINT('',(9.005485898689,-12.75));
#6379 = VECTOR('',#6380,1.);
#6380 = DIRECTION('',(6.665398528441E-16,-1.));
#6381 = ( GEOMETRIC_REPRESENTATION_CONTEXT(2) 
PARAMETRIC_REPRESENTATION_CONTEXT() REPRESENTATION_CONTEXT('2D SPACE',''
  ) );
#6382 = PCURVE('',#6383,#6388);
#6383 = PLANE('',#6384);
#6384 = AXIS2_PLACEMENT_3D('',#6385,#6386,#6387);
#6385 = CARTESIAN_POINT('',(-9.325873406851E-15,9.,5.5));
#6386 = DIRECTION('',(6.039716305598E-31,1.,-1.110223024625E-15));
#6387 = DIRECTION('',(1.33226762955E-15,-8.874685183736E-31,-1.));
#6388 = DEFINITIONAL_REPRESENTATION('',(#6389),#6393);
#6389 = LINE('',#6390,#6391);
#6390 = CARTESIAN_POINT('',(12.75,-0.314286925426));
#6391 = VECTOR('',#6392,1.);
#6392 = DIRECTION('',(-1.,-2.453065103215E-16));
#6393 = ( GEOMETRIC_REPRESENTATION_CONTEXT(2) 
PARAMETRIC_REPRESENTATION_CONTEXT() REPRESENTATION_CONTEXT('2D SPACE',''
  ) );
#6394 = ORIENTED_EDGE('',*,*,#6395,.F.);
#6395 = EDGE_CURVE('',#6396,#6368,#6398,.T.);
#6396 = VERTEX_POINT('',#6397);
#6397 = CARTESIAN_POINT('',(0.139683077967,4.,-9.650045345896));
#6398 = SURFACE_CURVE('',#6399,(#6403,#6410),.PCURVE_S1.);
#6399 = LINE('',#6400,#6401);
#6400 = CARTESIAN_POINT('',(9.675113385034E-02,2.770589974348,
    -10.67046681692));
#6401 = VECTOR('',#6402,1.);
#6402 = DIRECTION('',(2.686106140033E-02,0.769200157708,0.638443106912)
  );
#6403 = PCURVE('',#6019,#6404);
#6404 = DEFINITIONAL_REPRESENTATION('',(#6405),#6409);
#6405 = LINE('',#6406,#6407);
#6406 = CARTESIAN_POINT('',(2.772278771671,-9.329533183072));
#6407 = VECTOR('',#6408,1.);
#6408 = DIRECTION('',(0.769669019279,-0.638443106912));
#6409 = ( GEOMETRIC_REPRESENTATION_CONTEXT(2) 
PARAMETRIC_REPRESENTATION_CONTEXT() REPRESENTATION_CONTEXT('2D SPACE',''
  ) );
#6410 = PCURVE('',#6411,#6416);
#6411 = PLANE('',#6412);
#6412 = AXIS2_PLACEMENT_3D('',#6413,#6414,#6415);
#6413 = CARTESIAN_POINT('',(5.329070518201E-15,9.,-5.5));
#6414 = DIRECTION('',(8.970065728814E-16,0.638673555279,-0.76947780331)
  );
#6415 = DIRECTION('',(1.021742498383E-15,-0.76947780331,-0.638673555279)
  );
#6416 = DEFINITIONAL_REPRESENTATION('',(#6417),#6421);
#6417 = LINE('',#6418,#6419);
#6418 = CARTESIAN_POINT('',(8.095633166878,-9.675113385034E-02));
#6419 = VECTOR('',#6420,1.);
#6420 = DIRECTION('',(-0.999639176593,-2.686106140033E-02));
#6421 = ( GEOMETRIC_REPRESENTATION_CONTEXT(2) 
PARAMETRIC_REPRESENTATION_CONTEXT() REPRESENTATION_CONTEXT('2D SPACE',''
  ) );
#6422 = ORIENTED_EDGE('',*,*,#6423,.F.);
#6423 = EDGE_CURVE('',#6211,#6396,#6424,.T.);
#6424 = SURFACE_CURVE('',#6425,(#6429,#6436),.PCURVE_S1.);
#6425 = LINE('',#6426,#6427);
#6426 = CARTESIAN_POINT('',(0.139683077967,4.,-14.82502267294));
#6427 = VECTOR('',#6428,1.);
#6428 = DIRECTION('',(2.326190539642E-17,6.661338147751E-16,1.));
#6429 = PCURVE('',#6019,#6430);
#6430 = DEFINITIONAL_REPRESENTATION('',(#6431),#6435);
#6431 = LINE('',#6432,#6433);
#6432 = CARTESIAN_POINT('',(4.002438177195,-5.174977327052));
#6433 = VECTOR('',#6434,1.);
#6434 = DIRECTION('',(6.665398528441E-16,-1.));
#6435 = ( GEOMETRIC_REPRESENTATION_CONTEXT(2) 
PARAMETRIC_REPRESENTATION_CONTEXT() REPRESENTATION_CONTEXT('2D SPACE',''
  ) );
#6436 = PCURVE('',#6249,#6437);
#6437 = DEFINITIONAL_REPRESENTATION('',(#6438),#6442);
#6438 = LINE('',#6439,#6440);
#6439 = CARTESIAN_POINT('',(5.174977327052,-0.139683077967));
#6440 = VECTOR('',#6441,1.);
#6441 = DIRECTION('',(-1.,-2.453065103215E-16));
#6442 = ( GEOMETRIC_REPRESENTATION_CONTEXT(2) 
PARAMETRIC_REPRESENTATION_CONTEXT() REPRESENTATION_CONTEXT('2D SPACE',''
  ) );
#6443 = ADVANCED_FACE('',(#6444),#5965,.T.);
#6444 = FACE_BOUND('',#6445,.T.);
#6445 = EDGE_LOOP('',(#6446,#6447,#6448,#6471,#6494,#6517,#6540,#6563));
#6446 = ORIENTED_EDGE('',*,*,#5949,.F.);
#6447 = ORIENTED_EDGE('',*,*,#6261,.F.);
#6448 = ORIENTED_EDGE('',*,*,#6449,.F.);
#6449 = EDGE_CURVE('',#6450,#6234,#6452,.T.);
#6450 = VERTEX_POINT('',#6451);
#6451 = CARTESIAN_POINT('',(14.860316922033,4.,-9.650045345896));
#6452 = SURFACE_CURVE('',#6453,(#6457,#6464),.PCURVE_S1.);
#6453 = LINE('',#6454,#6455);
#6454 = CARTESIAN_POINT('',(14.860316922033,4.,-14.82502267294));
#6455 = VECTOR('',#6456,1.);
#6456 = DIRECTION('',(2.326190539642E-17,-6.661338147751E-16,-1.));
#6457 = PCURVE('',#5965,#6458);
#6458 = DEFINITIONAL_REPRESENTATION('',(#6459),#6463);
#6459 = LINE('',#6460,#6461);
#6460 = CARTESIAN_POINT('',(6.49695678793,-5.174977327052));
#6461 = VECTOR('',#6462,1.);
#6462 = DIRECTION('',(6.665398528441E-16,1.));
#6463 = ( GEOMETRIC_REPRESENTATION_CONTEXT(2) 
PARAMETRIC_REPRESENTATION_CONTEXT() REPRESENTATION_CONTEXT('2D SPACE',''
  ) );
#6464 = PCURVE('',#6249,#6465);
#6465 = DEFINITIONAL_REPRESENTATION('',(#6466),#6470);
#6466 = LINE('',#6467,#6468);
#6467 = CARTESIAN_POINT('',(5.174977327052,-14.86031692203));
#6468 = VECTOR('',#6469,1.);
#6469 = DIRECTION('',(1.,1.987826995286E-16));
#6470 = ( GEOMETRIC_REPRESENTATION_CONTEXT(2) 
PARAMETRIC_REPRESENTATION_CONTEXT() REPRESENTATION_CONTEXT('2D SPACE',''
  ) );
#6471 = ORIENTED_EDGE('',*,*,#6472,.F.);
#6472 = EDGE_CURVE('',#6473,#6450,#6475,.T.);
#6473 = VERTEX_POINT('',#6474);
#6474 = CARTESIAN_POINT('',(14.685713074574,9.,-5.5));
#6475 = SURFACE_CURVE('',#6476,(#6480,#6487),.PCURVE_S1.);
#6476 = LINE('',#6477,#6478);
#6477 = CARTESIAN_POINT('',(14.789304580167,6.033527407893,
    -7.962199154921));
#6478 = VECTOR('',#6479,1.);
#6479 = DIRECTION('',(2.686106140033E-02,-0.769200157708,-0.638443106912
    ));
#6480 = PCURVE('',#5965,#6481);
#6481 = DEFINITIONAL_REPRESENTATION('',(#6482),#6486);
#6482 = LINE('',#6483,#6484);
#6483 = CARTESIAN_POINT('',(4.462189854999,-12.03780084507));
#6484 = VECTOR('',#6485,1.);
#6485 = DIRECTION('',(0.769669019279,0.638443106912));
#6486 = ( GEOMETRIC_REPRESENTATION_CONTEXT(2) 
PARAMETRIC_REPRESENTATION_CONTEXT() REPRESENTATION_CONTEXT('2D SPACE',''
  ) );
#6487 = PCURVE('',#6411,#6488);
#6488 = DEFINITIONAL_REPRESENTATION('',(#6489),#6493);
#6489 = LINE('',#6490,#6491);
#6490 = CARTESIAN_POINT('',(3.855176301833,-14.78930458016));
#6491 = VECTOR('',#6492,1.);
#6492 = DIRECTION('',(0.999639176593,-2.686106140033E-02));
#6493 = ( GEOMETRIC_REPRESENTATION_CONTEXT(2) 
PARAMETRIC_REPRESENTATION_CONTEXT() REPRESENTATION_CONTEXT('2D SPACE',''
  ) );
#6494 = ORIENTED_EDGE('',*,*,#6495,.F.);
#6495 = EDGE_CURVE('',#6496,#6473,#6498,.T.);
#6496 = VERTEX_POINT('',#6497);
#6497 = CARTESIAN_POINT('',(14.685713074574,9.,5.5));
#6498 = SURFACE_CURVE('',#6499,(#6503,#6510),.PCURVE_S1.);
#6499 = LINE('',#6500,#6501);
#6500 = CARTESIAN_POINT('',(14.685713074574,9.,-7.25));
#6501 = VECTOR('',#6502,1.);
#6502 = DIRECTION('',(2.326190539642E-17,-6.661338147751E-16,-1.));
#6503 = PCURVE('',#5965,#6504);
#6504 = DEFINITIONAL_REPRESENTATION('',(#6505),#6509);
#6505 = LINE('',#6506,#6507);
#6506 = CARTESIAN_POINT('',(1.493909066436,-12.75));
#6507 = VECTOR('',#6508,1.);
#6508 = DIRECTION('',(6.665398528441E-16,1.));
#6509 = ( GEOMETRIC_REPRESENTATION_CONTEXT(2) 
PARAMETRIC_REPRESENTATION_CONTEXT() REPRESENTATION_CONTEXT('2D SPACE',''
  ) );
#6510 = PCURVE('',#6383,#6511);
#6511 = DEFINITIONAL_REPRESENTATION('',(#6512),#6516);
#6512 = LINE('',#6513,#6514);
#6513 = CARTESIAN_POINT('',(12.75,-14.68571307457));
#6514 = VECTOR('',#6515,1.);
#6515 = DIRECTION('',(1.,1.987826995286E-16));
#6516 = ( GEOMETRIC_REPRESENTATION_CONTEXT(2) 
PARAMETRIC_REPRESENTATION_CONTEXT() REPRESENTATION_CONTEXT('2D SPACE',''
  ) );
#6517 = ORIENTED_EDGE('',*,*,#6518,.F.);
#6518 = EDGE_CURVE('',#6519,#6496,#6521,.T.);
#6519 = VERTEX_POINT('',#6520);
#6520 = CARTESIAN_POINT('',(14.860316922033,4.,9.650045345896));
#6521 = SURFACE_CURVE('',#6522,(#6526,#6533),.PCURVE_S1.);
#6522 = LINE('',#6523,#6524);
#6523 = CARTESIAN_POINT('',(14.5335583242,13.357141969917,1.883532649267
    ));
#6524 = VECTOR('',#6525,1.);
#6525 = DIRECTION('',(-2.686106140033E-02,0.769200157708,-0.638443106912
    ));
#6526 = PCURVE('',#5965,#6527);
#6527 = DEFINITIONAL_REPRESENTATION('',(#6528),#6532);
#6528 = LINE('',#6529,#6530);
#6529 = CARTESIAN_POINT('',(-2.865888774528,-21.88353264926));
#6530 = VECTOR('',#6531,1.);
#6531 = DIRECTION('',(-0.769669019279,0.638443106912));
#6532 = ( GEOMETRIC_REPRESENTATION_CONTEXT(2) 
PARAMETRIC_REPRESENTATION_CONTEXT() REPRESENTATION_CONTEXT('2D SPACE',''
  ) );
#6533 = PCURVE('',#6355,#6534);
#6534 = DEFINITIONAL_REPRESENTATION('',(#6535),#6539);
#6535 = LINE('',#6536,#6537);
#6536 = CARTESIAN_POINT('',(12.16037932435,-14.5335583242));
#6537 = VECTOR('',#6538,1.);
#6538 = DIRECTION('',(0.999639176593,2.686106140033E-02));
#6539 = ( GEOMETRIC_REPRESENTATION_CONTEXT(2) 
PARAMETRIC_REPRESENTATION_CONTEXT() REPRESENTATION_CONTEXT('2D SPACE',''
  ) );
#6540 = ORIENTED_EDGE('',*,*,#6541,.F.);
#6541 = EDGE_CURVE('',#6542,#6519,#6544,.T.);
#6542 = VERTEX_POINT('',#6543);
#6543 = CARTESIAN_POINT('',(14.860316922033,4.,16.650045345896));
#6544 = SURFACE_CURVE('',#6545,(#6549,#6556),.PCURVE_S1.);
#6545 = LINE('',#6546,#6547);
#6546 = CARTESIAN_POINT('',(14.860316922033,4.,-1.674977327052));
#6547 = VECTOR('',#6548,1.);
#6548 = DIRECTION('',(2.326190539642E-17,-6.661338147751E-16,-1.));
#6549 = PCURVE('',#5965,#6550);
#6550 = DEFINITIONAL_REPRESENTATION('',(#6551),#6555);
#6551 = LINE('',#6552,#6553);
#6552 = CARTESIAN_POINT('',(6.49695678793,-18.32502267294));
#6553 = VECTOR('',#6554,1.);
#6554 = DIRECTION('',(6.665398528441E-16,1.));
#6555 = ( GEOMETRIC_REPRESENTATION_CONTEXT(2) 
PARAMETRIC_REPRESENTATION_CONTEXT() REPRESENTATION_CONTEXT('2D SPACE',''
  ) );
#6556 = PCURVE('',#6327,#6557);
#6557 = DEFINITIONAL_REPRESENTATION('',(#6558),#6562);
#6558 = LINE('',#6559,#6560);
#6559 = CARTESIAN_POINT('',(18.325022672948,-14.86031692203));
#6560 = VECTOR('',#6561,1.);
#6561 = DIRECTION('',(1.,1.987826995286E-16));
#6562 = ( GEOMETRIC_REPRESENTATION_CONTEXT(2) 
PARAMETRIC_REPRESENTATION_CONTEXT() REPRESENTATION_CONTEXT('2D SPACE',''
  ) );
#6563 = ORIENTED_EDGE('',*,*,#6564,.F.);
#6564 = EDGE_CURVE('',#5950,#6542,#6565,.T.);
#6565 = SURFACE_CURVE('',#6566,(#6570,#6577),.PCURVE_S1.);
#6566 = LINE('',#6567,#6568);
#6567 = CARTESIAN_POINT('',(14.75308917669,7.070600874596,
    16.381402579156));
#6568 = VECTOR('',#6569,1.);
#6569 = DIRECTION('',(-3.476685441099E-02,0.995592448763,
    -8.71030527588E-02));
#6570 = PCURVE('',#5965,#6571);
#6571 = DEFINITIONAL_REPRESENTATION('',(#6572),#6576);
#6572 = LINE('',#6573,#6574);
#6573 = CARTESIAN_POINT('',(3.424484246078,-36.38140257915));
#6574 = VECTOR('',#6575,1.);
#6575 = DIRECTION('',(-0.996199306464,8.71030527588E-02));
#6576 = ( GEOMETRIC_REPRESENTATION_CONTEXT(2) 
PARAMETRIC_REPRESENTATION_CONTEXT() REPRESENTATION_CONTEXT('2D SPACE',''
  ) );
#6577 = PCURVE('',#5993,#6578);
#6578 = DEFINITIONAL_REPRESENTATION('',(#6579),#6583);
#6579 = LINE('',#6580,#6581);
#6580 = CARTESIAN_POINT('',(7.09760942127,-14.75308917669));
#6581 = VECTOR('',#6582,1.);
#6582 = DIRECTION('',(0.999395450177,3.476685441099E-02));
#6583 = ( GEOMETRIC_REPRESENTATION_CONTEXT(2) 
PARAMETRIC_REPRESENTATION_CONTEXT() REPRESENTATION_CONTEXT('2D SPACE',''
  ) );
#6584 = ADVANCED_FACE('',(#6585),#5993,.T.);
#6585 = FACE_BOUND('',#6586,.T.);
#6586 = EDGE_LOOP('',(#6587,#6588,#6589,#6590));
#6587 = ORIENTED_EDGE('',*,*,#6288,.T.);
#6588 = ORIENTED_EDGE('',*,*,#5977,.T.);
#6589 = ORIENTED_EDGE('',*,*,#6564,.T.);
#6590 = ORIENTED_EDGE('',*,*,#6591,.F.);
#6591 = EDGE_CURVE('',#6289,#6542,#6592,.T.);
#6592 = SURFACE_CURVE('',#6593,(#6597,#6604),.PCURVE_S1.);
#6593 = LINE('',#6594,#6595);
#6594 = CARTESIAN_POINT('',(-2.307049486458E-14,4.,16.650045345896));
#6595 = VECTOR('',#6596,1.);
#6596 = DIRECTION('',(1.,-1.110223024625E-15,5.551115123126E-17));
#6597 = PCURVE('',#5993,#6598);
#6598 = DEFINITIONAL_REPRESENTATION('',(#6599),#6603);
#6599 = LINE('',#6600,#6601);
#6600 = CARTESIAN_POINT('',(4.015279350173,3.241891507152E-15));
#6601 = VECTOR('',#6602,1.);
#6602 = DIRECTION('',(-1.014074094121E-15,-1.));
#6603 = ( GEOMETRIC_REPRESENTATION_CONTEXT(2) 
PARAMETRIC_REPRESENTATION_CONTEXT() REPRESENTATION_CONTEXT('2D SPACE',''
  ) );
#6604 = PCURVE('',#6327,#6605);
#6605 = DEFINITIONAL_REPRESENTATION('',(#6606),#6610);
#6606 = LINE('',#6607,#6608);
#6607 = CARTESIAN_POINT('',(0.,0.));
#6608 = VECTOR('',#6609,1.);
#6609 = DIRECTION('',(1.054711873394E-15,-1.));
#6610 = ( GEOMETRIC_REPRESENTATION_CONTEXT(2) 
PARAMETRIC_REPRESENTATION_CONTEXT() REPRESENTATION_CONTEXT('2D SPACE',''
  ) );
#6611 = ADVANCED_FACE('',(#6612),#6050,.F.);
#6612 = FACE_BOUND('',#6613,.T.);
#6613 = EDGE_LOOP('',(#6614,#6615,#6638,#6665));
#6614 = ORIENTED_EDGE('',*,*,#6033,.T.);
#6615 = ORIENTED_EDGE('',*,*,#6616,.T.);
#6616 = EDGE_CURVE('',#6034,#6617,#6619,.T.);
#6617 = VERTEX_POINT('',#6618);
#6618 = CARTESIAN_POINT('',(9.5,2.,12.));
#6619 = SEAM_CURVE('',#6620,(#6624,#6631),.PCURVE_S1.);
#6620 = LINE('',#6621,#6622);
#6621 = CARTESIAN_POINT('',(11.5,-3.219646771413E-15,12.));
#6622 = VECTOR('',#6623,1.);
#6623 = DIRECTION('',(-0.707106781187,0.707106781187,-4.31775426138E-16)
  );
#6624 = PCURVE('',#6050,#6625);
#6625 = DEFINITIONAL_REPRESENTATION('',(#6626),#6630);
#6626 = LINE('',#6627,#6628);
#6627 = CARTESIAN_POINT('',(0.,-0.));
#6628 = VECTOR('',#6629,1.);
#6629 = DIRECTION('',(0.,-1.));
#6630 = ( GEOMETRIC_REPRESENTATION_CONTEXT(2) 
PARAMETRIC_REPRESENTATION_CONTEXT() REPRESENTATION_CONTEXT('2D SPACE',''
  ) );
#6631 = PCURVE('',#6050,#6632);
#6632 = DEFINITIONAL_REPRESENTATION('',(#6633),#6637);
#6633 = LINE('',#6634,#6635);
#6634 = CARTESIAN_POINT('',(6.28318530718,-0.));
#6635 = VECTOR('',#6636,1.);
#6636 = DIRECTION('',(0.,-1.));
#6637 = ( GEOMETRIC_REPRESENTATION_CONTEXT(2) 
PARAMETRIC_REPRESENTATION_CONTEXT() REPRESENTATION_CONTEXT('2D SPACE',''
  ) );
#6638 = ORIENTED_EDGE('',*,*,#6639,.F.);
#6639 = EDGE_CURVE('',#6617,#6617,#6640,.T.);
#6640 = SURFACE_CURVE('',#6641,(#6646,#6653),.PCURVE_S1.);
#6641 = CIRCLE('',#6642,2.);
#6642 = AXIS2_PLACEMENT_3D('',#6643,#6644,#6645);
#6643 = CARTESIAN_POINT('',(7.5,2.,12.));
#6644 = DIRECTION('',(-3.885780586188E-16,-1.,4.996003610813E-16));
#6645 = DIRECTION('',(1.,-3.885780586188E-16,1.110223024625E-16));
#6646 = PCURVE('',#6050,#6647);
#6647 = DEFINITIONAL_REPRESENTATION('',(#6648),#6652);
#6648 = LINE('',#6649,#6650);
#6649 = CARTESIAN_POINT('',(0.,-2.));
#6650 = VECTOR('',#6651,1.);
#6651 = DIRECTION('',(1.,-0.));
#6652 = ( GEOMETRIC_REPRESENTATION_CONTEXT(2) 
PARAMETRIC_REPRESENTATION_CONTEXT() REPRESENTATION_CONTEXT('2D SPACE',''
  ) );
#6653 = PCURVE('',#6654,#6659);
#6654 = CYLINDRICAL_SURFACE('',#6655,2.);
#6655 = AXIS2_PLACEMENT_3D('',#6656,#6657,#6658);
#6656 = CARTESIAN_POINT('',(7.5,2.,12.));
#6657 = DIRECTION('',(3.885780586188E-16,1.,-4.996003610813E-16));
#6658 = DIRECTION('',(1.,-3.885780586188E-16,1.110223024625E-16));
#6659 = DEFINITIONAL_REPRESENTATION('',(#6660),#6664);
#6660 = LINE('',#6661,#6662);
#6661 = CARTESIAN_POINT('',(-0.,0.));
#6662 = VECTOR('',#6663,1.);
#6663 = DIRECTION('',(-1.,0.));
#6664 = ( GEOMETRIC_REPRESENTATION_CONTEXT(2) 
PARAMETRIC_REPRESENTATION_CONTEXT() REPRESENTATION_CONTEXT('2D SPACE',''
  ) );
#6665 = ORIENTED_EDGE('',*,*,#6616,.F.);
#6666 = ADVANCED_FACE('',(#6667),#6081,.F.);
#6667 = FACE_BOUND('',#6668,.T.);
#6668 = EDGE_LOOP('',(#6669,#6670,#6693,#6720));
#6669 = ORIENTED_EDGE('',*,*,#6064,.T.);
#6670 = ORIENTED_EDGE('',*,*,#6671,.T.);
#6671 = EDGE_CURVE('',#6065,#6672,#6674,.T.);
#6672 = VERTEX_POINT('',#6673);
#6673 = CARTESIAN_POINT('',(9.5,2.,-12.));
#6674 = SEAM_CURVE('',#6675,(#6679,#6686),.PCURVE_S1.);
#6675 = LINE('',#6676,#6677);
#6676 = CARTESIAN_POINT('',(11.5,-9.880984919164E-15,-12.));
#6677 = VECTOR('',#6678,1.);
#6678 = DIRECTION('',(-0.707106781187,0.707106781187,-4.31775426138E-16)
  );
#6679 = PCURVE('',#6081,#6680);
#6680 = DEFINITIONAL_REPRESENTATION('',(#6681),#6685);
#6681 = LINE('',#6682,#6683);
#6682 = CARTESIAN_POINT('',(0.,-0.));
#6683 = VECTOR('',#6684,1.);
#6684 = DIRECTION('',(0.,-1.));
#6685 = ( GEOMETRIC_REPRESENTATION_CONTEXT(2) 
PARAMETRIC_REPRESENTATION_CONTEXT() REPRESENTATION_CONTEXT('2D SPACE',''
  ) );
#6686 = PCURVE('',#6081,#6687);
#6687 = DEFINITIONAL_REPRESENTATION('',(#6688),#6692);
#6688 = LINE('',#6689,#6690);
#6689 = CARTESIAN_POINT('',(6.28318530718,-0.));
#6690 = VECTOR('',#6691,1.);
#6691 = DIRECTION('',(0.,-1.));
#6692 = ( GEOMETRIC_REPRESENTATION_CONTEXT(2) 
PARAMETRIC_REPRESENTATION_CONTEXT() REPRESENTATION_CONTEXT('2D SPACE',''
  ) );
#6693 = ORIENTED_EDGE('',*,*,#6694,.F.);
#6694 = EDGE_CURVE('',#6672,#6672,#6695,.T.);
#6695 = SURFACE_CURVE('',#6696,(#6701,#6708),.PCURVE_S1.);
#6696 = CIRCLE('',#6697,2.);
#6697 = AXIS2_PLACEMENT_3D('',#6698,#6699,#6700);
#6698 = CARTESIAN_POINT('',(7.5,2.,-12.));
#6699 = DIRECTION('',(-3.885780586188E-16,-1.,4.996003610813E-16));
#6700 = DIRECTION('',(1.,-3.885780586188E-16,1.110223024625E-16));
#6701 = PCURVE('',#6081,#6702);
#6702 = DEFINITIONAL_REPRESENTATION('',(#6703),#6707);
#6703 = LINE('',#6704,#6705);
#6704 = CARTESIAN_POINT('',(0.,-2.));
#6705 = VECTOR('',#6706,1.);
#6706 = DIRECTION('',(1.,-0.));
#6707 = ( GEOMETRIC_REPRESENTATION_CONTEXT(2) 
PARAMETRIC_REPRESENTATION_CONTEXT() REPRESENTATION_CONTEXT('2D SPACE',''
  ) );
#6708 = PCURVE('',#6709,#6714);
#6709 = CYLINDRICAL_SURFACE('',#6710,2.);
#6710 = AXIS2_PLACEMENT_3D('',#6711,#6712,#6713);
#6711 = CARTESIAN_POINT('',(7.5,2.,-12.));
#6712 = DIRECTION('',(3.885780586188E-16,1.,-4.996003610813E-16));
#6713 = DIRECTION('',(1.,-3.885780586188E-16,1.110223024625E-16));
#6714 = DEFINITIONAL_REPRESENTATION('',(#6715),#6719);
#6715 = LINE('',#6716,#6717);
#6716 = CARTESIAN_POINT('',(-0.,0.));
#6717 = VECTOR('',#6718,1.);
#6718 = DIRECTION('',(-1.,0.));
#6719 = ( GEOMETRIC_REPRESENTATION_CONTEXT(2) 
PARAMETRIC_REPRESENTATION_CONTEXT() REPRESENTATION_CONTEXT('2D SPACE',''
  ) );
#6720 = ORIENTED_EDGE('',*,*,#6671,.F.);
#6721 = ADVANCED_FACE('',(#6722),#6113,.F.);
#6722 = FACE_BOUND('',#6723,.F.);
#6723 = EDGE_LOOP('',(#6724,#6746,#6914,#6934,#7102,#7122));
#6724 = ORIENTED_EDGE('',*,*,#6725,.T.);
#6725 = EDGE_CURVE('',#6098,#6726,#6728,.T.);
#6726 = VERTEX_POINT('',#6727);
#6727 = CARTESIAN_POINT('',(5.180697433857,5.174497483513,5.319302566143
    ));
#6728 = SURFACE_CURVE('',#6729,(#6732,#6739),.PCURVE_S1.);
#6729 = B_SPLINE_CURVE_WITH_KNOTS('',1,(#6730,#6731),.UNSPECIFIED.,.F.,
  .F.,(2,2),(0.,1.),.PIECEWISE_BEZIER_KNOTS.);
#6730 = CARTESIAN_POINT('',(5.,1.221245327088E-15,5.5));
#6731 = CARTESIAN_POINT('',(5.349207694917,10.,5.150792305083));
#6732 = PCURVE('',#6113,#6733);
#6733 = DEFINITIONAL_REPRESENTATION('',(#6734),#6738);
#6734 = LINE('',#6735,#6736);
#6735 = CARTESIAN_POINT('',(11.,0.));
#6736 = VECTOR('',#6737,1.);
#6737 = DIRECTION('',(0.,1.));
#6738 = ( GEOMETRIC_REPRESENTATION_CONTEXT(2) 
PARAMETRIC_REPRESENTATION_CONTEXT() REPRESENTATION_CONTEXT('2D SPACE',''
  ) );
#6739 = PCURVE('',#6141,#6740);
#6740 = DEFINITIONAL_REPRESENTATION('',(#6741),#6745);
#6741 = LINE('',#6742,#6743);
#6742 = CARTESIAN_POINT('',(0.,0.));
#6743 = VECTOR('',#6744,1.);
#6744 = DIRECTION('',(0.,1.));
#6745 = ( GEOMETRIC_REPRESENTATION_CONTEXT(2) 
PARAMETRIC_REPRESENTATION_CONTEXT() REPRESENTATION_CONTEXT('2D SPACE',''
  ) );
#6746 = ORIENTED_EDGE('',*,*,#6747,.T.);
#6747 = EDGE_CURVE('',#6726,#6748,#6750,.T.);
#6748 = VERTEX_POINT('',#6749);
#6749 = CARTESIAN_POINT('',(5.314286925426,9.,3.322348479465));
#6750 = SURFACE_CURVE('',#6751,(#6798,#6848),.PCURVE_S1.);
#6751 = B_SPLINE_CURVE_WITH_KNOTS('',5,(#6752,#6753,#6754,#6755,#6756,
    #6757,#6758,#6759,#6760,#6761,#6762,#6763,#6764,#6765,#6766,#6767,
    #6768,#6769,#6770,#6771,#6772,#6773,#6774,#6775,#6776,#6777,#6778,
    #6779,#6780,#6781,#6782,#6783,#6784,#6785,#6786,#6787,#6788,#6789,
    #6790,#6791,#6792,#6793,#6794,#6795,#6796,#6797),.UNSPECIFIED.,.F.,
  .F.,(6,4,4,4,4,4,4,4,4,4,4,6),(0.,6.092725357432E-02,0.158096061294,
    0.26344799462,0.389141050056,0.467927482587,0.547348677386,
    0.662181957385,0.771890017478,0.878999610103,0.985453418975,1.),
  .UNSPECIFIED.);
#6752 = CARTESIAN_POINT('',(5.180697433857,5.174497483513,5.319302566143
    ));
#6753 = CARTESIAN_POINT('',(5.184435947543,5.281554508328,5.315564050646
    ));
#6754 = CARTESIAN_POINT('',(5.188183385492,5.388867090574,5.308946182609
    ));
#6755 = CARTESIAN_POINT('',(5.19193266594,5.496232435119,5.29941746163)
  );
#6756 = CARTESIAN_POINT('',(5.195676605578,5.603444838867,5.286973953968
    ));
#6757 = CARTESIAN_POINT('',(5.205358743001,5.880704978444,5.247183065157
    ));
#6758 = CARTESIAN_POINT('',(5.211277827355,6.050205377199,5.215371943956
    ));
#6759 = CARTESIAN_POINT('',(5.217135255729,6.217940179693,5.176304025719
    ));
#6760 = CARTESIAN_POINT('',(5.222904413434,6.383147240973,5.130250891973
    ));
#6761 = CARTESIAN_POINT('',(5.234696663965,6.720833113952,5.020523593958
    ));
#6762 = CARTESIAN_POINT('',(5.240700676584,6.892765540015,4.955687711413
    ));
#6763 = CARTESIAN_POINT('',(5.246545536173,7.060140419631,4.88359002204)
  );
#6764 = CARTESIAN_POINT('',(5.25221102326,7.222378742826,4.804845056692)
  );
#6765 = CARTESIAN_POINT('',(5.264212135292,7.566045626645,4.61892780558)
  );
#6766 = CARTESIAN_POINT('',(5.270466015585,7.745133326703,4.509201037931
    ));
#6767 = CARTESIAN_POINT('',(5.276422519283,7.915705275282,4.391927818547
    ));
#6768 = CARTESIAN_POINT('',(5.282072541905,8.077500754159,4.268124888678
    ));
#6769 = CARTESIAN_POINT('',(5.290762265042,8.326341866862,4.057482921907
    ));
#6770 = CARTESIAN_POINT('',(5.293989216742,8.418749673064,3.974091868312
    ));
#6771 = CARTESIAN_POINT('',(5.297094473895,8.50767260341,3.888681139623)
  );
#6772 = CARTESIAN_POINT('',(5.300078466859,8.593122981717,3.801442430005
    ));
#6773 = CARTESIAN_POINT('',(5.305828949749,8.757795266248,3.622930077815
    ));
#6774 = CARTESIAN_POINT('',(5.308593459176,8.836960458422,3.531630322964
    ));
#6775 = CARTESIAN_POINT('',(5.311236748463,8.912654359948,3.438818077809
    ));
#6776 = CARTESIAN_POINT('',(5.313760166844,8.984915607844,3.344647463737
    ));
#6777 = CARTESIAN_POINT('',(5.319642985331,9.153377488038,3.111326171082
    ));
#6778 = CARTESIAN_POINT('',(5.322873374605,9.24588373349,2.970844118127)
  );
#6779 = CARTESIAN_POINT('',(5.325861481612,9.331451922576,2.828213622696
    ));
#6780 = CARTESIAN_POINT('',(5.328612543205,9.410232019151,2.683779880401
    ));
#6781 = CARTESIAN_POINT('',(5.333538313648,9.551287629169,2.398395814391
    ));
#6782 = CARTESIAN_POINT('',(5.335733221426,9.614141564245,2.257580329369
    ));
#6783 = CARTESIAN_POINT('',(5.33772078535,9.671057948175,2.115636918397)
  );
#6784 = CARTESIAN_POINT('',(5.339505034508,9.722152158987,1.972787109502
    ));
#6785 = CARTESIAN_POINT('',(5.342636606876,9.811828658512,1.689064453404
    ));
#6786 = CARTESIAN_POINT('',(5.34399326059,9.850678137885,1.548226469929)
  );
#6787 = CARTESIAN_POINT('',(5.34516290619,9.884172405519,1.406893568747)
  );
#6788 = CARTESIAN_POINT('',(5.34614842351,9.912393929115,1.265233301068)
  );
#6789 = CARTESIAN_POINT('',(5.347751269576,9.958293435048,0.982439460064
    ));
#6790 = CARTESIAN_POINT('',(5.348370809275,9.976034730767,0.841309064999
    ));
#6791 = CARTESIAN_POINT('',(5.348813374166,9.98870813108,0.70016498322)
  );
#6792 = CARTESIAN_POINT('',(5.349080995336,9.996371798682,0.559157619937
    ));
#6793 = CARTESIAN_POINT('',(5.349188356784,9.999446228303,0.399207426309
    ));
#6794 = CARTESIAN_POINT('',(5.349198030258,9.999723240353,0.37998368202)
  );
#6795 = CARTESIAN_POINT('',(5.349204474819,9.999907788457,0.360765677201
    ));
#6796 = CARTESIAN_POINT('',(5.349207694917,10.,0.341553797861));
#6797 = CARTESIAN_POINT('',(5.349207694917,10.,0.322348431047));
#6798 = PCURVE('',#6113,#6799);
#6799 = DEFINITIONAL_REPRESENTATION('',(#6800),#6847);
#6800 = B_SPLINE_CURVE_WITH_KNOTS('',5,(#6801,#6802,#6803,#6804,#6805,
    #6806,#6807,#6808,#6809,#6810,#6811,#6812,#6813,#6814,#6815,#6816,
    #6817,#6818,#6819,#6820,#6821,#6822,#6823,#6824,#6825,#6826,#6827,
    #6828,#6829,#6830,#6831,#6832,#6833,#6834,#6835,#6836,#6837,#6838,
    #6839,#6840,#6841,#6842,#6843,#6844,#6845,#6846),.UNSPECIFIED.,.F.,
  .F.,(6,4,4,4,4,4,4,4,4,4,4,6),(0.,6.092725357432E-02,0.158096061294,
    0.26344799462,0.389141050056,0.467927482587,0.547348677386,
    0.662181957385,0.771890017478,0.878999610103,0.985453418975,1.),
  .UNSPECIFIED.);
#6801 = CARTESIAN_POINT('',(11.,0.51744975679));
#6802 = CARTESIAN_POINT('',(10.999999998128,0.528155459272));
#6803 = CARTESIAN_POINT('',(10.997032104477,0.538886706118));
#6804 = CARTESIAN_POINT('',(10.991045815699,0.549623237197));
#6805 = CARTESIAN_POINT('',(10.982019022601,0.560344483887));
#6806 = CARTESIAN_POINT('',(10.950722706871,0.588070497844));
#6807 = CARTESIAN_POINT('',(10.923769094838,0.60502053772));
#6808 = CARTESIAN_POINT('',(10.889125235635,0.621794017969));
#6809 = CARTESIAN_POINT('',(10.84700538511,0.638314724097));
#6810 = CARTESIAN_POINT('',(10.744371600432,0.672083311395));
#6811 = CARTESIAN_POINT('',(10.682603225553,0.689276554002));
#6812 = CARTESIAN_POINT('',(10.61290058003,0.706014041963));
#6813 = CARTESIAN_POINT('',(10.535855358066,0.722237874283));
#6814 = CARTESIAN_POINT('',(10.352136130182,0.756604562665));
#6815 = CARTESIAN_POINT('',(10.242612283525,0.77451333267));
#6816 = CARTESIAN_POINT('',(10.124545364165,0.791570527528));
#6817 = CARTESIAN_POINT('',(9.998987948571,0.807750075416));
#6818 = CARTESIAN_POINT('',(9.784011315726,0.832634186686));
#6819 = CARTESIAN_POINT('',(9.698592572189,0.841874967306));
#6820 = CARTESIAN_POINT('',(9.610809153798,0.850767260341));
#6821 = CARTESIAN_POINT('',(9.520867709152,0.859312298172));
#6822 = CARTESIAN_POINT('',(9.336297016665,0.875779526625));
#6823 = CARTESIAN_POINT('',(9.241636547948,0.883696045842));
#6824 = CARTESIAN_POINT('',(9.14516057111,0.891265435995));
#6825 = CARTESIAN_POINT('',(9.04704009642,0.898491560784));
#6826 = CARTESIAN_POINT('',(8.803400666054,0.915337748804));
#6827 = CARTESIAN_POINT('',(8.656257283033,0.924588373349));
#6828 = CARTESIAN_POINT('',(8.506455664067,0.933145192258));
#6829 = CARTESIAN_POINT('',(8.354393983024,0.941023201915));
#6830 = CARTESIAN_POINT('',(8.05330085188,0.955128762917));
#6831 = CARTESIAN_POINT('',(7.904439807791,0.961414156424));
#6832 = CARTESIAN_POINT('',(7.754125086755,0.967105794818));
#6833 = CARTESIAN_POINT('',(7.602622083051,0.972215215899));
#6834 = CARTESIAN_POINT('',(7.30132444611,0.981182865851));
#6835 = CARTESIAN_POINT('',(7.15157599001,0.985067813788));
#6836 = CARTESIAN_POINT('',(7.001143724481,0.988417240552));
#6837 = CARTESIAN_POINT('',(6.850233819232,0.991239392911));
#6838 = CARTESIAN_POINT('',(6.548772559584,0.995829343505));
#6839 = CARTESIAN_POINT('',(6.398225832555,0.997603473077));
#6840 = CARTESIAN_POINT('',(6.24759101483,0.998870813108));
#6841 = CARTESIAN_POINT('',(6.097054836018,0.999637179868));
#6842 = CARTESIAN_POINT('',(5.926270898993,0.99994462283));
#6843 = CARTESIAN_POINT('',(5.905744683526,0.999972324035));
#6844 = CARTESIAN_POINT('',(5.88522425259,0.999990778846));
#6845 = CARTESIAN_POINT('',(5.864710082984,1.));
#6846 = CARTESIAN_POINT('',(5.844202652046,1.));
#6847 = ( GEOMETRIC_REPRESENTATION_CONTEXT(2) 
PARAMETRIC_REPRESENTATION_CONTEXT() REPRESENTATION_CONTEXT('2D SPACE',''
  ) );
#6848 = PCURVE('',#6849,#6865);
#6849 = ( BOUNDED_SURFACE() B_SPLINE_SURFACE(2,2,(
    (#6850,#6851,#6852,#6853,#6854)
    ,(#6855,#6856,#6857,#6858,#6859)
    ,(#6860,#6861,#6862,#6863,#6864
)),.UNSPECIFIED.,.F.,.F.,.F.) B_SPLINE_SURFACE_WITH_KNOTS((3,3),(3,1,1,3
    ),(0.,4.638605132285),(-0.431767239202,-0.16851026106,4.470094871225
,4.733351849367),.UNSPECIFIED.) GEOMETRIC_REPRESENTATION_ITEM() 
RATIONAL_B_SPLINE_SURFACE((
    (1.,1.,1.,1.,1.)
    ,(0.719339800339,0.719339800339,0.719339800339,0.719339800339
      ,0.719339800339)
,(1.,1.,1.,1.,1.))) REPRESENTATION_ITEM('') SURFACE() );
#6850 = CARTESIAN_POINT('',(4.917440455715,5.174497483513,5.319302566143
    ));
#6851 = CARTESIAN_POINT('',(5.049068944786,5.174497483513,5.319302566143
    ));
#6852 = CARTESIAN_POINT('',(7.5,5.174497483513,5.319302566143));
#6853 = CARTESIAN_POINT('',(9.950931055214,5.174497483513,5.319302566143
    ));
#6854 = CARTESIAN_POINT('',(10.082559544285,5.174497483513,
    5.319302566143));
#6855 = CARTESIAN_POINT('',(4.917440455715,10.,5.150792305083));
#6856 = CARTESIAN_POINT('',(5.049068944786,10.,5.150792305083));
#6857 = CARTESIAN_POINT('',(7.5,10.,5.150792305083));
#6858 = CARTESIAN_POINT('',(9.950931055214,10.,5.150792305083));
#6859 = CARTESIAN_POINT('',(10.082559544285,10.,5.150792305083));
#6860 = CARTESIAN_POINT('',(4.917440455715,10.,0.322348431047));
#6861 = CARTESIAN_POINT('',(5.049068944786,10.,0.322348431047));
#6862 = CARTESIAN_POINT('',(7.5,10.,0.322348431047));
#6863 = CARTESIAN_POINT('',(9.950931055214,10.,0.322348431047));
#6864 = CARTESIAN_POINT('',(10.082559544285,10.,0.322348431047));
#6865 = DEFINITIONAL_REPRESENTATION('',(#6866),#6913);
#6866 = B_SPLINE_CURVE_WITH_KNOTS('',5,(#6867,#6868,#6869,#6870,#6871,
    #6872,#6873,#6874,#6875,#6876,#6877,#6878,#6879,#6880,#6881,#6882,
    #6883,#6884,#6885,#6886,#6887,#6888,#6889,#6890,#6891,#6892,#6893,
    #6894,#6895,#6896,#6897,#6898,#6899,#6900,#6901,#6902,#6903,#6904,
    #6905,#6906,#6907,#6908,#6909,#6910,#6911,#6912),.UNSPECIFIED.,.F.,
  .F.,(6,4,4,4,4,4,4,4,4,4,4,6),(0.,6.092725357432E-02,0.158096061294,
    0.26344799462,0.389141050056,0.467927482587,0.547348677386,
    0.662181957385,0.771890017478,0.878999610103,0.985453418975,1.),
  .UNSPECIFIED.);
#6867 = CARTESIAN_POINT('',(0.,-0.16851026106));
#6868 = CARTESIAN_POINT('',(7.153127056468E-02,-0.164771747374));
#6869 = CARTESIAN_POINT('',(0.142525921876,-0.161024309426));
#6870 = CARTESIAN_POINT('',(0.212959605356,-0.157275028978));
#6871 = CARTESIAN_POINT('',(0.282809126027,-0.15353108934));
#6872 = CARTESIAN_POINT('',(0.462483983584,-0.143848951916));
#6873 = CARTESIAN_POINT('',(0.571379702812,-0.137929867563));
#6874 = CARTESIAN_POINT('',(0.678639306179,-0.132072439189));
#6875 = CARTESIAN_POINT('',(0.784221114588,-0.126303281484));
#6876 = CARTESIAN_POINT('',(1.000715557925,-0.114511030953));
#6877 = CARTESIAN_POINT('',(1.111336513724,-0.108507018334));
#6878 = CARTESIAN_POINT('',(1.219930450584,-0.102662158744));
#6879 = CARTESIAN_POINT('',(1.32655000563,-9.699667165724E-02));
#6880 = CARTESIAN_POINT('',(1.55621690316,-8.499555962545E-02));
#6881 = CARTESIAN_POINT('',(1.678462851778,-7.874167933291E-02));
#6882 = CARTESIAN_POINT('',(1.79816934298,-7.278517563484E-02));
#6883 = CARTESIAN_POINT('',(1.915562088353,-6.713515301215E-02));
#6884 = CARTESIAN_POINT('',(2.10318801959,-5.844542987541E-02));
#6885 = CARTESIAN_POINT('',(2.174671146717,-5.521847817579E-02));
#6886 = CARTESIAN_POINT('',(2.245407814151,-5.211322102262E-02));
#6887 = CARTESIAN_POINT('',(2.31546202606,-4.91292280588E-02));
#6888 = CARTESIAN_POINT('',(2.454896535669,-4.3378745169E-02));
#6889 = CARTESIAN_POINT('',(2.524266381397,-4.061423574134E-02));
#6890 = CARTESIAN_POINT('',(2.593076112249,-3.797094645419E-02));
#6891 = CARTESIAN_POINT('',(2.661391822424,-3.544752807325E-02));
#6892 = CARTESIAN_POINT('',(2.827434741179,-2.956470958683E-02));
#6893 = CARTESIAN_POINT('',(2.92469270524,-2.633432031285E-02));
#6894 = CARTESIAN_POINT('',(3.021252810485,-2.334621330596E-02));
#6895 = CARTESIAN_POINT('',(3.117300241173,-2.059515171293E-02));
#6896 = CARTESIAN_POINT('',(3.30447230881,-1.566938126997E-02));
#6897 = CARTESIAN_POINT('',(3.395623630488,-1.347447349153E-02));
#6898 = CARTESIAN_POINT('',(3.486638782412,-1.148690956801E-02));
#6899 = CARTESIAN_POINT('',(3.577671295138,-9.702660409884E-03));
#6900 = CARTESIAN_POINT('',(3.757924382357,-6.571088041154E-03));
#6901 = CARTESIAN_POINT('',(3.847135815495,-5.214434327101E-03));
#6902 = CARTESIAN_POINT('',(3.936657661482,-4.044788727746E-03));
#6903 = CARTESIAN_POINT('',(4.026631880163,-3.059271407561E-03));
#6904 = CARTESIAN_POINT('',(4.207225848268,-1.456425341081E-03));
#6905 = CARTESIAN_POINT('',(4.297837572905,-8.368856427998E-04));
#6906 = CARTESIAN_POINT('',(4.389186020106,-3.943207517813E-04));
#6907 = CARTESIAN_POINT('',(4.481416839499,-1.266995820008E-04));
#6908 = CARTESIAN_POINT('',(4.587428927515,-1.933813386154E-05));
#6909 = CARTESIAN_POINT('',(4.600192974636,-9.664659924408E-06));
#6910 = CARTESIAN_POINT('',(4.61297676191,-3.22009812867E-06));
#6911 = CARTESIAN_POINT('',(4.625780682619,-9.12880881998E-14));
#6912 = CARTESIAN_POINT('',(4.638605132285,-9.12880881998E-14));
#6913 = ( GEOMETRIC_REPRESENTATION_CONTEXT(2) 
PARAMETRIC_REPRESENTATION_CONTEXT() REPRESENTATION_CONTEXT('2D SPACE',''
  ) );
#6914 = ORIENTED_EDGE('',*,*,#6915,.T.);
#6915 = EDGE_CURVE('',#6748,#6916,#6918,.T.);
#6916 = VERTEX_POINT('',#6917);
#6917 = CARTESIAN_POINT('',(5.314286925426,9.,-3.322348477774));
#6918 = SURFACE_CURVE('',#6919,(#6922,#6928),.PCURVE_S1.);
#6919 = B_SPLINE_CURVE_WITH_KNOTS('',1,(#6920,#6921),.UNSPECIFIED.,.F.,
  .F.,(2,2),(0.,1.),.PIECEWISE_BEZIER_KNOTS.);
#6920 = CARTESIAN_POINT('',(5.314286925426,9.,5.185713074574));
#6921 = CARTESIAN_POINT('',(5.314286925426,9.,-5.185713074574));
#6922 = PCURVE('',#6113,#6923);
#6923 = DEFINITIONAL_REPRESENTATION('',(#6924),#6927);
#6924 = B_SPLINE_CURVE_WITH_KNOTS('',1,(#6925,#6926),.UNSPECIFIED.,.F.,
  .F.,(2,2),(0.,1.),.PIECEWISE_BEZIER_KNOTS.);
#6925 = CARTESIAN_POINT('',(11.,0.9));
#6926 = CARTESIAN_POINT('',(0.,0.9));
#6927 = ( GEOMETRIC_REPRESENTATION_CONTEXT(2) 
PARAMETRIC_REPRESENTATION_CONTEXT() REPRESENTATION_CONTEXT('2D SPACE',''
  ) );
#6928 = PCURVE('',#6383,#6929);
#6929 = DEFINITIONAL_REPRESENTATION('',(#6930),#6933);
#6930 = B_SPLINE_CURVE_WITH_KNOTS('',1,(#6931,#6932),.UNSPECIFIED.,.F.,
  .F.,(2,2),(0.,1.),.PIECEWISE_BEZIER_KNOTS.);
#6931 = CARTESIAN_POINT('',(0.314286925426,-5.314286925426));
#6932 = CARTESIAN_POINT('',(10.685713074574,-5.314286925426));
#6933 = ( GEOMETRIC_REPRESENTATION_CONTEXT(2) 
PARAMETRIC_REPRESENTATION_CONTEXT() REPRESENTATION_CONTEXT('2D SPACE',''
  ) );
#6934 = ORIENTED_EDGE('',*,*,#6935,.F.);
#6935 = EDGE_CURVE('',#6936,#6916,#6938,.T.);
#6936 = VERTEX_POINT('',#6937);
#6937 = CARTESIAN_POINT('',(5.180697433857,5.174497483513,
    -5.319302566143));
#6938 = SURFACE_CURVE('',#6939,(#6986,#7036),.PCURVE_S1.);
#6939 = B_SPLINE_CURVE_WITH_KNOTS('',5,(#6940,#6941,#6942,#6943,#6944,
    #6945,#6946,#6947,#6948,#6949,#6950,#6951,#6952,#6953,#6954,#6955,
    #6956,#6957,#6958,#6959,#6960,#6961,#6962,#6963,#6964,#6965,#6966,
    #6967,#6968,#6969,#6970,#6971,#6972,#6973,#6974,#6975,#6976,#6977,
    #6978,#6979,#6980,#6981,#6982,#6983,#6984,#6985),.UNSPECIFIED.,.F.,
  .F.,(6,4,4,4,4,4,4,4,4,4,4,6),(0.,6.084112224289E-02,0.158005592387,
    0.263346099359,0.389014930396,0.468189748702,0.547190067761,
    0.662342488325,0.772045336022,0.879481406617,0.985605866868,1.),
  .UNSPECIFIED.);
#6940 = CARTESIAN_POINT('',(5.180697433857,5.174497483513,
    -5.319302566143));
#6941 = CARTESIAN_POINT('',(5.184430663466,5.281403192134,
    -5.315569336448));
#6942 = CARTESIAN_POINT('',(5.188172790645,5.388563693863,
    -5.308964886459));
#6943 = CARTESIAN_POINT('',(5.191916765512,5.495777106442,
    -5.299457852925));
#6944 = CARTESIAN_POINT('',(5.195655435552,5.602838608632,
    -5.287044280798));
#6945 = CARTESIAN_POINT('',(5.205332216755,5.879945366136,
    -5.247318559944));
#6946 = CARTESIAN_POINT('',(5.211251229005,6.049443700123,
    -5.215535006737));
#6947 = CARTESIAN_POINT('',(5.217108667256,6.217178785456,
    -5.176494731991));
#6948 = CARTESIAN_POINT('',(5.222877913572,6.382388384218,
    -5.130468996925));
#6949 = CARTESIAN_POINT('',(5.234670107307,6.720072630763,
    -5.020801440179));
#6950 = CARTESIAN_POINT('',(5.240674004046,6.892001738482,
    -4.955998805481));
#6951 = CARTESIAN_POINT('',(5.246518845807,7.059376107548,
    -4.883934393492));
#6952 = CARTESIAN_POINT('',(5.252184405238,7.221616502391,
    -4.805222425635));
#6953 = CARTESIAN_POINT('',(5.264185302838,7.565277245681,
    -4.619385040635));
#6954 = CARTESIAN_POINT('',(5.270438977393,7.744359054184,
    -4.509706383932));
#6955 = CARTESIAN_POINT('',(5.276395426628,7.914929443156,
    -4.392481478815));
#6956 = CARTESIAN_POINT('',(5.282045532555,8.076727307563,
    -4.268726680206));
#6957 = CARTESIAN_POINT('',(5.290752749138,8.326069367007,
    -4.057746718923));
#6958 = CARTESIAN_POINT('',(5.293995790093,8.418937909218,
    -3.973946868113));
#6959 = CARTESIAN_POINT('',(5.297115930858,8.508287050441,
    -3.888107466518));
#6960 = CARTESIAN_POINT('',(5.300113610247,8.594129356673,
    -3.800423031522));
#6961 = CARTESIAN_POINT('',(5.305859696428,8.758675735938,-3.62190301354
    ));
#6962 = CARTESIAN_POINT('',(5.30860860423,8.837394156005,-3.531075526083
    ));
#6963 = CARTESIAN_POINT('',(5.311237579976,8.912678171368,
    -3.438752201875));
#6964 = CARTESIAN_POINT('',(5.313747952109,8.98456582359,-3.345084699552
    ));
#6965 = CARTESIAN_POINT('',(5.319629998713,9.153005599976,-3.1119094869)
  );
#6966 = CARTESIAN_POINT('',(5.322870025856,9.245787837881,
    -2.971042359574));
#6967 = CARTESIAN_POINT('',(5.325866414632,9.33159318579,-2.828014441135
    ));
#6968 = CARTESIAN_POINT('',(5.328624446204,9.410572876468,-2.68317381166
    ));
#6969 = CARTESIAN_POINT('',(5.333554563306,9.551752958517,
    -2.397374187825));
#6970 = CARTESIAN_POINT('',(5.335748156823,9.614569258069,
    -2.256558496859));
#6971 = CARTESIAN_POINT('',(5.337734444355,9.671449090911,
    -2.114615985987));
#6972 = CARTESIAN_POINT('',(5.339517453194,9.72250778363,-1.971768068625
    ));
#6973 = CARTESIAN_POINT('',(5.342651427394,9.81225306261,-1.68761704964)
  );
#6974 = CARTESIAN_POINT('',(5.344010541354,9.851172994209,-1.54634458229
    ));
#6975 = CARTESIAN_POINT('',(5.345181529142,9.884705697081,
    -1.404575477634));
#6976 = CARTESIAN_POINT('',(5.346167294195,9.912934314834,
    -1.262478744748));
#6977 = CARTESIAN_POINT('',(5.347763603163,9.958646622766,
    -0.979682635827));
#6978 = CARTESIAN_POINT('',(5.348378574658,9.976257102241,
    -0.838988465307));
#6979 = CARTESIAN_POINT('',(5.348817686493,9.988831619965,
    -0.698282258281));
#6980 = CARTESIAN_POINT('',(5.349082949181,9.99642774949,-0.55771301874)
  );
#6981 = CARTESIAN_POINT('',(5.349188760167,9.999457779694,
    -0.398401572318));
#6982 = CARTESIAN_POINT('',(5.349198231812,9.999729012111,
    -0.379379471126));
#6983 = CARTESIAN_POINT('',(5.349204541959,9.99990971108,-0.360362997683
    ));
#6984 = CARTESIAN_POINT('',(5.349207694917,10.,-0.341352525997));
#6985 = CARTESIAN_POINT('',(5.349207694917,10.,-0.322348431047));
#6986 = PCURVE('',#6113,#6987);
#6987 = DEFINITIONAL_REPRESENTATION('',(#6988),#7035);
#6988 = B_SPLINE_CURVE_WITH_KNOTS('',5,(#6989,#6990,#6991,#6992,#6993,
    #6994,#6995,#6996,#6997,#6998,#6999,#7000,#7001,#7002,#7003,#7004,
    #7005,#7006,#7007,#7008,#7009,#7010,#7011,#7012,#7013,#7014,#7015,
    #7016,#7017,#7018,#7019,#7020,#7021,#7022,#7023,#7024,#7025,#7026,
    #7027,#7028,#7029,#7030,#7031,#7032,#7033,#7034),.UNSPECIFIED.,.F.,
  .F.,(6,4,4,4,4,4,4,4,4,4,4,6),(0.,6.084112224289E-02,0.158005592387,
    0.263346099359,0.389014930396,0.468189748702,0.547190067761,
    0.662342488325,0.772045336022,0.879481406617,0.985605866868,1.),
  .UNSPECIFIED.);
#6989 = CARTESIAN_POINT('',(1.704678295084E-11,0.517449748757));
#6990 = CARTESIAN_POINT('',(1.068681238405E-10,0.528140319619));
#6991 = CARTESIAN_POINT('',(2.959511370608E-03,0.538856369245));
#6992 = CARTESIAN_POINT('',(8.928816978945E-03,0.549577710341));
#6993 = CARTESIAN_POINT('',(1.792997148472E-02,0.560283860863));
#6994 = CARTESIAN_POINT('',(4.916388407648E-02,0.587994536614));
#6995 = CARTESIAN_POINT('',(7.60886557578E-02,0.604944370012));
#6996 = CARTESIAN_POINT('',(0.110703391398,0.621717878546));
#6997 = CARTESIAN_POINT('',(0.152794178435,0.638238838422));
#6998 = CARTESIAN_POINT('',(0.25536466346,0.672007263076));
#6999 = CARTESIAN_POINT('',(0.317097789851,0.689200173848));
#7000 = CARTESIAN_POINT('',(0.386764922401,0.705937610755));
#7001 = CARTESIAN_POINT('',(0.463774715577,0.722161650239));
#7002 = CARTESIAN_POINT('',(0.647408499841,0.756527724568));
#7003 = CARTESIAN_POINT('',(0.756880854972,0.774435905418));
#7004 = CARTESIAN_POINT('',(0.874895750361,0.791492944316));
#7005 = CARTESIAN_POINT('',(1.000401067,0.807672730756));
#7006 = CARTESIAN_POINT('',(1.21571746136,0.832606936701));
#7007 = CARTESIAN_POINT('',(1.30155452892,0.841893790922));
#7008 = CARTESIAN_POINT('',(1.389779563075,0.850828705044));
#7009 = CARTESIAN_POINT('',(1.480182863033,0.859412935667));
#7010 = CARTESIAN_POINT('',(1.664768376183,0.875867573594));
#7011 = CARTESIAN_POINT('',(1.75894112,0.883739415601));
#7012 = CARTESIAN_POINT('',(1.854909437325,0.891267817137));
#7013 = CARTESIAN_POINT('',(1.952505046591,0.898456582359));
#7014 = CARTESIAN_POINT('',(2.195987743965,0.915300559998));
#7015 = CARTESIAN_POINT('',(2.343533383349,0.924578783788));
#7016 = CARTESIAN_POINT('',(2.493752519127,0.933159318579));
#7017 = CARTESIAN_POINT('',(2.646243645557,0.941057287647));
#7018 = CARTESIAN_POINT('',(2.947778738952,0.955175295852));
#7019 = CARTESIAN_POINT('',(3.096641560029,0.961456925807));
#7020 = CARTESIAN_POINT('',(3.24695672983,0.967144909091));
#7021 = CARTESIAN_POINT('',(3.398458978614,0.972250778363));
#7022 = CARTESIAN_POINT('',(3.700213703841,0.981225306261));
#7023 = CARTESIAN_POINT('',(3.850425656301,0.985117299421));
#7024 = CARTESIAN_POINT('',(4.001324000564,0.988470569708));
#7025 = CARTESIAN_POINT('',(4.152700760085,0.991293431483));
#7026 = CARTESIAN_POINT('',(4.454168070422,0.995864662277));
#7027 = CARTESIAN_POINT('',(4.60425060317,0.997625710224));
#7028 = CARTESIAN_POINT('',(4.754418737942,0.998883161996));
#7029 = CARTESIAN_POINT('',(4.90448748662,0.999642774949));
#7030 = CARTESIAN_POINT('',(5.074589554447,0.999945777969));
#7031 = CARTESIAN_POINT('',(5.094900475443,0.999972901211));
#7032 = CARTESIAN_POINT('',(5.115205722823,0.999990971108));
#7033 = CARTESIAN_POINT('',(5.135504834593,1.));
#7034 = CARTESIAN_POINT('',(5.155797348062,1.));
#7035 = ( GEOMETRIC_REPRESENTATION_CONTEXT(2) 
PARAMETRIC_REPRESENTATION_CONTEXT() REPRESENTATION_CONTEXT('2D SPACE',''
  ) );
#7036 = PCURVE('',#7037,#7053);
#7037 = ( BOUNDED_SURFACE() B_SPLINE_SURFACE(2,2,(
    (#7038,#7039,#7040,#7041,#7042)
    ,(#7043,#7044,#7045,#7046,#7047)
    ,(#7048,#7049,#7050,#7051,#7052
)),.UNSPECIFIED.,.F.,.F.,.F.) B_SPLINE_SURFACE_WITH_KNOTS((3,3),(3,1,1,3
    ),(0.,4.638605132285),(-0.431767239202,-0.16851026106,4.470094871225
,4.733351849367),.UNSPECIFIED.) GEOMETRIC_REPRESENTATION_ITEM() 
RATIONAL_B_SPLINE_SURFACE((
    (1.,1.,1.,1.,1.)
    ,(0.719339800339,0.719339800339,0.719339800339,0.719339800339
      ,0.719339800339)
,(1.,1.,1.,1.,1.))) REPRESENTATION_ITEM('') SURFACE() );
#7038 = CARTESIAN_POINT('',(10.082559544285,5.174497483513,
    -5.319302566143));
#7039 = CARTESIAN_POINT('',(9.950931055214,5.174497483513,
    -5.319302566143));
#7040 = CARTESIAN_POINT('',(7.5,5.174497483513,-5.319302566143));
#7041 = CARTESIAN_POINT('',(5.049068944786,5.174497483513,
    -5.319302566143));
#7042 = CARTESIAN_POINT('',(4.917440455715,5.174497483513,
    -5.319302566143));
#7043 = CARTESIAN_POINT('',(10.082559544285,10.,-5.150792305083));
#7044 = CARTESIAN_POINT('',(9.950931055214,10.,-5.150792305083));
#7045 = CARTESIAN_POINT('',(7.5,10.,-5.150792305083));
#7046 = CARTESIAN_POINT('',(5.049068944786,10.,-5.150792305083));
#7047 = CARTESIAN_POINT('',(4.917440455715,10.,-5.150792305083));
#7048 = CARTESIAN_POINT('',(10.082559544285,10.,-0.322348431047));
#7049 = CARTESIAN_POINT('',(9.950931055214,10.,-0.322348431047));
#7050 = CARTESIAN_POINT('',(7.5,10.,-0.322348431047));
#7051 = CARTESIAN_POINT('',(5.049068944786,10.,-0.322348431047));
#7052 = CARTESIAN_POINT('',(4.917440455715,10.,-0.322348431047));
#7053 = DEFINITIONAL_REPRESENTATION('',(#7054),#7101);
#7054 = B_SPLINE_CURVE_WITH_KNOTS('',5,(#7055,#7056,#7057,#7058,#7059,
    #7060,#7061,#7062,#7063,#7064,#7065,#7066,#7067,#7068,#7069,#7070,
    #7071,#7072,#7073,#7074,#7075,#7076,#7077,#7078,#7079,#7080,#7081,
    #7082,#7083,#7084,#7085,#7086,#7087,#7088,#7089,#7090,#7091,#7092,
    #7093,#7094,#7095,#7096,#7097,#7098,#7099,#7100),.UNSPECIFIED.,.F.,
  .F.,(6,4,4,4,4,4,4,4,4,4,4,6),(0.,6.084112224289E-02,0.158005592387,
    0.263346099359,0.389014930396,0.468189748702,0.547190067761,
    0.662342488325,0.772045336022,0.879481406617,0.985605866868,1.),
  .UNSPECIFIED.);
#7055 = CARTESIAN_POINT('',(0.,4.470094871225));
#7056 = CARTESIAN_POINT('',(7.143016749134E-02,4.466361641617));
#7057 = CARTESIAN_POINT('',(0.142325203885,4.462619514438));
#7058 = CARTESIAN_POINT('',(0.212660897624,4.45887553957));
#7059 = CARTESIAN_POINT('',(0.282414155909,4.455136869531));
#7060 = CARTESIAN_POINT('',(0.461995077704,4.445460088328));
#7061 = CARTESIAN_POINT('',(0.570891694688,4.439541076077));
#7062 = CARTESIAN_POINT('',(0.678152531609,4.433683637827));
#7063 = CARTESIAN_POINT('',(0.783735849134,4.42791439151));
#7064 = CARTESIAN_POINT('',(1.000226657543,4.416122197776));
#7065 = CARTESIAN_POINT('',(1.110842763521,4.410118301036));
#7066 = CARTESIAN_POINT('',(1.219432235117,4.404273459275));
#7067 = CARTESIAN_POINT('',(1.326047597883,4.398607899845));
#7068 = CARTESIAN_POINT('',(1.555695110949,4.386607002245));
#7069 = CARTESIAN_POINT('',(1.677926396872,4.38035332769));
#7070 = CARTESIAN_POINT('',(1.797618663543,4.374396878455));
#7071 = CARTESIAN_POINT('',(1.914997417641,4.368746772527));
#7072 = CARTESIAN_POINT('',(2.102970970454,4.360039555945));
#7073 = CARTESIAN_POINT('',(2.174807371829,4.356796514989));
#7074 = CARTESIAN_POINT('',(2.245889943612,4.353676374224));
#7075 = CARTESIAN_POINT('',(2.316283639357,4.350678694836));
#7076 = CARTESIAN_POINT('',(2.45567302998,4.344932608655));
#7077 = CARTESIAN_POINT('',(2.524670994007,4.342183700853));
#7078 = CARTESIAN_POINT('',(2.593115063124,4.339554725106));
#7079 = CARTESIAN_POINT('',(2.661070285245,4.337044352973));
#7080 = CARTESIAN_POINT('',(2.827034625678,4.331162306369));
#7081 = CARTESIAN_POINT('',(2.924564524372,4.327922279226));
#7082 = CARTESIAN_POINT('',(3.021392448733,4.324925890451));
#7083 = CARTESIAN_POINT('',(3.11770510393,4.322167858878));
#7084 = CARTESIAN_POINT('',(3.305135285016,4.317237741776));
#7085 = CARTESIAN_POINT('',(3.396281253809,4.315044148259));
#7086 = CARTESIAN_POINT('',(3.487291748775,4.313057860728));
#7087 = CARTESIAN_POINT('',(3.578320271678,4.311274851889));
#7088 = CARTESIAN_POINT('',(3.758842394927,4.308140877688));
#7089 = CARTESIAN_POINT('',(3.848327848205,4.306781763728));
#7090 = CARTESIAN_POINT('',(3.938126687254,4.305610775941));
#7091 = CARTESIAN_POINT('',(4.028382166855,4.304625010887));
#7092 = CARTESIAN_POINT('',(4.208995255275,4.303028701919));
#7093 = CARTESIAN_POINT('',(4.299337469518,4.302413730425));
#7094 = CARTESIAN_POINT('',(4.390413374704,4.30197461859));
#7095 = CARTESIAN_POINT('',(4.482367314225,4.301709355902));
#7096 = CARTESIAN_POINT('',(4.587964008327,4.301603544915));
#7097 = CARTESIAN_POINT('',(4.600594902771,4.301594073271));
#7098 = CARTESIAN_POINT('',(4.613245133839,4.301587763124));
#7099 = CARTESIAN_POINT('',(4.625915082598,4.301584610165));
#7100 = CARTESIAN_POINT('',(4.638605132285,4.301584610165));
#7101 = ( GEOMETRIC_REPRESENTATION_CONTEXT(2) 
PARAMETRIC_REPRESENTATION_CONTEXT() REPRESENTATION_CONTEXT('2D SPACE',''
  ) );
#7102 = ORIENTED_EDGE('',*,*,#7103,.F.);
#7103 = EDGE_CURVE('',#6096,#6936,#7104,.T.);
#7104 = SURFACE_CURVE('',#7105,(#7108,#7115),.PCURVE_S1.);
#7105 = B_SPLINE_CURVE_WITH_KNOTS('',1,(#7106,#7107),.UNSPECIFIED.,.F.,
  .F.,(2,2),(0.,1.),.PIECEWISE_BEZIER_KNOTS.);
#7106 = CARTESIAN_POINT('',(5.,-1.221245327088E-15,-5.5));
#7107 = CARTESIAN_POINT('',(5.349207694917,10.,-5.150792305083));
#7108 = PCURVE('',#6113,#7109);
#7109 = DEFINITIONAL_REPRESENTATION('',(#7110),#7114);
#7110 = LINE('',#7111,#7112);
#7111 = CARTESIAN_POINT('',(0.,0.));
#7112 = VECTOR('',#7113,1.);
#7113 = DIRECTION('',(0.,1.));
#7114 = ( GEOMETRIC_REPRESENTATION_CONTEXT(2) 
PARAMETRIC_REPRESENTATION_CONTEXT() REPRESENTATION_CONTEXT('2D SPACE',''
  ) );
#7115 = PCURVE('',#6195,#7116);
#7116 = DEFINITIONAL_REPRESENTATION('',(#7117),#7121);
#7117 = LINE('',#7118,#7119);
#7118 = CARTESIAN_POINT('',(5.,0.));
#7119 = VECTOR('',#7120,1.);
#7120 = DIRECTION('',(0.,1.));
#7121 = ( GEOMETRIC_REPRESENTATION_CONTEXT(2) 
PARAMETRIC_REPRESENTATION_CONTEXT() REPRESENTATION_CONTEXT('2D SPACE',''
  ) );
#7122 = ORIENTED_EDGE('',*,*,#6095,.T.);
#7123 = ADVANCED_FACE('',(#7124),#6195,.F.);
#7124 = FACE_BOUND('',#7125,.F.);
#7125 = EDGE_LOOP('',(#7126,#7127,#7151,#7171));
#7126 = ORIENTED_EDGE('',*,*,#7103,.T.);
#7127 = ORIENTED_EDGE('',*,*,#7128,.F.);
#7128 = EDGE_CURVE('',#7129,#6936,#7131,.T.);
#7129 = VERTEX_POINT('',#7130);
#7130 = CARTESIAN_POINT('',(9.819302566143,5.174497483513,
    -5.319302566143));
#7131 = SURFACE_CURVE('',#7132,(#7138,#7144),.PCURVE_S1.);
#7132 = B_SPLINE_CURVE_WITH_KNOTS('',2,(#7133,#7134,#7135,#7136,#7137),
  .UNSPECIFIED.,.F.,.F.,(3,1,1,3),(-0.431767239202,-0.16851026106,
    4.470094871225,4.733351849367),.UNSPECIFIED.);
#7133 = CARTESIAN_POINT('',(10.082559544285,5.174497483513,
    -5.319302566143));
#7134 = CARTESIAN_POINT('',(9.950931055214,5.174497483513,
    -5.319302566143));
#7135 = CARTESIAN_POINT('',(7.5,5.174497483513,-5.319302566143));
#7136 = CARTESIAN_POINT('',(5.049068944786,5.174497483513,
    -5.319302566143));
#7137 = CARTESIAN_POINT('',(4.917440455715,5.174497483513,
    -5.319302566143));
#7138 = PCURVE('',#6195,#7139);
#7139 = DEFINITIONAL_REPRESENTATION('',(#7140),#7143);
#7140 = B_SPLINE_CURVE_WITH_KNOTS('',1,(#7141,#7142),.UNSPECIFIED.,.F.,
  .F.,(2,2),(-0.16851026106,4.470094871225),.PIECEWISE_BEZIER_KNOTS.);
#7141 = CARTESIAN_POINT('',(0.,0.517449748351));
#7142 = CARTESIAN_POINT('',(5.,0.517449748351));
#7143 = ( GEOMETRIC_REPRESENTATION_CONTEXT(2) 
PARAMETRIC_REPRESENTATION_CONTEXT() REPRESENTATION_CONTEXT('2D SPACE',''
  ) );
#7144 = PCURVE('',#7037,#7145);
#7145 = DEFINITIONAL_REPRESENTATION('',(#7146),#7150);
#7146 = LINE('',#7147,#7148);
#7147 = CARTESIAN_POINT('',(0.,0.));
#7148 = VECTOR('',#7149,1.);
#7149 = DIRECTION('',(0.,1.));
#7150 = ( GEOMETRIC_REPRESENTATION_CONTEXT(2) 
PARAMETRIC_REPRESENTATION_CONTEXT() REPRESENTATION_CONTEXT('2D SPACE',''
  ) );
#7151 = ORIENTED_EDGE('',*,*,#7152,.F.);
#7152 = EDGE_CURVE('',#6154,#7129,#7153,.T.);
#7153 = SURFACE_CURVE('',#7154,(#7157,#7164),.PCURVE_S1.);
#7154 = B_SPLINE_CURVE_WITH_KNOTS('',1,(#7155,#7156),.UNSPECIFIED.,.F.,
  .F.,(2,2),(0.,1.),.PIECEWISE_BEZIER_KNOTS.);
#7155 = CARTESIAN_POINT('',(10.,-1.221245327088E-15,-5.5));
#7156 = CARTESIAN_POINT('',(9.650792305083,10.,-5.150792305083));
#7157 = PCURVE('',#6195,#7158);
#7158 = DEFINITIONAL_REPRESENTATION('',(#7159),#7163);
#7159 = LINE('',#7160,#7161);
#7160 = CARTESIAN_POINT('',(0.,0.));
#7161 = VECTOR('',#7162,1.);
#7162 = DIRECTION('',(0.,1.));
#7163 = ( GEOMETRIC_REPRESENTATION_CONTEXT(2) 
PARAMETRIC_REPRESENTATION_CONTEXT() REPRESENTATION_CONTEXT('2D SPACE',''
  ) );
#7164 = PCURVE('',#6169,#7165);
#7165 = DEFINITIONAL_REPRESENTATION('',(#7166),#7170);
#7166 = LINE('',#7167,#7168);
#7167 = CARTESIAN_POINT('',(11.,0.));
#7168 = VECTOR('',#7169,1.);
#7169 = DIRECTION('',(0.,1.));
#7170 = ( GEOMETRIC_REPRESENTATION_CONTEXT(2) 
PARAMETRIC_REPRESENTATION_CONTEXT() REPRESENTATION_CONTEXT('2D SPACE',''
  ) );
#7171 = ORIENTED_EDGE('',*,*,#6181,.T.);
#7172 = ADVANCED_FACE('',(#7173),#6169,.F.);
#7173 = FACE_BOUND('',#7174,.F.);
#7174 = EDGE_LOOP('',(#7175,#7176,#7328,#7348,#7500,#7520));
#7175 = ORIENTED_EDGE('',*,*,#7152,.T.);
#7176 = ORIENTED_EDGE('',*,*,#7177,.T.);
#7177 = EDGE_CURVE('',#7129,#7178,#7180,.T.);
#7178 = VERTEX_POINT('',#7179);
#7179 = CARTESIAN_POINT('',(9.685713074574,9.,-3.322348479465));
#7180 = SURFACE_CURVE('',#7181,(#7228,#7278),.PCURVE_S1.);
#7181 = B_SPLINE_CURVE_WITH_KNOTS('',5,(#7182,#7183,#7184,#7185,#7186,
    #7187,#7188,#7189,#7190,#7191,#7192,#7193,#7194,#7195,#7196,#7197,
    #7198,#7199,#7200,#7201,#7202,#7203,#7204,#7205,#7206,#7207,#7208,
    #7209,#7210,#7211,#7212,#7213,#7214,#7215,#7216,#7217,#7218,#7219,
    #7220,#7221,#7222,#7223,#7224,#7225,#7226,#7227),.UNSPECIFIED.,.F.,
  .F.,(6,4,4,4,4,4,4,4,4,4,4,6),(0.,6.092725388302E-02,0.158096061571,
    0.263447994862,0.389141050257,0.467927482762,0.547348677535,
    0.662181957496,0.771890017553,0.878999610143,0.98545341898,1.),
  .UNSPECIFIED.);
#7182 = CARTESIAN_POINT('',(9.819302566143,5.174497483513,
    -5.319302566143));
#7183 = CARTESIAN_POINT('',(9.815564052471,5.281554507911,
    -5.315564052387));
#7184 = CARTESIAN_POINT('',(9.811816614514,5.388867090425,
    -5.308946182383));
#7185 = CARTESIAN_POINT('',(9.808067334068,5.49623243489,-5.299417460574
    ));
#7186 = CARTESIAN_POINT('',(9.804323394442,5.603444838291,
    -5.286973954051));
#7187 = CARTESIAN_POINT('',(9.794641256999,5.880704978444,
    -5.247183065157));
#7188 = CARTESIAN_POINT('',(9.788722172645,6.0502053772,-5.215371943955)
  );
#7189 = CARTESIAN_POINT('',(9.782864744271,6.217940179693,
    -5.176304025719));
#7190 = CARTESIAN_POINT('',(9.777095586566,6.383147240973,
    -5.130250891973));
#7191 = CARTESIAN_POINT('',(9.765303336035,6.720833113952,
    -5.020523593958));
#7192 = CARTESIAN_POINT('',(9.759299323416,6.892765540015,
    -4.955687711413));
#7193 = CARTESIAN_POINT('',(9.753454463827,7.060140419631,-4.88359002204
    ));
#7194 = CARTESIAN_POINT('',(9.74778897674,7.222378742826,-4.804845056692
    ));
#7195 = CARTESIAN_POINT('',(9.735787864708,7.566045626645,
    -4.618927805579));
#7196 = CARTESIAN_POINT('',(9.729533984415,7.745133326703,
    -4.509201037931));
#7197 = CARTESIAN_POINT('',(9.723577480717,7.915705275282,
    -4.391927818547));
#7198 = CARTESIAN_POINT('',(9.717927458095,8.077500754159,
    -4.268124888678));
#7199 = CARTESIAN_POINT('',(9.709237734958,8.326341866862,
    -4.057482921907));
#7200 = CARTESIAN_POINT('',(9.706010783258,8.418749673063,
    -3.974091868312));
#7201 = CARTESIAN_POINT('',(9.702905526105,8.50767260341,-3.888681139623
    ));
#7202 = CARTESIAN_POINT('',(9.699921533141,8.593122981717,
    -3.801442430005));
#7203 = CARTESIAN_POINT('',(9.694171050251,8.757795266248,
    -3.622930077815));
#7204 = CARTESIAN_POINT('',(9.691406540824,8.836960458422,
    -3.531630322964));
#7205 = CARTESIAN_POINT('',(9.688763251537,8.912654359948,
    -3.438818077809));
#7206 = CARTESIAN_POINT('',(9.686239833156,8.984915607844,
    -3.344647463737));
#7207 = CARTESIAN_POINT('',(9.680357014669,9.153377488038,
    -3.111326171082));
#7208 = CARTESIAN_POINT('',(9.677126625395,9.24588373349,-2.970844118128
    ));
#7209 = CARTESIAN_POINT('',(9.674138518388,9.331451922576,
    -2.828213622696));
#7210 = CARTESIAN_POINT('',(9.671387456795,9.410232019151,
    -2.683779880402));
#7211 = CARTESIAN_POINT('',(9.666461686352,9.551287629169,
    -2.398395814391));
#7212 = CARTESIAN_POINT('',(9.664266778574,9.614141564245,-2.25758032937
    ));
#7213 = CARTESIAN_POINT('',(9.66227921465,9.671057948175,-2.115636918397
    ));
#7214 = CARTESIAN_POINT('',(9.660494965492,9.722152158987,
    -1.972787109502));
#7215 = CARTESIAN_POINT('',(9.657363393124,9.811828658512,
    -1.689064453404));
#7216 = CARTESIAN_POINT('',(9.65600673941,9.850678137885,-1.548226469929
    ));
#7217 = CARTESIAN_POINT('',(9.65483709381,9.884172405519,-1.406893568747
    ));
#7218 = CARTESIAN_POINT('',(9.65385157649,9.912393929115,-1.265233301068
    ));
#7219 = CARTESIAN_POINT('',(9.652248730424,9.958293435048,
    -0.982439460064));
#7220 = CARTESIAN_POINT('',(9.651629190725,9.976034730767,
    -0.841309064999));
#7221 = CARTESIAN_POINT('',(9.651186625834,9.98870813108,-0.70016498322)
  );
#7222 = CARTESIAN_POINT('',(9.650919004664,9.996371798682,
    -0.559157619937));
#7223 = CARTESIAN_POINT('',(9.650811643216,9.999446228303,
    -0.399207426309));
#7224 = CARTESIAN_POINT('',(9.650801969742,9.999723240353,-0.37998368202
    ));
#7225 = CARTESIAN_POINT('',(9.650795525181,9.999907788457,
    -0.360765677201));
#7226 = CARTESIAN_POINT('',(9.650792305083,9.999999999999,
    -0.341553797861));
#7227 = CARTESIAN_POINT('',(9.650792305083,10.,-0.322348431047));
#7228 = PCURVE('',#6169,#7229);
#7229 = DEFINITIONAL_REPRESENTATION('',(#7230),#7277);
#7230 = B_SPLINE_CURVE_WITH_KNOTS('',5,(#7231,#7232,#7233,#7234,#7235,
    #7236,#7237,#7238,#7239,#7240,#7241,#7242,#7243,#7244,#7245,#7246,
    #7247,#7248,#7249,#7250,#7251,#7252,#7253,#7254,#7255,#7256,#7257,
    #7258,#7259,#7260,#7261,#7262,#7263,#7264,#7265,#7266,#7267,#7268,
    #7269,#7270,#7271,#7272,#7273,#7274,#7275,#7276),.UNSPECIFIED.,.F.,
  .F.,(6,4,4,4,4,4,4,4,4,4,4,6),(0.,6.092725388302E-02,0.158096061571,
    0.263447994862,0.389141050257,0.467927482762,0.547348677535,
    0.662181957496,0.771890017553,0.878999610143,0.98545341898,1.),
  .UNSPECIFIED.);
#7231 = CARTESIAN_POINT('',(10.999999999986,0.517449748745));
#7232 = CARTESIAN_POINT('',(10.999999999899,0.528155451185));
#7233 = CARTESIAN_POINT('',(10.997032104242,0.538886708905));
#7234 = CARTESIAN_POINT('',(10.99104581461,0.549623243194));
#7235 = CARTESIAN_POINT('',(10.982019022666,0.560344483829));
#7236 = CARTESIAN_POINT('',(10.950722706871,0.588070497844));
#7237 = CARTESIAN_POINT('',(10.923769094837,0.60502053772));
#7238 = CARTESIAN_POINT('',(10.889125235635,0.621794017969));
#7239 = CARTESIAN_POINT('',(10.84700538511,0.638314724097));
#7240 = CARTESIAN_POINT('',(10.744371600432,0.672083311395));
#7241 = CARTESIAN_POINT('',(10.682603225553,0.689276554002));
#7242 = CARTESIAN_POINT('',(10.61290058003,0.706014041963));
#7243 = CARTESIAN_POINT('',(10.535855358066,0.722237874283));
#7244 = CARTESIAN_POINT('',(10.352136130182,0.756604562665));
#7245 = CARTESIAN_POINT('',(10.242612283525,0.77451333267));
#7246 = CARTESIAN_POINT('',(10.124545364165,0.791570527528));
#7247 = CARTESIAN_POINT('',(9.998987948571,0.807750075416));
#7248 = CARTESIAN_POINT('',(9.784011315726,0.832634186686));
#7249 = CARTESIAN_POINT('',(9.698592572189,0.841874967306));
#7250 = CARTESIAN_POINT('',(9.610809153798,0.850767260341));
#7251 = CARTESIAN_POINT('',(9.520867709152,0.859312298172));
#7252 = CARTESIAN_POINT('',(9.336297016665,0.875779526625));
#7253 = CARTESIAN_POINT('',(9.241636547948,0.883696045842));
#7254 = CARTESIAN_POINT('',(9.14516057111,0.891265435995));
#7255 = CARTESIAN_POINT('',(9.04704009642,0.898491560784));
#7256 = CARTESIAN_POINT('',(8.803400666054,0.915337748804));
#7257 = CARTESIAN_POINT('',(8.656257283033,0.924588373349));
#7258 = CARTESIAN_POINT('',(8.506455664067,0.933145192258));
#7259 = CARTESIAN_POINT('',(8.354393983024,0.941023201915));
#7260 = CARTESIAN_POINT('',(8.05330085188,0.955128762917));
#7261 = CARTESIAN_POINT('',(7.904439807791,0.961414156424));
#7262 = CARTESIAN_POINT('',(7.754125086754,0.967105794818));
#7263 = CARTESIAN_POINT('',(7.602622083051,0.972215215899));
#7264 = CARTESIAN_POINT('',(7.30132444611,0.981182865851));
#7265 = CARTESIAN_POINT('',(7.15157599001,0.985067813788));
#7266 = CARTESIAN_POINT('',(7.001143724481,0.988417240552));
#7267 = CARTESIAN_POINT('',(6.850233819232,0.991239392911));
#7268 = CARTESIAN_POINT('',(6.548772559584,0.995829343505));
#7269 = CARTESIAN_POINT('',(6.398225832555,0.997603473077));
#7270 = CARTESIAN_POINT('',(6.24759101483,0.998870813108));
#7271 = CARTESIAN_POINT('',(6.097054836018,0.999637179868));
#7272 = CARTESIAN_POINT('',(5.926270898993,0.99994462283));
#7273 = CARTESIAN_POINT('',(5.905744683526,0.999972324035));
#7274 = CARTESIAN_POINT('',(5.88522425259,0.999990778846));
#7275 = CARTESIAN_POINT('',(5.864710082984,1.));
#7276 = CARTESIAN_POINT('',(5.844202652046,1.));
#7277 = ( GEOMETRIC_REPRESENTATION_CONTEXT(2) 
PARAMETRIC_REPRESENTATION_CONTEXT() REPRESENTATION_CONTEXT('2D SPACE',''
  ) );
#7278 = PCURVE('',#7037,#7279);
#7279 = DEFINITIONAL_REPRESENTATION('',(#7280),#7327);
#7280 = B_SPLINE_CURVE_WITH_KNOTS('',5,(#7281,#7282,#7283,#7284,#7285,
    #7286,#7287,#7288,#7289,#7290,#7291,#7292,#7293,#7294,#7295,#7296,
    #7297,#7298,#7299,#7300,#7301,#7302,#7303,#7304,#7305,#7306,#7307,
    #7308,#7309,#7310,#7311,#7312,#7313,#7314,#7315,#7316,#7317,#7318,
    #7319,#7320,#7321,#7322,#7323,#7324,#7325,#7326),.UNSPECIFIED.,.F.,
  .F.,(6,4,4,4,4,4,4,4,4,4,4,6),(0.,6.092725388302E-02,0.158096061571,
    0.263447994862,0.389141050257,0.467927482762,0.547348677535,
    0.662181957496,0.771890017553,0.878999610143,0.98545341898,1.),
  .UNSPECIFIED.);
#7281 = CARTESIAN_POINT('',(0.,-0.16851026106));
#7282 = CARTESIAN_POINT('',(7.15312707112E-02,-0.164771747389));
#7283 = CARTESIAN_POINT('',(0.142525921721,-0.161024309431));
#7284 = CARTESIAN_POINT('',(0.21295960494,-0.157275028986));
#7285 = CARTESIAN_POINT('',(0.282809125653,-0.15353108936));
#7286 = CARTESIAN_POINT('',(0.462483983584,-0.143848951916));
#7287 = CARTESIAN_POINT('',(0.571379702812,-0.137929867563));
#7288 = CARTESIAN_POINT('',(0.678639306179,-0.132072439189));
#7289 = CARTESIAN_POINT('',(0.784221114588,-0.126303281484));
#7290 = CARTESIAN_POINT('',(1.000715557925,-0.114511030953));
#7291 = CARTESIAN_POINT('',(1.111336513724,-0.108507018334));
#7292 = CARTESIAN_POINT('',(1.219930450584,-0.102662158744));
#7293 = CARTESIAN_POINT('',(1.32655000563,-9.699667165714E-02));
#7294 = CARTESIAN_POINT('',(1.55621690316,-8.499555962536E-02));
#7295 = CARTESIAN_POINT('',(1.678462851778,-7.874167933282E-02));
#7296 = CARTESIAN_POINT('',(1.79816934298,-7.278517563475E-02));
#7297 = CARTESIAN_POINT('',(1.915562088352,-6.713515301206E-02));
#7298 = CARTESIAN_POINT('',(2.10318801959,-5.844542987531E-02));
#7299 = CARTESIAN_POINT('',(2.174671146716,-5.521847817571E-02));
#7300 = CARTESIAN_POINT('',(2.245407814151,-5.211322102251E-02));
#7301 = CARTESIAN_POINT('',(2.31546202606,-4.912922805871E-02));
#7302 = CARTESIAN_POINT('',(2.454896535669,-4.337874516891E-02));
#7303 = CARTESIAN_POINT('',(2.524266381397,-4.061423574125E-02));
#7304 = CARTESIAN_POINT('',(2.593076112249,-3.79709464541E-02));
#7305 = CARTESIAN_POINT('',(2.661391822424,-3.544752807316E-02));
#7306 = CARTESIAN_POINT('',(2.827434741179,-2.956470958674E-02));
#7307 = CARTESIAN_POINT('',(2.92469270524,-2.633432031276E-02));
#7308 = CARTESIAN_POINT('',(3.021252810485,-2.334621330587E-02));
#7309 = CARTESIAN_POINT('',(3.117300241173,-2.059515171283E-02));
#7310 = CARTESIAN_POINT('',(3.30447230881,-1.566938126987E-02));
#7311 = CARTESIAN_POINT('',(3.395623630488,-1.347447349145E-02));
#7312 = CARTESIAN_POINT('',(3.486638782412,-1.148690956791E-02));
#7313 = CARTESIAN_POINT('',(3.577671295138,-9.702660409792E-03));
#7314 = CARTESIAN_POINT('',(3.757924382357,-6.571088041061E-03));
#7315 = CARTESIAN_POINT('',(3.847135815495,-5.21443432701E-03));
#7316 = CARTESIAN_POINT('',(3.936657661482,-4.044788727647E-03));
#7317 = CARTESIAN_POINT('',(4.026631880163,-3.059271407471E-03));
#7318 = CARTESIAN_POINT('',(4.207225848268,-1.456425340991E-03));
#7319 = CARTESIAN_POINT('',(4.297837572905,-8.368856426978E-04));
#7320 = CARTESIAN_POINT('',(4.389186020106,-3.943207516943E-04));
#7321 = CARTESIAN_POINT('',(4.481416839499,-1.266995819083E-04));
#7322 = CARTESIAN_POINT('',(4.587428927515,-1.933813376913E-05));
#7323 = CARTESIAN_POINT('',(4.600192974636,-9.664659821584E-06));
#7324 = CARTESIAN_POINT('',(4.61297676191,-3.220098034695E-06));
#7325 = CARTESIAN_POINT('',(4.62578068262,-1.622035838977E-14));
#7326 = CARTESIAN_POINT('',(4.638605132285,2.942091015257E-15));
#7327 = ( GEOMETRIC_REPRESENTATION_CONTEXT(2) 
PARAMETRIC_REPRESENTATION_CONTEXT() REPRESENTATION_CONTEXT('2D SPACE',''
  ) );
#7328 = ORIENTED_EDGE('',*,*,#7329,.T.);
#7329 = EDGE_CURVE('',#7178,#7330,#7332,.T.);
#7330 = VERTEX_POINT('',#7331);
#7331 = CARTESIAN_POINT('',(9.685713074574,9.,3.322348477511));
#7332 = SURFACE_CURVE('',#7333,(#7336,#7342),.PCURVE_S1.);
#7333 = B_SPLINE_CURVE_WITH_KNOTS('',1,(#7334,#7335),.UNSPECIFIED.,.F.,
  .F.,(2,2),(0.,1.),.PIECEWISE_BEZIER_KNOTS.);
#7334 = CARTESIAN_POINT('',(9.685713074574,9.,-5.185713074574));
#7335 = CARTESIAN_POINT('',(9.685713074574,9.,5.185713074574));
#7336 = PCURVE('',#6169,#7337);
#7337 = DEFINITIONAL_REPRESENTATION('',(#7338),#7341);
#7338 = B_SPLINE_CURVE_WITH_KNOTS('',1,(#7339,#7340),.UNSPECIFIED.,.F.,
  .F.,(2,2),(0.,1.),.PIECEWISE_BEZIER_KNOTS.);
#7339 = CARTESIAN_POINT('',(11.,0.9));
#7340 = CARTESIAN_POINT('',(0.,0.9));
#7341 = ( GEOMETRIC_REPRESENTATION_CONTEXT(2) 
PARAMETRIC_REPRESENTATION_CONTEXT() REPRESENTATION_CONTEXT('2D SPACE',''
  ) );
#7342 = PCURVE('',#6383,#7343);
#7343 = DEFINITIONAL_REPRESENTATION('',(#7344),#7347);
#7344 = B_SPLINE_CURVE_WITH_KNOTS('',1,(#7345,#7346),.UNSPECIFIED.,.F.,
  .F.,(2,2),(0.,1.),.PIECEWISE_BEZIER_KNOTS.);
#7345 = CARTESIAN_POINT('',(10.685713074574,-9.685713074574));
#7346 = CARTESIAN_POINT('',(0.314286925426,-9.685713074574));
#7347 = ( GEOMETRIC_REPRESENTATION_CONTEXT(2) 
PARAMETRIC_REPRESENTATION_CONTEXT() REPRESENTATION_CONTEXT('2D SPACE',''
  ) );
#7348 = ORIENTED_EDGE('',*,*,#7349,.F.);
#7349 = EDGE_CURVE('',#7350,#7330,#7352,.T.);
#7350 = VERTEX_POINT('',#7351);
#7351 = CARTESIAN_POINT('',(9.819302566143,5.174497483513,5.319302566143
    ));
#7352 = SURFACE_CURVE('',#7353,(#7400,#7450),.PCURVE_S1.);
#7353 = B_SPLINE_CURVE_WITH_KNOTS('',5,(#7354,#7355,#7356,#7357,#7358,
    #7359,#7360,#7361,#7362,#7363,#7364,#7365,#7366,#7367,#7368,#7369,
    #7370,#7371,#7372,#7373,#7374,#7375,#7376,#7377,#7378,#7379,#7380,
    #7381,#7382,#7383,#7384,#7385,#7386,#7387,#7388,#7389,#7390,#7391,
    #7392,#7393,#7394,#7395,#7396,#7397,#7398,#7399),.UNSPECIFIED.,.F.,
  .F.,(6,4,4,4,4,4,4,4,4,4,4,6),(0.,6.077042358173E-02,0.157902634223,
    0.263261772106,0.388885823629,0.468151910232,0.547141154375,
    0.662300327247,0.772006192443,0.879406260089,0.985533218746,1.),
  .UNSPECIFIED.);
#7354 = CARTESIAN_POINT('',(9.819302566143,5.174497483513,5.319302566143
    ));
#7355 = CARTESIAN_POINT('',(9.815573675296,5.281278946249,5.31557367305)
  );
#7356 = CARTESIAN_POINT('',(9.811835906806,5.388314631453,5.308980232717
    ));
#7357 = CARTESIAN_POINT('',(9.808096286737,5.495403338925,5.299490986226
    ));
#7358 = CARTESIAN_POINT('',(9.804361942838,5.602340956676,5.287101959473
    ));
#7359 = CARTESIAN_POINT('',(9.794691316287,5.879271467988,5.24743690635)
  );
#7360 = CARTESIAN_POINT('',(9.788774102635,6.048718296841,5.215687536589
    ));
#7361 = CARTESIAN_POINT('',(9.782918350284,6.216405104333,5.176685765091
    ));
#7362 = CARTESIAN_POINT('',(9.77715065737,6.381570219491,5.130702297022)
  );
#7363 = CARTESIAN_POINT('',(9.765358277811,6.719259787356,5.021100398677
    ));
#7364 = CARTESIAN_POINT('',(9.759352749163,6.891235626799,4.956313820367
    ));
#7365 = CARTESIAN_POINT('',(9.753506268154,7.058656937785,4.884261286641
    ));
#7366 = CARTESIAN_POINT('',(9.747839086633,7.220943783216,4.805557253607
    ));
#7367 = CARTESIAN_POINT('',(9.735838192771,7.564604419481,4.619783269062
    ));
#7368 = CARTESIAN_POINT('',(9.729585865558,7.743647645169,4.510167696893
    ));
#7369 = CARTESIAN_POINT('',(9.723630517223,7.91418650848,4.393008810998)
  );
#7370 = CARTESIAN_POINT('',(9.717981274075,8.075959666109,4.269322055527
    ));
#7371 = CARTESIAN_POINT('',(9.709270015331,8.325417477926,4.058332261377
    ));
#7372 = CARTESIAN_POINT('',(9.706022575377,8.41841199097,3.974446878383)
  );
#7373 = CARTESIAN_POINT('',(9.702898320413,8.507878947446,3.888516502117
    ));
#7374 = CARTESIAN_POINT('',(9.699896811416,8.593830919306,3.800736373227
    ));
#7375 = CARTESIAN_POINT('',(9.694147347785,8.758474016093,3.622132242186
    ));
#7376 = CARTESIAN_POINT('',(9.691398578061,8.837188482116,3.531320667311
    ));
#7377 = CARTESIAN_POINT('',(9.688769708743,8.912469449741,3.439013425147
    ));
#7378 = CARTESIAN_POINT('',(9.686259412274,8.984354935257,3.345362130835
    ));
#7379 = CARTESIAN_POINT('',(9.680376784456,9.152811355424,3.112199478304
    ));
#7380 = CARTESIAN_POINT('',(9.677136165673,9.245610535675,2.971327782365
    ));
#7381 = CARTESIAN_POINT('',(9.674139220252,9.331431823824,2.82829459911)
  );
#7382 = CARTESIAN_POINT('',(9.671380666076,9.410426479908,2.683448117682
    ));
#7383 = CARTESIAN_POINT('',(9.666449667607,9.551631801013,2.397640424422
    ));
#7384 = CARTESIAN_POINT('',(9.664255699128,9.614458838074,2.256822649444
    ));
#7385 = CARTESIAN_POINT('',(9.662269052745,9.671348947064,2.114877733985
    ));
#7386 = CARTESIAN_POINT('',(9.660485700519,9.722417473099,1.972027131093
    ));
#7387 = CARTESIAN_POINT('',(9.65735163836,9.812165270892,1.687921281222)
  );
#7388 = CARTESIAN_POINT('',(9.655992640349,9.851081882149,1.546697171832
    ));
#7389 = CARTESIAN_POINT('',(9.65482164695,9.884614745715,1.404976508285)
  );
#7390 = CARTESIAN_POINT('',(9.65383575715,9.912846935754,1.262928143697)
  );
#7391 = CARTESIAN_POINT('',(9.652238682597,9.958581167141,0.98017734131)
  );
#7392 = CARTESIAN_POINT('',(9.651623200972,9.976206254859,0.839479994981
    ));
#7393 = CARTESIAN_POINT('',(9.651183591805,9.988795014321,0.698770297755
    ));
#7394 = CARTESIAN_POINT('',(9.650917843969,9.996405036649,0.558197267005
    ));
#7395 = CARTESIAN_POINT('',(9.650811431532,9.999452290141,0.398785596658
    ));
#7396 = CARTESIAN_POINT('',(9.650801863973,9.999726269201,0.379667403993
    ));
#7397 = CARTESIAN_POINT('',(9.650795489948,9.999908797391,0.360554892206
    ));
#7398 = CARTESIAN_POINT('',(9.650792305083,10.,0.341448440991));
#7399 = CARTESIAN_POINT('',(9.650792305083,10.,0.322348431047));
#7400 = PCURVE('',#6169,#7401);
#7401 = DEFINITIONAL_REPRESENTATION('',(#7402),#7449);
#7402 = B_SPLINE_CURVE_WITH_KNOTS('',5,(#7403,#7404,#7405,#7406,#7407,
    #7408,#7409,#7410,#7411,#7412,#7413,#7414,#7415,#7416,#7417,#7418,
    #7419,#7420,#7421,#7422,#7423,#7424,#7425,#7426,#7427,#7428,#7429,
    #7430,#7431,#7432,#7433,#7434,#7435,#7436,#7437,#7438,#7439,#7440,
    #7441,#7442,#7443,#7444,#7445,#7446,#7447,#7448),.UNSPECIFIED.,.F.,
  .F.,(6,4,4,4,4,4,4,4,4,4,4,6),(0.,6.077042358173E-02,0.157902634223,
    0.263261772106,0.388885823629,0.468151910232,0.547141154375,
    0.662300327247,0.772006192443,0.879406260089,0.985533218746,1.),
  .UNSPECIFIED.);
#7403 = CARTESIAN_POINT('',(0.,0.51744975885));
#7404 = CARTESIAN_POINT('',(2.322620866992E-09,0.528127905124));
#7405 = CARTESIAN_POINT('',(2.952636965566E-03,0.538831459492));
#7406 = CARTESIAN_POINT('',(8.908017353925E-03,0.54954032604));
#7407 = CARTESIAN_POINT('',(1.788815543014E-02,0.560234095668));
#7408 = CARTESIAN_POINT('',(4.906521490428E-02,0.587927146799));
#7409 = CARTESIAN_POINT('',(7.595608773173E-02,0.604871829684));
#7410 = CARTESIAN_POINT('',(0.110532157366,0.621640510433));
#7411 = CARTESIAN_POINT('',(0.152580039533,0.638157021949));
#7412 = CARTESIAN_POINT('',(0.255080666804,0.671925978736));
#7413 = CARTESIAN_POINT('',(0.316794725074,0.68912356268));
#7414 = CARTESIAN_POINT('',(0.38644711905,0.705865693779));
#7415 = CARTESIAN_POINT('',(0.463446325298,0.722094378322));
#7416 = CARTESIAN_POINT('',(0.64701206229,0.756460441948));
#7417 = CARTESIAN_POINT('',(0.756418381779,0.774364764517));
#7418 = CARTESIAN_POINT('',(0.874363641661,0.791418650848));
#7419 = CARTESIAN_POINT('',(0.999796721191,0.807595966611));
#7420 = CARTESIAN_POINT('',(1.215117836228,0.832541747793));
#7421 = CARTESIAN_POINT('',(1.301040904975,0.841841199097));
#7422 = CARTESIAN_POINT('',(1.389358242331,0.850787894745));
#7423 = CARTESIAN_POINT('',(1.479859373967,0.859383091931));
#7424 = CARTESIAN_POINT('',(1.664530863157,0.875847401609));
#7425 = CARTESIAN_POINT('',(1.758686599061,0.883718848212));
#7426 = CARTESIAN_POINT('',(1.85463768104,0.891246944974));
#7427 = CARTESIAN_POINT('',(1.95221587856,0.898435493526));
#7428 = CARTESIAN_POINT('',(2.195684167101,0.915281135542));
#7429 = CARTESIAN_POINT('',(2.343233906439,0.924561053568));
#7430 = CARTESIAN_POINT('',(2.493457963094,0.933143182382));
#7431 = CARTESIAN_POINT('',(2.645954712027,0.941042647991));
#7432 = CARTESIAN_POINT('',(2.947497392181,0.955163180101));
#7433 = CARTESIAN_POINT('',(3.096362011287,0.961445883807));
#7434 = CARTESIAN_POINT('',(3.246679367161,0.967134894706));
#7435 = CARTESIAN_POINT('',(3.398184145859,0.97224174731));
#7436 = CARTESIAN_POINT('',(3.699890351748,0.981216527089));
#7437 = CARTESIAN_POINT('',(3.8500505828,0.985108188215));
#7438 = CARTESIAN_POINT('',(4.000897051437,0.988461474571));
#7439 = CARTESIAN_POINT('',(4.152221975255,0.991284693575));
#7440 = CARTESIAN_POINT('',(4.453640422068,0.995858116714));
#7441 = CARTESIAN_POINT('',(4.603726120037,0.997620625486));
#7442 = CARTESIAN_POINT('',(4.753897813753,0.998879501432));
#7443 = CARTESIAN_POINT('',(4.903970498284,0.999640503665));
#7444 = CARTESIAN_POINT('',(5.074179511048,0.999945229014));
#7445 = CARTESIAN_POINT('',(5.094593028991,0.99997262692));
#7446 = CARTESIAN_POINT('',(5.115000820591,0.999990879739));
#7447 = CARTESIAN_POINT('',(5.135402416833,1.));
#7448 = CARTESIAN_POINT('',(5.155797348033,1.));
#7449 = ( GEOMETRIC_REPRESENTATION_CONTEXT(2) 
PARAMETRIC_REPRESENTATION_CONTEXT() REPRESENTATION_CONTEXT('2D SPACE',''
  ) );
#7450 = PCURVE('',#6849,#7451);
#7451 = DEFINITIONAL_REPRESENTATION('',(#7452),#7499);
#7452 = B_SPLINE_CURVE_WITH_KNOTS('',5,(#7453,#7454,#7455,#7456,#7457,
    #7458,#7459,#7460,#7461,#7462,#7463,#7464,#7465,#7466,#7467,#7468,
    #7469,#7470,#7471,#7472,#7473,#7474,#7475,#7476,#7477,#7478,#7479,
    #7480,#7481,#7482,#7483,#7484,#7485,#7486,#7487,#7488,#7489,#7490,
    #7491,#7492,#7493,#7494,#7495,#7496,#7497,#7498),.UNSPECIFIED.,.F.,
  .F.,(6,4,4,4,4,4,4,4,4,4,4,6),(0.,6.077042358173E-02,0.157902634223,
    0.263261772106,0.388885823629,0.468151910232,0.547141154375,
    0.662300327247,0.772006192443,0.879406260089,0.985533218746,1.),
  .UNSPECIFIED.);
#7453 = CARTESIAN_POINT('',(0.,4.470094871225));
#7454 = CARTESIAN_POINT('',(7.134715077166E-02,4.466365980379));
#7455 = CARTESIAN_POINT('',(0.142160429795,4.462628211888));
#7456 = CARTESIAN_POINT('',(0.212415691564,4.45888859182));
#7457 = CARTESIAN_POINT('',(0.282089917886,4.45515424792));
#7458 = CARTESIAN_POINT('',(0.461561107565,4.445483621369));
#7459 = CARTESIAN_POINT('',(0.570426744603,4.439566407718));
#7460 = CARTESIAN_POINT('',(0.677657876895,4.433710655367));
#7461 = CARTESIAN_POINT('',(0.783212734006,4.427942962452));
#7462 = CARTESIAN_POINT('',(0.999704014463,4.416150582893));
#7463 = CARTESIAN_POINT('',(1.110347221587,4.410145054246));
#7464 = CARTESIAN_POINT('',(1.218963005841,4.404298573237));
#7465 = CARTESIAN_POINT('',(1.32560383658,4.398631391716));
#7466 = CARTESIAN_POINT('',(1.555238640697,4.386630497853));
#7467 = CARTESIAN_POINT('',(1.677434267298,4.38037817064));
#7468 = CARTESIAN_POINT('',(1.797092203386,4.374422822305));
#7469 = CARTESIAN_POINT('',(1.914437642023,4.368773579158));
#7470 = CARTESIAN_POINT('',(2.102467658553,4.360062320413));
#7471 = CARTESIAN_POINT('',(2.174390954975,4.356814880459));
#7472 = CARTESIAN_POINT('',(2.245558438123,4.353690625495));
#7473 = CARTESIAN_POINT('',(2.316035283338,4.350689116498));
#7474 = CARTESIAN_POINT('',(2.455497722438,4.344939652867));
#7475 = CARTESIAN_POINT('',(2.524487194037,4.342190883143));
#7476 = CARTESIAN_POINT('',(2.592922822747,4.339562013826));
#7477 = CARTESIAN_POINT('',(2.660869630053,4.337051717356));
#7478 = CARTESIAN_POINT('',(2.826832862363,4.331169089538));
#7479 = CARTESIAN_POINT('',(2.924369708525,4.327928470756));
#7480 = CARTESIAN_POINT('',(3.021204263246,4.324931525335));
#7481 = CARTESIAN_POINT('',(3.117523268922,4.322172971159));
#7482 = CARTESIAN_POINT('',(3.30496253145,4.317241972689));
#7483 = CARTESIAN_POINT('',(3.396111271405,4.31504800421));
#7484 = CARTESIAN_POINT('',(3.487124353152,4.313061357828));
#7485 = CARTESIAN_POINT('',(3.578155292801,4.311278005602));
#7486 = CARTESIAN_POINT('',(3.758649502137,4.308143943443));
#7487 = CARTESIAN_POINT('',(3.848104510563,4.306784945432));
#7488 = CARTESIAN_POINT('',(3.937872486923,4.305613952033));
#7489 = CARTESIAN_POINT('',(4.028096542258,4.304628062232));
#7490 = CARTESIAN_POINT('',(4.208677931047,4.30303098768));
#7491 = CARTESIAN_POINT('',(4.299020311209,4.302415506054));
#7492 = CARTESIAN_POINT('',(4.390096113379,4.301975896887));
#7493 = CARTESIAN_POINT('',(4.482049684307,4.301710149051));
#7494 = CARTESIAN_POINT('',(4.587709015265,4.301603736615));
#7495 = CARTESIAN_POINT('',(4.600403364479,4.301594169055));
#7496 = CARTESIAN_POINT('',(4.613117242116,4.30158779503));
#7497 = CARTESIAN_POINT('',(4.625851035031,4.301584610165));
#7498 = CARTESIAN_POINT('',(4.638605132285,4.301584610165));
#7499 = ( GEOMETRIC_REPRESENTATION_CONTEXT(2) 
PARAMETRIC_REPRESENTATION_CONTEXT() REPRESENTATION_CONTEXT('2D SPACE',''
  ) );
#7500 = ORIENTED_EDGE('',*,*,#7501,.F.);
#7501 = EDGE_CURVE('',#6126,#7350,#7502,.T.);
#7502 = SURFACE_CURVE('',#7503,(#7506,#7513),.PCURVE_S1.);
#7503 = B_SPLINE_CURVE_WITH_KNOTS('',1,(#7504,#7505),.UNSPECIFIED.,.F.,
  .F.,(2,2),(0.,1.),.PIECEWISE_BEZIER_KNOTS.);
#7504 = CARTESIAN_POINT('',(10.,1.221245327088E-15,5.5));
#7505 = CARTESIAN_POINT('',(9.650792305083,10.,5.150792305083));
#7506 = PCURVE('',#6169,#7507);
#7507 = DEFINITIONAL_REPRESENTATION('',(#7508),#7512);
#7508 = LINE('',#7509,#7510);
#7509 = CARTESIAN_POINT('',(0.,0.));
#7510 = VECTOR('',#7511,1.);
#7511 = DIRECTION('',(0.,1.));
#7512 = ( GEOMETRIC_REPRESENTATION_CONTEXT(2) 
PARAMETRIC_REPRESENTATION_CONTEXT() REPRESENTATION_CONTEXT('2D SPACE',''
  ) );
#7513 = PCURVE('',#6141,#7514);
#7514 = DEFINITIONAL_REPRESENTATION('',(#7515),#7519);
#7515 = LINE('',#7516,#7517);
#7516 = CARTESIAN_POINT('',(5.,0.));
#7517 = VECTOR('',#7518,1.);
#7518 = DIRECTION('',(0.,1.));
#7519 = ( GEOMETRIC_REPRESENTATION_CONTEXT(2) 
PARAMETRIC_REPRESENTATION_CONTEXT() REPRESENTATION_CONTEXT('2D SPACE',''
  ) );
#7520 = ORIENTED_EDGE('',*,*,#6153,.T.);
#7521 = ADVANCED_FACE('',(#7522),#6141,.F.);
#7522 = FACE_BOUND('',#7523,.F.);
#7523 = EDGE_LOOP('',(#7524,#7525,#7547,#7548));
#7524 = ORIENTED_EDGE('',*,*,#7501,.T.);
#7525 = ORIENTED_EDGE('',*,*,#7526,.F.);
#7526 = EDGE_CURVE('',#6726,#7350,#7527,.T.);
#7527 = SURFACE_CURVE('',#7528,(#7534,#7540),.PCURVE_S1.);
#7528 = B_SPLINE_CURVE_WITH_KNOTS('',2,(#7529,#7530,#7531,#7532,#7533),
  .UNSPECIFIED.,.F.,.F.,(3,1,1,3),(-0.431767239202,-0.16851026106,
    4.470094871225,4.733351849367),.UNSPECIFIED.);
#7529 = CARTESIAN_POINT('',(4.917440455715,5.174497483513,5.319302566143
    ));
#7530 = CARTESIAN_POINT('',(5.049068944786,5.174497483513,5.319302566143
    ));
#7531 = CARTESIAN_POINT('',(7.5,5.174497483513,5.319302566143));
#7532 = CARTESIAN_POINT('',(9.950931055214,5.174497483513,5.319302566143
    ));
#7533 = CARTESIAN_POINT('',(10.082559544285,5.174497483513,
    5.319302566143));
#7534 = PCURVE('',#6141,#7535);
#7535 = DEFINITIONAL_REPRESENTATION('',(#7536),#7539);
#7536 = B_SPLINE_CURVE_WITH_KNOTS('',1,(#7537,#7538),.UNSPECIFIED.,.F.,
  .F.,(2,2),(-0.16851026106,4.470094871225),.PIECEWISE_BEZIER_KNOTS.);
#7537 = CARTESIAN_POINT('',(1.4847033866E-15,0.517449748351));
#7538 = CARTESIAN_POINT('',(5.,0.517449748351));
#7539 = ( GEOMETRIC_REPRESENTATION_CONTEXT(2) 
PARAMETRIC_REPRESENTATION_CONTEXT() REPRESENTATION_CONTEXT('2D SPACE',''
  ) );
#7540 = PCURVE('',#6849,#7541);
#7541 = DEFINITIONAL_REPRESENTATION('',(#7542),#7546);
#7542 = LINE('',#7543,#7544);
#7543 = CARTESIAN_POINT('',(0.,0.));
#7544 = VECTOR('',#7545,1.);
#7545 = DIRECTION('',(0.,1.));
#7546 = ( GEOMETRIC_REPRESENTATION_CONTEXT(2) 
PARAMETRIC_REPRESENTATION_CONTEXT() REPRESENTATION_CONTEXT('2D SPACE',''
  ) );
#7547 = ORIENTED_EDGE('',*,*,#6725,.F.);
#7548 = ORIENTED_EDGE('',*,*,#6125,.T.);
#7549 = ADVANCED_FACE('',(#7550,#7576),#6249,.T.);
#7550 = FACE_BOUND('',#7551,.T.);
#7551 = EDGE_LOOP('',(#7552,#7553,#7574,#7575));
#7552 = ORIENTED_EDGE('',*,*,#6423,.T.);
#7553 = ORIENTED_EDGE('',*,*,#7554,.T.);
#7554 = EDGE_CURVE('',#6396,#6450,#7555,.T.);
#7555 = SURFACE_CURVE('',#7556,(#7560,#7567),.PCURVE_S1.);
#7556 = LINE('',#7557,#7558);
#7557 = CARTESIAN_POINT('',(1.196826461833E-14,4.,-9.650045345896));
#7558 = VECTOR('',#7559,1.);
#7559 = DIRECTION('',(1.,-1.110223024625E-15,5.551115123126E-17));
#7560 = PCURVE('',#6249,#7561);
#7561 = DEFINITIONAL_REPRESENTATION('',(#7562),#7566);
#7562 = LINE('',#7563,#7564);
#7563 = CARTESIAN_POINT('',(0.,0.));
#7564 = VECTOR('',#7565,1.);
#7565 = DIRECTION('',(1.054711873394E-15,-1.));
#7566 = ( GEOMETRIC_REPRESENTATION_CONTEXT(2) 
PARAMETRIC_REPRESENTATION_CONTEXT() REPRESENTATION_CONTEXT('2D SPACE',''
  ) );
#7567 = PCURVE('',#6411,#7568);
#7568 = DEFINITIONAL_REPRESENTATION('',(#7569),#7573);
#7569 = LINE('',#7570,#7571);
#7570 = CARTESIAN_POINT('',(6.497913232184,-8.126872815503E-15));
#7571 = VECTOR('',#7572,1.);
#7572 = DIRECTION('',(1.527908556149E-15,-1.));
#7573 = ( GEOMETRIC_REPRESENTATION_CONTEXT(2) 
PARAMETRIC_REPRESENTATION_CONTEXT() REPRESENTATION_CONTEXT('2D SPACE',''
  ) );
#7574 = ORIENTED_EDGE('',*,*,#6449,.T.);
#7575 = ORIENTED_EDGE('',*,*,#6233,.F.);
#7576 = FACE_BOUND('',#7577,.T.);
#7577 = EDGE_LOOP('',(#7578));
#7578 = ORIENTED_EDGE('',*,*,#7579,.F.);
#7579 = EDGE_CURVE('',#7580,#7580,#7582,.T.);
#7580 = VERTEX_POINT('',#7581);
#7581 = CARTESIAN_POINT('',(9.5,4.,-12.));
#7582 = SURFACE_CURVE('',#7583,(#7588,#7595),.PCURVE_S1.);
#7583 = CIRCLE('',#7584,2.);
#7584 = AXIS2_PLACEMENT_3D('',#7585,#7586,#7587);
#7585 = CARTESIAN_POINT('',(7.5,4.,-12.));
#7586 = DIRECTION('',(3.885780586188E-16,1.,-4.996003610813E-16));
#7587 = DIRECTION('',(1.,-3.885780586188E-16,1.110223024625E-16));
#7588 = PCURVE('',#6249,#7589);
#7589 = DEFINITIONAL_REPRESENTATION('',(#7590),#7594);
#7590 = CIRCLE('',#7591,2.);
#7591 = AXIS2_PLACEMENT_2D('',#7592,#7593);
#7592 = CARTESIAN_POINT('',(2.349954654104,-7.5));
#7593 = DIRECTION('',(1.221245327088E-15,-1.));
#7594 = ( GEOMETRIC_REPRESENTATION_CONTEXT(2) 
PARAMETRIC_REPRESENTATION_CONTEXT() REPRESENTATION_CONTEXT('2D SPACE',''
  ) );
#7595 = PCURVE('',#6709,#7596);
#7596 = DEFINITIONAL_REPRESENTATION('',(#7597),#7601);
#7597 = LINE('',#7598,#7599);
#7598 = CARTESIAN_POINT('',(-6.28318530718,2.));
#7599 = VECTOR('',#7600,1.);
#7600 = DIRECTION('',(1.,-0.));
#7601 = ( GEOMETRIC_REPRESENTATION_CONTEXT(2) 
PARAMETRIC_REPRESENTATION_CONTEXT() REPRESENTATION_CONTEXT('2D SPACE',''
  ) );
#7602 = ADVANCED_FACE('',(#7603),#6411,.T.);
#7603 = FACE_BOUND('',#7604,.T.);
#7604 = EDGE_LOOP('',(#7605,#7606,#7627,#7628));
#7605 = ORIENTED_EDGE('',*,*,#6395,.T.);
#7606 = ORIENTED_EDGE('',*,*,#7607,.T.);
#7607 = EDGE_CURVE('',#6368,#6473,#7608,.T.);
#7608 = SURFACE_CURVE('',#7609,(#7613,#7620),.PCURVE_S1.);
#7609 = LINE('',#7610,#7611);
#7610 = CARTESIAN_POINT('',(5.329070518201E-15,9.,-5.5));
#7611 = VECTOR('',#7612,1.);
#7612 = DIRECTION('',(1.,-1.110223024625E-15,5.551115123126E-17));
#7613 = PCURVE('',#6411,#7614);
#7614 = DEFINITIONAL_REPRESENTATION('',(#7615),#7619);
#7615 = LINE('',#7616,#7617);
#7616 = CARTESIAN_POINT('',(0.,0.));
#7617 = VECTOR('',#7618,1.);
#7618 = DIRECTION('',(1.527908556149E-15,-1.));
#7619 = ( GEOMETRIC_REPRESENTATION_CONTEXT(2) 
PARAMETRIC_REPRESENTATION_CONTEXT() REPRESENTATION_CONTEXT('2D SPACE',''
  ) );
#7620 = PCURVE('',#6383,#7621);
#7621 = DEFINITIONAL_REPRESENTATION('',(#7622),#7626);
#7622 = LINE('',#7623,#7624);
#7623 = CARTESIAN_POINT('',(11.,-9.769962616701E-15));
#7624 = VECTOR('',#7625,1.);
#7625 = DIRECTION('',(1.054711873394E-15,-1.));
#7626 = ( GEOMETRIC_REPRESENTATION_CONTEXT(2) 
PARAMETRIC_REPRESENTATION_CONTEXT() REPRESENTATION_CONTEXT('2D SPACE',''
  ) );
#7627 = ORIENTED_EDGE('',*,*,#6472,.T.);
#7628 = ORIENTED_EDGE('',*,*,#7554,.F.);
#7629 = ADVANCED_FACE('',(#7630,#7656),#6383,.T.);
#7630 = FACE_BOUND('',#7631,.T.);
#7631 = EDGE_LOOP('',(#7632,#7633,#7654,#7655));
#7632 = ORIENTED_EDGE('',*,*,#6367,.T.);
#7633 = ORIENTED_EDGE('',*,*,#7634,.T.);
#7634 = EDGE_CURVE('',#6340,#6496,#7635,.T.);
#7635 = SURFACE_CURVE('',#7636,(#7640,#7647),.PCURVE_S1.);
#7636 = LINE('',#7637,#7638);
#7637 = CARTESIAN_POINT('',(-9.325873406851E-15,9.,5.5));
#7638 = VECTOR('',#7639,1.);
#7639 = DIRECTION('',(1.,-1.110223024625E-15,5.551115123126E-17));
#7640 = PCURVE('',#6383,#7641);
#7641 = DEFINITIONAL_REPRESENTATION('',(#7642),#7646);
#7642 = LINE('',#7643,#7644);
#7643 = CARTESIAN_POINT('',(0.,0.));
#7644 = VECTOR('',#7645,1.);
#7645 = DIRECTION('',(1.054711873394E-15,-1.));
#7646 = ( GEOMETRIC_REPRESENTATION_CONTEXT(2) 
PARAMETRIC_REPRESENTATION_CONTEXT() REPRESENTATION_CONTEXT('2D SPACE',''
  ) );
#7647 = PCURVE('',#6355,#7648);
#7648 = DEFINITIONAL_REPRESENTATION('',(#7649),#7653);
#7649 = LINE('',#7650,#7651);
#7650 = CARTESIAN_POINT('',(6.497913232184,7.549113814986E-16));
#7651 = VECTOR('',#7652,1.);
#7652 = DIRECTION('',(-1.806753921968E-16,-1.));
#7653 = ( GEOMETRIC_REPRESENTATION_CONTEXT(2) 
PARAMETRIC_REPRESENTATION_CONTEXT() REPRESENTATION_CONTEXT('2D SPACE',''
  ) );
#7654 = ORIENTED_EDGE('',*,*,#6495,.T.);
#7655 = ORIENTED_EDGE('',*,*,#7607,.F.);
#7656 = FACE_BOUND('',#7657,.T.);
#7657 = EDGE_LOOP('',(#7658,#7685,#7686,#7713));
#7658 = ORIENTED_EDGE('',*,*,#7659,.F.);
#7659 = EDGE_CURVE('',#7178,#6916,#7660,.T.);
#7660 = SURFACE_CURVE('',#7661,(#7667,#7676),.PCURVE_S1.);
#7661 = B_SPLINE_CURVE_WITH_KNOTS('',4,(#7662,#7663,#7664,#7665,#7666),
  .UNSPECIFIED.,.F.,.F.,(5,5),(0.,1.),.PIECEWISE_BEZIER_KNOTS.);
#7662 = CARTESIAN_POINT('',(9.819303166143,9.,-3.322348431047));
#7663 = CARTESIAN_POINT('',(8.659651583071,9.,-3.322348431047));
#7664 = CARTESIAN_POINT('',(7.5,9.,-3.322348431047));
#7665 = CARTESIAN_POINT('',(6.340348416929,9.,-3.322348431047));
#7666 = CARTESIAN_POINT('',(5.180696833857,9.,-3.322348431047));
#7667 = PCURVE('',#6383,#7668);
#7668 = DEFINITIONAL_REPRESENTATION('',(#7669),#7675);
#7669 = B_SPLINE_CURVE_WITH_KNOTS('',4,(#7670,#7671,#7672,#7673,#7674),
  .UNSPECIFIED.,.F.,.F.,(5,5),(0.,1.),.PIECEWISE_BEZIER_KNOTS.);
#7670 = CARTESIAN_POINT('',(8.822348431047,-9.819303166143));
#7671 = CARTESIAN_POINT('',(8.822348431047,-8.659651583071));
#7672 = CARTESIAN_POINT('',(8.822348431047,-7.5));
#7673 = CARTESIAN_POINT('',(8.822348431047,-6.340348416929));
#7674 = CARTESIAN_POINT('',(8.822348431047,-5.180696833857));
#7675 = ( GEOMETRIC_REPRESENTATION_CONTEXT(2) 
PARAMETRIC_REPRESENTATION_CONTEXT() REPRESENTATION_CONTEXT('2D SPACE',''
  ) );
#7676 = PCURVE('',#7037,#7677);
#7677 = DEFINITIONAL_REPRESENTATION('',(#7678),#7684);
#7678 = B_SPLINE_CURVE_WITH_KNOTS('',4,(#7679,#7680,#7681,#7682,#7683),
  .UNSPECIFIED.,.F.,.F.,(5,5),(0.,1.),.PIECEWISE_BEZIER_KNOTS.);
#7679 = CARTESIAN_POINT('',(2.67694740408,-0.16851086106));
#7680 = CARTESIAN_POINT('',(2.67694740408,0.991140722011));
#7681 = CARTESIAN_POINT('',(2.67694740408,2.150792305083));
#7682 = CARTESIAN_POINT('',(2.67694740408,3.310443888154));
#7683 = CARTESIAN_POINT('',(2.67694740408,4.470095471225));
#7684 = ( GEOMETRIC_REPRESENTATION_CONTEXT(2) 
PARAMETRIC_REPRESENTATION_CONTEXT() REPRESENTATION_CONTEXT('2D SPACE',''
  ) );
#7685 = ORIENTED_EDGE('',*,*,#7329,.T.);
#7686 = ORIENTED_EDGE('',*,*,#7687,.F.);
#7687 = EDGE_CURVE('',#6748,#7330,#7688,.T.);
#7688 = SURFACE_CURVE('',#7689,(#7695,#7704),.PCURVE_S1.);
#7689 = B_SPLINE_CURVE_WITH_KNOTS('',4,(#7690,#7691,#7692,#7693,#7694),
  .UNSPECIFIED.,.F.,.F.,(5,5),(0.,1.),.PIECEWISE_BEZIER_KNOTS.);
#7690 = CARTESIAN_POINT('',(5.180696833857,9.,3.322348431047));
#7691 = CARTESIAN_POINT('',(6.340348416929,9.,3.322348431047));
#7692 = CARTESIAN_POINT('',(7.5,9.,3.322348431047));
#7693 = CARTESIAN_POINT('',(8.659651583071,9.,3.322348431047));
#7694 = CARTESIAN_POINT('',(9.819303166143,9.,3.322348431047));
#7695 = PCURVE('',#6383,#7696);
#7696 = DEFINITIONAL_REPRESENTATION('',(#7697),#7703);
#7697 = B_SPLINE_CURVE_WITH_KNOTS('',4,(#7698,#7699,#7700,#7701,#7702),
  .UNSPECIFIED.,.F.,.F.,(5,5),(0.,1.),.PIECEWISE_BEZIER_KNOTS.);
#7698 = CARTESIAN_POINT('',(2.177651568953,-5.180696833857));
#7699 = CARTESIAN_POINT('',(2.177651568953,-6.340348416929));
#7700 = CARTESIAN_POINT('',(2.177651568953,-7.5));
#7701 = CARTESIAN_POINT('',(2.177651568953,-8.659651583071));
#7702 = CARTESIAN_POINT('',(2.177651568953,-9.819303166143));
#7703 = ( GEOMETRIC_REPRESENTATION_CONTEXT(2) 
PARAMETRIC_REPRESENTATION_CONTEXT() REPRESENTATION_CONTEXT('2D SPACE',''
  ) );
#7704 = PCURVE('',#6849,#7705);
#7705 = DEFINITIONAL_REPRESENTATION('',(#7706),#7712);
#7706 = B_SPLINE_CURVE_WITH_KNOTS('',4,(#7707,#7708,#7709,#7710,#7711),
  .UNSPECIFIED.,.F.,.F.,(5,5),(0.,1.),.PIECEWISE_BEZIER_KNOTS.);
#7707 = CARTESIAN_POINT('',(2.67694740408,-0.16851086106));
#7708 = CARTESIAN_POINT('',(2.67694740408,0.991140722011));
#7709 = CARTESIAN_POINT('',(2.67694740408,2.150792305082));
#7710 = CARTESIAN_POINT('',(2.67694740408,3.310443888154));
#7711 = CARTESIAN_POINT('',(2.67694740408,4.470095471225));
#7712 = ( GEOMETRIC_REPRESENTATION_CONTEXT(2) 
PARAMETRIC_REPRESENTATION_CONTEXT() REPRESENTATION_CONTEXT('2D SPACE',''
  ) );
#7713 = ORIENTED_EDGE('',*,*,#6915,.T.);
#7714 = ADVANCED_FACE('',(#7715),#6355,.T.);
#7715 = FACE_BOUND('',#7716,.T.);
#7716 = EDGE_LOOP('',(#7717,#7718,#7739,#7740));
#7717 = ORIENTED_EDGE('',*,*,#6339,.T.);
#7718 = ORIENTED_EDGE('',*,*,#7719,.T.);
#7719 = EDGE_CURVE('',#6312,#6519,#7720,.T.);
#7720 = SURFACE_CURVE('',#7721,(#7725,#7732),.PCURVE_S1.);
#7721 = LINE('',#7722,#7723);
#7722 = CARTESIAN_POINT('',(-1.374462145773E-14,4.,9.650045345896));
#7723 = VECTOR('',#7724,1.);
#7724 = DIRECTION('',(1.,-1.110223024625E-15,5.551115123126E-17));
#7725 = PCURVE('',#6355,#7726);
#7726 = DEFINITIONAL_REPRESENTATION('',(#7727),#7731);
#7727 = LINE('',#7728,#7729);
#7728 = CARTESIAN_POINT('',(0.,0.));
#7729 = VECTOR('',#7730,1.);
#7730 = DIRECTION('',(-1.806753921968E-16,-1.));
#7731 = ( GEOMETRIC_REPRESENTATION_CONTEXT(2) 
PARAMETRIC_REPRESENTATION_CONTEXT() REPRESENTATION_CONTEXT('2D SPACE',''
  ) );
#7732 = PCURVE('',#6327,#7733);
#7733 = DEFINITIONAL_REPRESENTATION('',(#7734),#7738);
#7734 = LINE('',#7735,#7736);
#7735 = CARTESIAN_POINT('',(7.,-6.217248937901E-15));
#7736 = VECTOR('',#7737,1.);
#7737 = DIRECTION('',(1.054711873394E-15,-1.));
#7738 = ( GEOMETRIC_REPRESENTATION_CONTEXT(2) 
PARAMETRIC_REPRESENTATION_CONTEXT() REPRESENTATION_CONTEXT('2D SPACE',''
  ) );
#7739 = ORIENTED_EDGE('',*,*,#6518,.T.);
#7740 = ORIENTED_EDGE('',*,*,#7634,.F.);
#7741 = ADVANCED_FACE('',(#7742,#7748),#6327,.T.);
#7742 = FACE_BOUND('',#7743,.T.);
#7743 = EDGE_LOOP('',(#7744,#7745,#7746,#7747));
#7744 = ORIENTED_EDGE('',*,*,#6311,.T.);
#7745 = ORIENTED_EDGE('',*,*,#6591,.T.);
#7746 = ORIENTED_EDGE('',*,*,#6541,.T.);
#7747 = ORIENTED_EDGE('',*,*,#7719,.F.);
#7748 = FACE_BOUND('',#7749,.T.);
#7749 = EDGE_LOOP('',(#7750));
#7750 = ORIENTED_EDGE('',*,*,#7751,.F.);
#7751 = EDGE_CURVE('',#7752,#7752,#7754,.T.);
#7752 = VERTEX_POINT('',#7753);
#7753 = CARTESIAN_POINT('',(9.5,4.,12.));
#7754 = SURFACE_CURVE('',#7755,(#7760,#7767),.PCURVE_S1.);
#7755 = CIRCLE('',#7756,2.);
#7756 = AXIS2_PLACEMENT_3D('',#7757,#7758,#7759);
#7757 = CARTESIAN_POINT('',(7.5,4.,12.));
#7758 = DIRECTION('',(3.885780586188E-16,1.,-4.996003610813E-16));
#7759 = DIRECTION('',(1.,-3.885780586188E-16,1.110223024625E-16));
#7760 = PCURVE('',#6327,#7761);
#7761 = DEFINITIONAL_REPRESENTATION('',(#7762),#7766);
#7762 = CIRCLE('',#7763,2.);
#7763 = AXIS2_PLACEMENT_2D('',#7764,#7765);
#7764 = CARTESIAN_POINT('',(4.650045345896,-7.5));
#7765 = DIRECTION('',(1.221245327088E-15,-1.));
#7766 = ( GEOMETRIC_REPRESENTATION_CONTEXT(2) 
PARAMETRIC_REPRESENTATION_CONTEXT() REPRESENTATION_CONTEXT('2D SPACE',''
  ) );
#7767 = PCURVE('',#6654,#7768);
#7768 = DEFINITIONAL_REPRESENTATION('',(#7769),#7773);
#7769 = LINE('',#7770,#7771);
#7770 = CARTESIAN_POINT('',(-6.28318530718,2.));
#7771 = VECTOR('',#7772,1.);
#7772 = DIRECTION('',(1.,-0.));
#7773 = ( GEOMETRIC_REPRESENTATION_CONTEXT(2) 
PARAMETRIC_REPRESENTATION_CONTEXT() REPRESENTATION_CONTEXT('2D SPACE',''
  ) );
#7774 = ADVANCED_FACE('',(#7775),#6654,.F.);
#7775 = FACE_BOUND('',#7776,.T.);
#7776 = EDGE_LOOP('',(#7777,#7798,#7799,#7800));
#7777 = ORIENTED_EDGE('',*,*,#7778,.F.);
#7778 = EDGE_CURVE('',#6617,#7752,#7779,.T.);
#7779 = SEAM_CURVE('',#7780,(#7784,#7791),.PCURVE_S1.);
#7780 = LINE('',#7781,#7782);
#7781 = CARTESIAN_POINT('',(9.5,2.,12.));
#7782 = VECTOR('',#7783,1.);
#7783 = DIRECTION('',(3.089316242435E-16,1.,-4.996003610813E-16));
#7784 = PCURVE('',#6654,#7785);
#7785 = DEFINITIONAL_REPRESENTATION('',(#7786),#7790);
#7786 = LINE('',#7787,#7788);
#7787 = CARTESIAN_POINT('',(-0.,0.));
#7788 = VECTOR('',#7789,1.);
#7789 = DIRECTION('',(-0.,1.));
#7790 = ( GEOMETRIC_REPRESENTATION_CONTEXT(2) 
PARAMETRIC_REPRESENTATION_CONTEXT() REPRESENTATION_CONTEXT('2D SPACE',''
  ) );
#7791 = PCURVE('',#6654,#7792);
#7792 = DEFINITIONAL_REPRESENTATION('',(#7793),#7797);
#7793 = LINE('',#7794,#7795);
#7794 = CARTESIAN_POINT('',(-6.28318530718,0.));
#7795 = VECTOR('',#7796,1.);
#7796 = DIRECTION('',(-0.,1.));
#7797 = ( GEOMETRIC_REPRESENTATION_CONTEXT(2) 
PARAMETRIC_REPRESENTATION_CONTEXT() REPRESENTATION_CONTEXT('2D SPACE',''
  ) );
#7798 = ORIENTED_EDGE('',*,*,#6639,.T.);
#7799 = ORIENTED_EDGE('',*,*,#7778,.T.);
#7800 = ORIENTED_EDGE('',*,*,#7751,.T.);
#7801 = ADVANCED_FACE('',(#7802),#6709,.F.);
#7802 = FACE_BOUND('',#7803,.T.);
#7803 = EDGE_LOOP('',(#7804,#7825,#7826,#7827));
#7804 = ORIENTED_EDGE('',*,*,#7805,.F.);
#7805 = EDGE_CURVE('',#6672,#7580,#7806,.T.);
#7806 = SEAM_CURVE('',#7807,(#7811,#7818),.PCURVE_S1.);
#7807 = LINE('',#7808,#7809);
#7808 = CARTESIAN_POINT('',(9.5,2.,-12.));
#7809 = VECTOR('',#7810,1.);
#7810 = DIRECTION('',(3.089316242435E-16,1.,-4.996003610813E-16));
#7811 = PCURVE('',#6709,#7812);
#7812 = DEFINITIONAL_REPRESENTATION('',(#7813),#7817);
#7813 = LINE('',#7814,#7815);
#7814 = CARTESIAN_POINT('',(-0.,0.));
#7815 = VECTOR('',#7816,1.);
#7816 = DIRECTION('',(-0.,1.));
#7817 = ( GEOMETRIC_REPRESENTATION_CONTEXT(2) 
PARAMETRIC_REPRESENTATION_CONTEXT() REPRESENTATION_CONTEXT('2D SPACE',''
  ) );
#7818 = PCURVE('',#6709,#7819);
#7819 = DEFINITIONAL_REPRESENTATION('',(#7820),#7824);
#7820 = LINE('',#7821,#7822);
#7821 = CARTESIAN_POINT('',(-6.28318530718,0.));
#7822 = VECTOR('',#7823,1.);
#7823 = DIRECTION('',(-0.,1.));
#7824 = ( GEOMETRIC_REPRESENTATION_CONTEXT(2) 
PARAMETRIC_REPRESENTATION_CONTEXT() REPRESENTATION_CONTEXT('2D SPACE',''
  ) );
#7825 = ORIENTED_EDGE('',*,*,#6694,.T.);
#7826 = ORIENTED_EDGE('',*,*,#7805,.T.);
#7827 = ORIENTED_EDGE('',*,*,#7579,.T.);
#7828 = ADVANCED_FACE('',(#7829),#7037,.T.);
#7829 = FACE_BOUND('',#7830,.T.);
#7830 = EDGE_LOOP('',(#7831,#7832,#7833,#7834));
#7831 = ORIENTED_EDGE('',*,*,#7128,.F.);
#7832 = ORIENTED_EDGE('',*,*,#7177,.T.);
#7833 = ORIENTED_EDGE('',*,*,#7659,.T.);
#7834 = ORIENTED_EDGE('',*,*,#6935,.F.);
#7835 = ADVANCED_FACE('',(#7836),#6849,.T.);
#7836 = FACE_BOUND('',#7837,.T.);
#7837 = EDGE_LOOP('',(#7838,#7839,#7840,#7841));
#7838 = ORIENTED_EDGE('',*,*,#7526,.F.);
#7839 = ORIENTED_EDGE('',*,*,#6747,.T.);
#7840 = ORIENTED_EDGE('',*,*,#7687,.T.);
#7841 = ORIENTED_EDGE('',*,*,#7349,.F.);
#7842 = ( GEOMETRIC_REPRESENTATION_CONTEXT(3) 
GLOBAL_UNCERTAINTY_ASSIGNED_CONTEXT((#7846)) 
GLOBAL_UNIT_ASSIGNED_CONTEXT((#7843,#7844,#7845)) REPRESENTATION_CONTEXT
('Context #1','3D Context with UNIT and UNCERTAINTY') );
#7843 = ( LENGTH_UNIT() NAMED_UNIT(*) SI_UNIT(.MILLI.,.METRE.) );
#7844 = ( NAMED_UNIT(*) PLANE_ANGLE_UNIT() SI_UNIT($,.RADIAN.) );
#7845 = ( NAMED_UNIT(*) SI_UNIT($,.STERADIAN.) SOLID_ANGLE_UNIT() );
#7846 = UNCERTAINTY_MEASURE_WITH_UNIT(LENGTH_MEASURE(5.E-07),#7843,
  'distance_accuracy_value','confusion accuracy');
#7847 = CONTEXT_DEPENDENT_SHAPE_REPRESENTATION(#7848,#7850);
#7848 = ( REPRESENTATION_RELATIONSHIP('','',#5907,#10) 
REPRESENTATION_RELATIONSHIP_WITH_TRANSFORMATION(#7849) 
SHAPE_REPRESENTATION_RELATIONSHIP() );
#7849 = ITEM_DEFINED_TRANSFORMATION('','',#11,#27);
#7850 = PRODUCT_DEFINITION_SHAPE('Placement','Placement of an item',
  #7851);
#7851 = NEXT_ASSEMBLY_USAGE_OCCURRENCE('11','Body014','',#5,#5902,$);
#7852 = PRODUCT_RELATED_PRODUCT_CATEGORY('part',$,(#5904));
#7853 = SHAPE_DEFINITION_REPRESENTATION(#7854,#7860);
#7854 = PRODUCT_DEFINITION_SHAPE('','',#7855);
#7855 = PRODUCT_DEFINITION('design','',#7856,#7859);
#7856 = PRODUCT_DEFINITION_FORMATION('','',#7857);
#7857 = PRODUCT('BodyPorts','BodyPorts','',(#7858));
#7858 = PRODUCT_CONTEXT('',#2,'mechanical');
#7859 = PRODUCT_DEFINITION_CONTEXT('part definition',#2,'design');
#7860 = ADVANCED_BREP_SHAPE_REPRESENTATION('',(#11,#7861),#9671);
#7861 = MANIFOLD_SOLID_BREP('',#7862);
#7862 = CLOSED_SHELL('',(#7863,#7975,#8606,#8651,#9051,#9075,#9099,#9123
    ,#9147,#9171,#9195,#9219,#9243,#9267,#9291,#9315,#9339,#9363,#9387,
    #9411,#9435,#9459,#9548,#9593,#9638,#9664));
#7863 = ADVANCED_FACE('',(#7864),#7878,.F.);
#7864 = FACE_BOUND('',#7865,.F.);
#7865 = EDGE_LOOP('',(#7866,#7900,#7925,#7952));
#7866 = ORIENTED_EDGE('',*,*,#7867,.T.);
#7867 = EDGE_CURVE('',#7868,#7870,#7872,.T.);
#7868 = VERTEX_POINT('',#7869);
#7869 = CARTESIAN_POINT('',(13.576506,-4.759697080914E-16,-2.143577));
#7870 = VERTEX_POINT('',#7871);
#7871 = CARTESIAN_POINT('',(28.5,-4.759697080914E-16,-2.143577));
#7872 = SURFACE_CURVE('',#7873,(#7877,#7888),.PCURVE_S1.);
#7873 = LINE('',#7874,#7875);
#7874 = CARTESIAN_POINT('',(13.576506,-4.759697080914E-16,-2.143577));
#7875 = VECTOR('',#7876,1.);
#7876 = DIRECTION('',(1.,0.,0.));
#7877 = PCURVE('',#7878,#7883);
#7878 = B_SPLINE_SURFACE_WITH_KNOTS('',1,1,(
    (#7879,#7880)
    ,(#7881,#7882
  )),.UNSPECIFIED.,.F.,.F.,.F.,(2,2),(2,2),(0.,14.923494),(0.,1.),
  .PIECEWISE_BEZIER_KNOTS.);
#7879 = CARTESIAN_POINT('',(13.576506,-4.759697080914E-16,-2.143577));
#7880 = CARTESIAN_POINT('',(13.786286435831,3.,-1.933796564169));
#7881 = CARTESIAN_POINT('',(28.5,-4.759697080914E-16,-2.143577));
#7882 = CARTESIAN_POINT('',(28.709780435831,3.,-1.933796564169));
#7883 = DEFINITIONAL_REPRESENTATION('',(#7884),#7887);
#7884 = B_SPLINE_CURVE_WITH_KNOTS('',1,(#7885,#7886),.UNSPECIFIED.,.F.,
  .F.,(2,2),(0.,14.923494),.PIECEWISE_BEZIER_KNOTS.);
#7885 = CARTESIAN_POINT('',(0.,0.));
#7886 = CARTESIAN_POINT('',(14.923494,0.));
#7887 = ( GEOMETRIC_REPRESENTATION_CONTEXT(2) 
PARAMETRIC_REPRESENTATION_CONTEXT() REPRESENTATION_CONTEXT('2D SPACE',''
  ) );
#7888 = PCURVE('',#7889,#7894);
#7889 = PLANE('',#7890);
#7890 = AXIS2_PLACEMENT_3D('',#7891,#7892,#7893);
#7891 = CARTESIAN_POINT('',(38.084505952768,1.781854083494E-14,
    80.247573864507));
#7892 = DIRECTION('',(0.,-1.,2.22044604925E-16));
#7893 = DIRECTION('',(1.,0.,0.));
#7894 = DEFINITIONAL_REPRESENTATION('',(#7895),#7899);
#7895 = LINE('',#7896,#7897);
#7896 = CARTESIAN_POINT('',(-24.50799995276,-82.3911508645));
#7897 = VECTOR('',#7898,1.);
#7898 = DIRECTION('',(1.,0.));
#7899 = ( GEOMETRIC_REPRESENTATION_CONTEXT(2) 
PARAMETRIC_REPRESENTATION_CONTEXT() REPRESENTATION_CONTEXT('2D SPACE',''
  ) );
#7900 = ORIENTED_EDGE('',*,*,#7901,.T.);
#7901 = EDGE_CURVE('',#7870,#7902,#7904,.T.);
#7902 = VERTEX_POINT('',#7903);
#7903 = CARTESIAN_POINT('',(28.709780435831,3.,-1.933796564169));
#7904 = SURFACE_CURVE('',#7905,(#7908,#7914),.PCURVE_S1.);
#7905 = B_SPLINE_CURVE_WITH_KNOTS('',1,(#7906,#7907),.UNSPECIFIED.,.F.,
  .F.,(2,2),(0.,1.),.PIECEWISE_BEZIER_KNOTS.);
#7906 = CARTESIAN_POINT('',(28.5,-4.759697080914E-16,-2.143577));
#7907 = CARTESIAN_POINT('',(28.709780435831,3.,-1.933796564169));
#7908 = PCURVE('',#7878,#7909);
#7909 = DEFINITIONAL_REPRESENTATION('',(#7910),#7913);
#7910 = B_SPLINE_CURVE_WITH_KNOTS('',1,(#7911,#7912),.UNSPECIFIED.,.F.,
  .F.,(2,2),(0.,1.),.PIECEWISE_BEZIER_KNOTS.);
#7911 = CARTESIAN_POINT('',(14.923494,0.));
#7912 = CARTESIAN_POINT('',(14.923494,1.));
#7913 = ( GEOMETRIC_REPRESENTATION_CONTEXT(2) 
PARAMETRIC_REPRESENTATION_CONTEXT() REPRESENTATION_CONTEXT('2D SPACE',''
  ) );
#7914 = PCURVE('',#7915,#7920);
#7915 = B_SPLINE_SURFACE_WITH_KNOTS('',1,1,(
    (#7916,#7917)
    ,(#7918,#7919
  )),.UNSPECIFIED.,.F.,.F.,.F.,(2,2),(2,2),(0.,33.149361),(0.,1.),
  .PIECEWISE_BEZIER_KNOTS.);
#7916 = CARTESIAN_POINT('',(28.5,-4.759697080914E-16,-2.143577));
#7917 = CARTESIAN_POINT('',(28.709780435831,3.,-1.933796564169));
#7918 = CARTESIAN_POINT('',(28.5,-7.836606474854E-15,-35.292938));
#7919 = CARTESIAN_POINT('',(28.709780435831,3.,-35.08315756416));
#7920 = DEFINITIONAL_REPRESENTATION('',(#7921),#7924);
#7921 = B_SPLINE_CURVE_WITH_KNOTS('',1,(#7922,#7923),.UNSPECIFIED.,.F.,
  .F.,(2,2),(0.,1.),.PIECEWISE_BEZIER_KNOTS.);
#7922 = CARTESIAN_POINT('',(0.,0.));
#7923 = CARTESIAN_POINT('',(0.,1.));
#7924 = ( GEOMETRIC_REPRESENTATION_CONTEXT(2) 
PARAMETRIC_REPRESENTATION_CONTEXT() REPRESENTATION_CONTEXT('2D SPACE',''
  ) );
#7925 = ORIENTED_EDGE('',*,*,#7926,.F.);
#7926 = EDGE_CURVE('',#7927,#7902,#7929,.T.);
#7927 = VERTEX_POINT('',#7928);
#7928 = CARTESIAN_POINT('',(13.786286435831,3.,-1.933796564169));
#7929 = SURFACE_CURVE('',#7930,(#7934,#7940),.PCURVE_S1.);
#7930 = LINE('',#7931,#7932);
#7931 = CARTESIAN_POINT('',(13.576506,3.,-1.933796564169));
#7932 = VECTOR('',#7933,1.);
#7933 = DIRECTION('',(1.,-3.068405548742E-19,6.798129010412E-35));
#7934 = PCURVE('',#7878,#7935);
#7935 = DEFINITIONAL_REPRESENTATION('',(#7936),#7939);
#7936 = B_SPLINE_CURVE_WITH_KNOTS('',1,(#7937,#7938),.UNSPECIFIED.,.F.,
  .F.,(2,2),(0.209780435831,15.133274435831),.PIECEWISE_BEZIER_KNOTS.);
#7937 = CARTESIAN_POINT('',(0.,1.));
#7938 = CARTESIAN_POINT('',(14.923494,1.));
#7939 = ( GEOMETRIC_REPRESENTATION_CONTEXT(2) 
PARAMETRIC_REPRESENTATION_CONTEXT() REPRESENTATION_CONTEXT('2D SPACE',''
  ) );
#7940 = PCURVE('',#7941,#7946);
#7941 = PLANE('',#7942);
#7942 = AXIS2_PLACEMENT_3D('',#7943,#7944,#7945);
#7943 = CARTESIAN_POINT('',(38.084505952768,3.,80.247573864507));
#7944 = DIRECTION('',(-3.068405548742E-19,-1.,2.215524937112E-16));
#7945 = DIRECTION('',(1.,-3.068405548742E-19,6.798129010412E-35));
#7946 = DEFINITIONAL_REPRESENTATION('',(#7947),#7951);
#7947 = LINE('',#7948,#7949);
#7948 = CARTESIAN_POINT('',(-24.50799995276,-82.18137042867));
#7949 = VECTOR('',#7950,1.);
#7950 = DIRECTION('',(1.,-1.069105884037E-50));
#7951 = ( GEOMETRIC_REPRESENTATION_CONTEXT(2) 
PARAMETRIC_REPRESENTATION_CONTEXT() REPRESENTATION_CONTEXT('2D SPACE',''
  ) );
#7952 = ORIENTED_EDGE('',*,*,#7953,.F.);
#7953 = EDGE_CURVE('',#7868,#7927,#7954,.T.);
#7954 = SURFACE_CURVE('',#7955,(#7958,#7964),.PCURVE_S1.);
#7955 = B_SPLINE_CURVE_WITH_KNOTS('',1,(#7956,#7957),.UNSPECIFIED.,.F.,
  .F.,(2,2),(0.,1.),.PIECEWISE_BEZIER_KNOTS.);
#7956 = CARTESIAN_POINT('',(13.576506,-4.759697080914E-16,-2.143577));
#7957 = CARTESIAN_POINT('',(13.786286435831,3.,-1.933796564169));
#7958 = PCURVE('',#7878,#7959);
#7959 = DEFINITIONAL_REPRESENTATION('',(#7960),#7963);
#7960 = B_SPLINE_CURVE_WITH_KNOTS('',1,(#7961,#7962),.UNSPECIFIED.,.F.,
  .F.,(2,2),(0.,1.),.PIECEWISE_BEZIER_KNOTS.);
#7961 = CARTESIAN_POINT('',(0.,0.));
#7962 = CARTESIAN_POINT('',(0.,1.));
#7963 = ( GEOMETRIC_REPRESENTATION_CONTEXT(2) 
PARAMETRIC_REPRESENTATION_CONTEXT() REPRESENTATION_CONTEXT('2D SPACE',''
  ) );
#7964 = PCURVE('',#7965,#7970);
#7965 = B_SPLINE_SURFACE_WITH_KNOTS('',1,1,(
    (#7966,#7967)
    ,(#7968,#7969
    )),.UNSPECIFIED.,.F.,.F.,.F.,(2,2),(2,2),(0.,4.),(0.,1.),
  .PIECEWISE_BEZIER_KNOTS.);
#7966 = CARTESIAN_POINT('',(13.576506,4.122087116087E-16,1.856423));
#7967 = CARTESIAN_POINT('',(13.786286435831,3.,1.646642564169));
#7968 = CARTESIAN_POINT('',(13.576506,-4.759697080914E-16,-2.143577));
#7969 = CARTESIAN_POINT('',(13.786286435831,3.,-1.933796564169));
#7970 = DEFINITIONAL_REPRESENTATION('',(#7971),#7974);
#7971 = B_SPLINE_CURVE_WITH_KNOTS('',1,(#7972,#7973),.UNSPECIFIED.,.F.,
  .F.,(2,2),(0.,1.),.PIECEWISE_BEZIER_KNOTS.);
#7972 = CARTESIAN_POINT('',(4.,0.));
#7973 = CARTESIAN_POINT('',(4.,1.));
#7974 = ( GEOMETRIC_REPRESENTATION_CONTEXT(2) 
PARAMETRIC_REPRESENTATION_CONTEXT() REPRESENTATION_CONTEXT('2D SPACE',''
  ) );
#7975 = ADVANCED_FACE('',(#7976),#7889,.T.);
#7976 = FACE_BOUND('',#7977,.T.);
#7977 = EDGE_LOOP('',(#7978,#8000,#8001,#8023,#8050,#8077,#8104,#8131,
    #8153,#8180,#8207,#8234,#8261,#8288,#8315,#8342,#8369,#8396,#8446,
    #8473,#8500,#8527,#8554,#8581));
#7978 = ORIENTED_EDGE('',*,*,#7979,.T.);
#7979 = EDGE_CURVE('',#7980,#7868,#7982,.T.);
#7980 = VERTEX_POINT('',#7981);
#7981 = CARTESIAN_POINT('',(13.576506,4.122087116087E-16,1.856423));
#7982 = SURFACE_CURVE('',#7983,(#7987,#7994),.PCURVE_S1.);
#7983 = LINE('',#7984,#7985);
#7984 = CARTESIAN_POINT('',(13.576506,4.122087116087E-16,1.856423));
#7985 = VECTOR('',#7986,1.);
#7986 = DIRECTION('',(0.,-2.22044604925E-16,-1.));
#7987 = PCURVE('',#7889,#7988);
#7988 = DEFINITIONAL_REPRESENTATION('',(#7989),#7993);
#7989 = LINE('',#7990,#7991);
#7990 = CARTESIAN_POINT('',(-24.50799995276,-78.3911508645));
#7991 = VECTOR('',#7992,1.);
#7992 = DIRECTION('',(0.,-1.));
#7993 = ( GEOMETRIC_REPRESENTATION_CONTEXT(2) 
PARAMETRIC_REPRESENTATION_CONTEXT() REPRESENTATION_CONTEXT('2D SPACE',''
  ) );
#7994 = PCURVE('',#7965,#7995);
#7995 = DEFINITIONAL_REPRESENTATION('',(#7996),#7999);
#7996 = B_SPLINE_CURVE_WITH_KNOTS('',1,(#7997,#7998),.UNSPECIFIED.,.F.,
  .F.,(2,2),(0.,4.),.PIECEWISE_BEZIER_KNOTS.);
#7997 = CARTESIAN_POINT('',(0.,0.));
#7998 = CARTESIAN_POINT('',(4.,0.));
#7999 = ( GEOMETRIC_REPRESENTATION_CONTEXT(2) 
PARAMETRIC_REPRESENTATION_CONTEXT() REPRESENTATION_CONTEXT('2D SPACE',''
  ) );
#8000 = ORIENTED_EDGE('',*,*,#7867,.T.);
#8001 = ORIENTED_EDGE('',*,*,#8002,.T.);
#8002 = EDGE_CURVE('',#7870,#8003,#8005,.T.);
#8003 = VERTEX_POINT('',#8004);
#8004 = CARTESIAN_POINT('',(28.5,-7.836606474854E-15,-35.292938));
#8005 = SURFACE_CURVE('',#8006,(#8010,#8017),.PCURVE_S1.);
#8006 = LINE('',#8007,#8008);
#8007 = CARTESIAN_POINT('',(28.5,-4.759697080914E-16,-2.143577));
#8008 = VECTOR('',#8009,1.);
#8009 = DIRECTION('',(0.,-2.22044604925E-16,-1.));
#8010 = PCURVE('',#7889,#8011);
#8011 = DEFINITIONAL_REPRESENTATION('',(#8012),#8016);
#8012 = LINE('',#8013,#8014);
#8013 = CARTESIAN_POINT('',(-9.584505952768,-82.3911508645));
#8014 = VECTOR('',#8015,1.);
#8015 = DIRECTION('',(0.,-1.));
#8016 = ( GEOMETRIC_REPRESENTATION_CONTEXT(2) 
PARAMETRIC_REPRESENTATION_CONTEXT() REPRESENTATION_CONTEXT('2D SPACE',''
  ) );
#8017 = PCURVE('',#7915,#8018);
#8018 = DEFINITIONAL_REPRESENTATION('',(#8019),#8022);
#8019 = B_SPLINE_CURVE_WITH_KNOTS('',1,(#8020,#8021),.UNSPECIFIED.,.F.,
  .F.,(2,2),(0.,33.149361),.PIECEWISE_BEZIER_KNOTS.);
#8020 = CARTESIAN_POINT('',(0.,0.));
#8021 = CARTESIAN_POINT('',(33.149361,0.));
#8022 = ( GEOMETRIC_REPRESENTATION_CONTEXT(2) 
PARAMETRIC_REPRESENTATION_CONTEXT() REPRESENTATION_CONTEXT('2D SPACE',''
  ) );
#8023 = ORIENTED_EDGE('',*,*,#8024,.T.);
#8024 = EDGE_CURVE('',#8003,#8025,#8027,.T.);
#8025 = VERTEX_POINT('',#8026);
#8026 = CARTESIAN_POINT('',(30.5,-7.836606474854E-15,-35.292938));
#8027 = SURFACE_CURVE('',#8028,(#8032,#8039),.PCURVE_S1.);
#8028 = LINE('',#8029,#8030);
#8029 = CARTESIAN_POINT('',(28.5,-7.836606474854E-15,-35.292938));
#8030 = VECTOR('',#8031,1.);
#8031 = DIRECTION('',(1.,0.,0.));
#8032 = PCURVE('',#7889,#8033);
#8033 = DEFINITIONAL_REPRESENTATION('',(#8034),#8038);
#8034 = LINE('',#8035,#8036);
#8035 = CARTESIAN_POINT('',(-9.584505952768,-115.5405118645));
#8036 = VECTOR('',#8037,1.);
#8037 = DIRECTION('',(1.,0.));
#8038 = ( GEOMETRIC_REPRESENTATION_CONTEXT(2) 
PARAMETRIC_REPRESENTATION_CONTEXT() REPRESENTATION_CONTEXT('2D SPACE',''
  ) );
#8039 = PCURVE('',#8040,#8045);
#8040 = B_SPLINE_SURFACE_WITH_KNOTS('',1,1,(
    (#8041,#8042)
    ,(#8043,#8044
    )),.UNSPECIFIED.,.F.,.F.,.F.,(2,2),(2,2),(0.,8.),(0.,1.),
  .PIECEWISE_BEZIER_KNOTS.);
#8041 = CARTESIAN_POINT('',(28.5,-7.836606474854E-15,-35.292938));
#8042 = CARTESIAN_POINT('',(28.709780435831,3.,-35.08315756416));
#8043 = CARTESIAN_POINT('',(36.5,-7.836606474854E-15,-35.292938));
#8044 = CARTESIAN_POINT('',(36.290219564169,3.,-35.08315756416));
#8045 = DEFINITIONAL_REPRESENTATION('',(#8046),#8049);
#8046 = B_SPLINE_CURVE_WITH_KNOTS('',1,(#8047,#8048),.UNSPECIFIED.,.F.,
  .F.,(2,2),(0.,2.),.PIECEWISE_BEZIER_KNOTS.);
#8047 = CARTESIAN_POINT('',(0.,0.));
#8048 = CARTESIAN_POINT('',(2.,0.));
#8049 = ( GEOMETRIC_REPRESENTATION_CONTEXT(2) 
PARAMETRIC_REPRESENTATION_CONTEXT() REPRESENTATION_CONTEXT('2D SPACE',''
  ) );
#8050 = ORIENTED_EDGE('',*,*,#8051,.T.);
#8051 = EDGE_CURVE('',#8025,#8052,#8054,.T.);
#8052 = VERTEX_POINT('',#8053);
#8053 = CARTESIAN_POINT('',(30.5,1.782841385634E-14,80.292038));
#8054 = SURFACE_CURVE('',#8055,(#8059,#8066),.PCURVE_S1.);
#8055 = LINE('',#8056,#8057);
#8056 = CARTESIAN_POINT('',(30.5,-8.0280562198E-15,-36.155151));
#8057 = VECTOR('',#8058,1.);
#8058 = DIRECTION('',(0.,2.22044604925E-16,1.));
#8059 = PCURVE('',#7889,#8060);
#8060 = DEFINITIONAL_REPRESENTATION('',(#8061),#8065);
#8061 = LINE('',#8062,#8063);
#8062 = CARTESIAN_POINT('',(-7.584505952768,-116.4027248645));
#8063 = VECTOR('',#8064,1.);
#8064 = DIRECTION('',(0.,1.));
#8065 = ( GEOMETRIC_REPRESENTATION_CONTEXT(2) 
PARAMETRIC_REPRESENTATION_CONTEXT() REPRESENTATION_CONTEXT('2D SPACE',''
  ) );
#8066 = PCURVE('',#8067,#8072);
#8067 = B_SPLINE_SURFACE_WITH_KNOTS('',1,1,(
    (#8068,#8069)
    ,(#8070,#8071
    )),.UNSPECIFIED.,.F.,.F.,.F.,(2,2),(2,2),(0.,116.447189),(0.,1.),
  .PIECEWISE_BEZIER_KNOTS.);
#8068 = CARTESIAN_POINT('',(30.5,-8.0280562198E-15,-36.155151));
#8069 = CARTESIAN_POINT('',(30.587488663526,1.,-36.06766233647));
#8070 = CARTESIAN_POINT('',(30.5,1.782841385634E-14,80.292038));
#8071 = CARTESIAN_POINT('',(30.587488663526,1.,80.204549336474));
#8072 = DEFINITIONAL_REPRESENTATION('',(#8073),#8076);
#8073 = B_SPLINE_CURVE_WITH_KNOTS('',1,(#8074,#8075),.UNSPECIFIED.,.F.,
  .F.,(2,2),(0.862213,116.447189),.PIECEWISE_BEZIER_KNOTS.);
#8074 = CARTESIAN_POINT('',(0.862213,0.));
#8075 = CARTESIAN_POINT('',(116.447189,0.));
#8076 = ( GEOMETRIC_REPRESENTATION_CONTEXT(2) 
PARAMETRIC_REPRESENTATION_CONTEXT() REPRESENTATION_CONTEXT('2D SPACE',''
  ) );
#8077 = ORIENTED_EDGE('',*,*,#8078,.T.);
#8078 = EDGE_CURVE('',#8052,#8079,#8081,.T.);
#8079 = VERTEX_POINT('',#8080);
#8080 = CARTESIAN_POINT('',(34.5,1.782841385634E-14,80.292038));
#8081 = SURFACE_CURVE('',#8082,(#8086,#8093),.PCURVE_S1.);
#8082 = LINE('',#8083,#8084);
#8083 = CARTESIAN_POINT('',(30.5,1.782841385634E-14,80.292038));
#8084 = VECTOR('',#8085,1.);
#8085 = DIRECTION('',(1.,0.,0.));
#8086 = PCURVE('',#7889,#8087);
#8087 = DEFINITIONAL_REPRESENTATION('',(#8088),#8092);
#8088 = LINE('',#8089,#8090);
#8089 = CARTESIAN_POINT('',(-7.584505952768,4.446413549312E-02));
#8090 = VECTOR('',#8091,1.);
#8091 = DIRECTION('',(1.,0.));
#8092 = ( GEOMETRIC_REPRESENTATION_CONTEXT(2) 
PARAMETRIC_REPRESENTATION_CONTEXT() REPRESENTATION_CONTEXT('2D SPACE',''
  ) );
#8093 = PCURVE('',#8094,#8099);
#8094 = B_SPLINE_SURFACE_WITH_KNOTS('',1,1,(
    (#8095,#8096)
    ,(#8097,#8098
    )),.UNSPECIFIED.,.F.,.F.,.F.,(2,2),(2,2),(0.,4.),(0.,1.),
  .PIECEWISE_BEZIER_KNOTS.);
#8095 = CARTESIAN_POINT('',(30.5,1.782841385634E-14,80.292038));
#8096 = CARTESIAN_POINT('',(30.587488663526,1.,80.204549336474));
#8097 = CARTESIAN_POINT('',(34.5,1.782841385634E-14,80.292038));
#8098 = CARTESIAN_POINT('',(34.412511336474,1.,80.204549336474));
#8099 = DEFINITIONAL_REPRESENTATION('',(#8100),#8103);
#8100 = B_SPLINE_CURVE_WITH_KNOTS('',1,(#8101,#8102),.UNSPECIFIED.,.F.,
  .F.,(2,2),(0.,4.),.PIECEWISE_BEZIER_KNOTS.);
#8101 = CARTESIAN_POINT('',(0.,0.));
#8102 = CARTESIAN_POINT('',(4.,0.));
#8103 = ( GEOMETRIC_REPRESENTATION_CONTEXT(2) 
PARAMETRIC_REPRESENTATION_CONTEXT() REPRESENTATION_CONTEXT('2D SPACE',''
  ) );
#8104 = ORIENTED_EDGE('',*,*,#8105,.T.);
#8105 = EDGE_CURVE('',#8079,#8106,#8108,.T.);
#8106 = VERTEX_POINT('',#8107);
#8107 = CARTESIAN_POINT('',(34.5,-7.836606474854E-15,-35.292938));
#8108 = SURFACE_CURVE('',#8109,(#8113,#8120),.PCURVE_S1.);
#8109 = LINE('',#8110,#8111);
#8110 = CARTESIAN_POINT('',(34.5,1.782841385634E-14,80.292038));
#8111 = VECTOR('',#8112,1.);
#8112 = DIRECTION('',(0.,-2.22044604925E-16,-1.));
#8113 = PCURVE('',#7889,#8114);
#8114 = DEFINITIONAL_REPRESENTATION('',(#8115),#8119);
#8115 = LINE('',#8116,#8117);
#8116 = CARTESIAN_POINT('',(-3.584505952768,4.446413549312E-02));
#8117 = VECTOR('',#8118,1.);
#8118 = DIRECTION('',(0.,-1.));
#8119 = ( GEOMETRIC_REPRESENTATION_CONTEXT(2) 
PARAMETRIC_REPRESENTATION_CONTEXT() REPRESENTATION_CONTEXT('2D SPACE',''
  ) );
#8120 = PCURVE('',#8121,#8126);
#8121 = B_SPLINE_SURFACE_WITH_KNOTS('',1,1,(
    (#8122,#8123)
    ,(#8124,#8125
    )),.UNSPECIFIED.,.F.,.F.,.F.,(2,2),(2,2),(0.,116.447189),(0.,1.),
  .PIECEWISE_BEZIER_KNOTS.);
#8122 = CARTESIAN_POINT('',(34.5,1.782841385634E-14,80.292038));
#8123 = CARTESIAN_POINT('',(34.412511336474,1.,80.204549336474));
#8124 = CARTESIAN_POINT('',(34.5,-8.0280562198E-15,-36.155151));
#8125 = CARTESIAN_POINT('',(34.412511336474,1.,-36.06766233647));
#8126 = DEFINITIONAL_REPRESENTATION('',(#8127),#8130);
#8127 = B_SPLINE_CURVE_WITH_KNOTS('',1,(#8128,#8129),.UNSPECIFIED.,.F.,
  .F.,(2,2),(0.,115.584976),.PIECEWISE_BEZIER_KNOTS.);
#8128 = CARTESIAN_POINT('',(0.,0.));
#8129 = CARTESIAN_POINT('',(115.584976,0.));
#8130 = ( GEOMETRIC_REPRESENTATION_CONTEXT(2) 
PARAMETRIC_REPRESENTATION_CONTEXT() REPRESENTATION_CONTEXT('2D SPACE',''
  ) );
#8131 = ORIENTED_EDGE('',*,*,#8132,.T.);
#8132 = EDGE_CURVE('',#8106,#8133,#8135,.T.);
#8133 = VERTEX_POINT('',#8134);
#8134 = CARTESIAN_POINT('',(36.5,-7.836606474854E-15,-35.292938));
#8135 = SURFACE_CURVE('',#8136,(#8140,#8147),.PCURVE_S1.);
#8136 = LINE('',#8137,#8138);
#8137 = CARTESIAN_POINT('',(28.5,-7.836606474854E-15,-35.292938));
#8138 = VECTOR('',#8139,1.);
#8139 = DIRECTION('',(1.,0.,0.));
#8140 = PCURVE('',#7889,#8141);
#8141 = DEFINITIONAL_REPRESENTATION('',(#8142),#8146);
#8142 = LINE('',#8143,#8144);
#8143 = CARTESIAN_POINT('',(-9.584505952768,-115.5405118645));
#8144 = VECTOR('',#8145,1.);
#8145 = DIRECTION('',(1.,0.));
#8146 = ( GEOMETRIC_REPRESENTATION_CONTEXT(2) 
PARAMETRIC_REPRESENTATION_CONTEXT() REPRESENTATION_CONTEXT('2D SPACE',''
  ) );
#8147 = PCURVE('',#8040,#8148);
#8148 = DEFINITIONAL_REPRESENTATION('',(#8149),#8152);
#8149 = B_SPLINE_CURVE_WITH_KNOTS('',1,(#8150,#8151),.UNSPECIFIED.,.F.,
  .F.,(2,2),(6.,8.),.PIECEWISE_BEZIER_KNOTS.);
#8150 = CARTESIAN_POINT('',(6.,0.));
#8151 = CARTESIAN_POINT('',(8.,0.));
#8152 = ( GEOMETRIC_REPRESENTATION_CONTEXT(2) 
PARAMETRIC_REPRESENTATION_CONTEXT() REPRESENTATION_CONTEXT('2D SPACE',''
  ) );
#8153 = ORIENTED_EDGE('',*,*,#8154,.T.);
#8154 = EDGE_CURVE('',#8133,#8155,#8157,.T.);
#8155 = VERTEX_POINT('',#8156);
#8156 = CARTESIAN_POINT('',(36.5,-4.759697080914E-16,-2.143577));
#8157 = SURFACE_CURVE('',#8158,(#8162,#8169),.PCURVE_S1.);
#8158 = LINE('',#8159,#8160);
#8159 = CARTESIAN_POINT('',(36.5,-7.836606474854E-15,-35.292938));
#8160 = VECTOR('',#8161,1.);
#8161 = DIRECTION('',(0.,2.22044604925E-16,1.));
#8162 = PCURVE('',#7889,#8163);
#8163 = DEFINITIONAL_REPRESENTATION('',(#8164),#8168);
#8164 = LINE('',#8165,#8166);
#8165 = CARTESIAN_POINT('',(-1.584505952768,-115.5405118645));
#8166 = VECTOR('',#8167,1.);
#8167 = DIRECTION('',(0.,1.));
#8168 = ( GEOMETRIC_REPRESENTATION_CONTEXT(2) 
PARAMETRIC_REPRESENTATION_CONTEXT() REPRESENTATION_CONTEXT('2D SPACE',''
  ) );
#8169 = PCURVE('',#8170,#8175);
#8170 = B_SPLINE_SURFACE_WITH_KNOTS('',1,1,(
    (#8171,#8172)
    ,(#8173,#8174
  )),.UNSPECIFIED.,.F.,.F.,.F.,(2,2),(2,2),(0.,33.149361),(0.,1.),
  .PIECEWISE_BEZIER_KNOTS.);
#8171 = CARTESIAN_POINT('',(36.5,-7.836606474854E-15,-35.292938));
#8172 = CARTESIAN_POINT('',(36.290219564169,3.,-35.08315756416));
#8173 = CARTESIAN_POINT('',(36.5,-4.759697080914E-16,-2.143577));
#8174 = CARTESIAN_POINT('',(36.290219564169,3.,-1.933796564169));
#8175 = DEFINITIONAL_REPRESENTATION('',(#8176),#8179);
#8176 = B_SPLINE_CURVE_WITH_KNOTS('',1,(#8177,#8178),.UNSPECIFIED.,.F.,
  .F.,(2,2),(0.,33.149361),.PIECEWISE_BEZIER_KNOTS.);
#8177 = CARTESIAN_POINT('',(0.,0.));
#8178 = CARTESIAN_POINT('',(33.149361,0.));
#8179 = ( GEOMETRIC_REPRESENTATION_CONTEXT(2) 
PARAMETRIC_REPRESENTATION_CONTEXT() REPRESENTATION_CONTEXT('2D SPACE',''
  ) );
#8180 = ORIENTED_EDGE('',*,*,#8181,.T.);
#8181 = EDGE_CURVE('',#8155,#8182,#8184,.T.);
#8182 = VERTEX_POINT('',#8183);
#8183 = CARTESIAN_POINT('',(51.423494,-4.759697080914E-16,-2.143577));
#8184 = SURFACE_CURVE('',#8185,(#8189,#8196),.PCURVE_S1.);
#8185 = LINE('',#8186,#8187);
#8186 = CARTESIAN_POINT('',(36.5,-4.759697080914E-16,-2.143577));
#8187 = VECTOR('',#8188,1.);
#8188 = DIRECTION('',(1.,0.,0.));
#8189 = PCURVE('',#7889,#8190);
#8190 = DEFINITIONAL_REPRESENTATION('',(#8191),#8195);
#8191 = LINE('',#8192,#8193);
#8192 = CARTESIAN_POINT('',(-1.584505952768,-82.3911508645));
#8193 = VECTOR('',#8194,1.);
#8194 = DIRECTION('',(1.,0.));
#8195 = ( GEOMETRIC_REPRESENTATION_CONTEXT(2) 
PARAMETRIC_REPRESENTATION_CONTEXT() REPRESENTATION_CONTEXT('2D SPACE',''
  ) );
#8196 = PCURVE('',#8197,#8202);
#8197 = B_SPLINE_SURFACE_WITH_KNOTS('',1,1,(
    (#8198,#8199)
    ,(#8200,#8201
  )),.UNSPECIFIED.,.F.,.F.,.F.,(2,2),(2,2),(0.,14.923494),(0.,1.),
  .PIECEWISE_BEZIER_KNOTS.);
#8198 = CARTESIAN_POINT('',(36.5,-4.759697080914E-16,-2.143577));
#8199 = CARTESIAN_POINT('',(36.290219564169,3.,-1.933796564169));
#8200 = CARTESIAN_POINT('',(51.423494,-4.759697080914E-16,-2.143577));
#8201 = CARTESIAN_POINT('',(51.213713564169,3.,-1.933796564169));
#8202 = DEFINITIONAL_REPRESENTATION('',(#8203),#8206);
#8203 = B_SPLINE_CURVE_WITH_KNOTS('',1,(#8204,#8205),.UNSPECIFIED.,.F.,
  .F.,(2,2),(0.,14.923494),.PIECEWISE_BEZIER_KNOTS.);
#8204 = CARTESIAN_POINT('',(0.,0.));
#8205 = CARTESIAN_POINT('',(14.923494,0.));
#8206 = ( GEOMETRIC_REPRESENTATION_CONTEXT(2) 
PARAMETRIC_REPRESENTATION_CONTEXT() REPRESENTATION_CONTEXT('2D SPACE',''
  ) );
#8207 = ORIENTED_EDGE('',*,*,#8208,.T.);
#8208 = EDGE_CURVE('',#8182,#8209,#8211,.T.);
#8209 = VERTEX_POINT('',#8210);
#8210 = CARTESIAN_POINT('',(51.423494,4.122087116087E-16,1.856423));
#8211 = SURFACE_CURVE('',#8212,(#8216,#8223),.PCURVE_S1.);
#8212 = LINE('',#8213,#8214);
#8213 = CARTESIAN_POINT('',(51.423494,-4.759697080914E-16,-2.143577));
#8214 = VECTOR('',#8215,1.);
#8215 = DIRECTION('',(0.,2.22044604925E-16,1.));
#8216 = PCURVE('',#7889,#8217);
#8217 = DEFINITIONAL_REPRESENTATION('',(#8218),#8222);
#8218 = LINE('',#8219,#8220);
#8219 = CARTESIAN_POINT('',(13.338988047232,-82.3911508645));
#8220 = VECTOR('',#8221,1.);
#8221 = DIRECTION('',(0.,1.));
#8222 = ( GEOMETRIC_REPRESENTATION_CONTEXT(2) 
PARAMETRIC_REPRESENTATION_CONTEXT() REPRESENTATION_CONTEXT('2D SPACE',''
  ) );
#8223 = PCURVE('',#8224,#8229);
#8224 = B_SPLINE_SURFACE_WITH_KNOTS('',1,1,(
    (#8225,#8226)
    ,(#8227,#8228
    )),.UNSPECIFIED.,.F.,.F.,.F.,(2,2),(2,2),(0.,4.),(0.,1.),
  .PIECEWISE_BEZIER_KNOTS.);
#8225 = CARTESIAN_POINT('',(51.423494,-4.759697080914E-16,-2.143577));
#8226 = CARTESIAN_POINT('',(51.213713564169,3.,-1.933796564169));
#8227 = CARTESIAN_POINT('',(51.423494,4.122087116087E-16,1.856423));
#8228 = CARTESIAN_POINT('',(51.213713564169,3.,1.646642564169));
#8229 = DEFINITIONAL_REPRESENTATION('',(#8230),#8233);
#8230 = B_SPLINE_CURVE_WITH_KNOTS('',1,(#8231,#8232),.UNSPECIFIED.,.F.,
  .F.,(2,2),(0.,4.),.PIECEWISE_BEZIER_KNOTS.);
#8231 = CARTESIAN_POINT('',(0.,0.));
#8232 = CARTESIAN_POINT('',(4.,0.));
#8233 = ( GEOMETRIC_REPRESENTATION_CONTEXT(2) 
PARAMETRIC_REPRESENTATION_CONTEXT() REPRESENTATION_CONTEXT('2D SPACE',''
  ) );
#8234 = ORIENTED_EDGE('',*,*,#8235,.T.);
#8235 = EDGE_CURVE('',#8209,#8236,#8238,.T.);
#8236 = VERTEX_POINT('',#8237);
#8237 = CARTESIAN_POINT('',(36.5,4.122087116087E-16,1.856423));
#8238 = SURFACE_CURVE('',#8239,(#8243,#8250),.PCURVE_S1.);
#8239 = LINE('',#8240,#8241);
#8240 = CARTESIAN_POINT('',(51.423494,4.122087116087E-16,1.856423));
#8241 = VECTOR('',#8242,1.);
#8242 = DIRECTION('',(-1.,0.,0.));
#8243 = PCURVE('',#7889,#8244);
#8244 = DEFINITIONAL_REPRESENTATION('',(#8245),#8249);
#8245 = LINE('',#8246,#8247);
#8246 = CARTESIAN_POINT('',(13.338988047232,-78.3911508645));
#8247 = VECTOR('',#8248,1.);
#8248 = DIRECTION('',(-1.,0.));
#8249 = ( GEOMETRIC_REPRESENTATION_CONTEXT(2) 
PARAMETRIC_REPRESENTATION_CONTEXT() REPRESENTATION_CONTEXT('2D SPACE',''
  ) );
#8250 = PCURVE('',#8251,#8256);
#8251 = B_SPLINE_SURFACE_WITH_KNOTS('',1,1,(
    (#8252,#8253)
    ,(#8254,#8255
  )),.UNSPECIFIED.,.F.,.F.,.F.,(2,2),(2,2),(0.,14.923494),(0.,1.),
  .PIECEWISE_BEZIER_KNOTS.);
#8252 = CARTESIAN_POINT('',(51.423494,4.122087116087E-16,1.856423));
#8253 = CARTESIAN_POINT('',(51.213713564169,3.,1.646642564169));
#8254 = CARTESIAN_POINT('',(36.5,4.122087116087E-16,1.856423));
#8255 = CARTESIAN_POINT('',(36.290219564169,3.,1.646642564169));
#8256 = DEFINITIONAL_REPRESENTATION('',(#8257),#8260);
#8257 = B_SPLINE_CURVE_WITH_KNOTS('',1,(#8258,#8259),.UNSPECIFIED.,.F.,
  .F.,(2,2),(0.,14.923494),.PIECEWISE_BEZIER_KNOTS.);
#8258 = CARTESIAN_POINT('',(0.,0.));
#8259 = CARTESIAN_POINT('',(14.923494,0.));
#8260 = ( GEOMETRIC_REPRESENTATION_CONTEXT(2) 
PARAMETRIC_REPRESENTATION_CONTEXT() REPRESENTATION_CONTEXT('2D SPACE',''
  ) );
#8261 = ORIENTED_EDGE('',*,*,#8262,.T.);
#8262 = EDGE_CURVE('',#8236,#8263,#8265,.T.);
#8263 = VERTEX_POINT('',#8264);
#8264 = CARTESIAN_POINT('',(36.5,1.05973485669E-14,47.726215057001));
#8265 = SURFACE_CURVE('',#8266,(#8270,#8277),.PCURVE_S1.);
#8266 = LINE('',#8267,#8268);
#8267 = CARTESIAN_POINT('',(36.5,4.122087116087E-16,1.856423));
#8268 = VECTOR('',#8269,1.);
#8269 = DIRECTION('',(0.,2.22044604925E-16,1.));
#8270 = PCURVE('',#7889,#8271);
#8271 = DEFINITIONAL_REPRESENTATION('',(#8272),#8276);
#8272 = LINE('',#8273,#8274);
#8273 = CARTESIAN_POINT('',(-1.584505952768,-78.3911508645));
#8274 = VECTOR('',#8275,1.);
#8275 = DIRECTION('',(0.,1.));
#8276 = ( GEOMETRIC_REPRESENTATION_CONTEXT(2) 
PARAMETRIC_REPRESENTATION_CONTEXT() REPRESENTATION_CONTEXT('2D SPACE',''
  ) );
#8277 = PCURVE('',#8278,#8283);
#8278 = B_SPLINE_SURFACE_WITH_KNOTS('',1,1,(
    (#8279,#8280)
    ,(#8281,#8282
    )),.UNSPECIFIED.,.F.,.F.,.F.,(2,2),(2,2),(-0.209780435831,
    46.079572492832),(0.,1.),.PIECEWISE_BEZIER_KNOTS.);
#8279 = CARTESIAN_POINT('',(36.5,4.122087116087E-16,1.856423));
#8280 = CARTESIAN_POINT('',(36.290219564169,3.,1.646642564169));
#8281 = CARTESIAN_POINT('',(36.5,1.05973485669E-14,47.726215057001));
#8282 = CARTESIAN_POINT('',(36.290219564169,3.,47.935995492832));
#8283 = DEFINITIONAL_REPRESENTATION('',(#8284),#8287);
#8284 = B_SPLINE_CURVE_WITH_KNOTS('',1,(#8285,#8286),.UNSPECIFIED.,.F.,
  .F.,(2,2),(0.,45.869792057001),.PIECEWISE_BEZIER_KNOTS.);
#8285 = CARTESIAN_POINT('',(-0.209780435831,0.));
#8286 = CARTESIAN_POINT('',(46.079572492832,0.));
#8287 = ( GEOMETRIC_REPRESENTATION_CONTEXT(2) 
PARAMETRIC_REPRESENTATION_CONTEXT() REPRESENTATION_CONTEXT('2D SPACE',''
  ) );
#8288 = ORIENTED_EDGE('',*,*,#8289,.T.);
#8289 = EDGE_CURVE('',#8263,#8290,#8292,.T.);
#8290 = VERTEX_POINT('',#8291);
#8291 = CARTESIAN_POINT('',(51.423494,1.05973485669E-14,47.726215057001)
  );
#8292 = SURFACE_CURVE('',#8293,(#8297,#8304),.PCURVE_S1.);
#8293 = LINE('',#8294,#8295);
#8294 = CARTESIAN_POINT('',(36.5,1.05973485669E-14,47.726215057001));
#8295 = VECTOR('',#8296,1.);
#8296 = DIRECTION('',(1.,0.,0.));
#8297 = PCURVE('',#7889,#8298);
#8298 = DEFINITIONAL_REPRESENTATION('',(#8299),#8303);
#8299 = LINE('',#8300,#8301);
#8300 = CARTESIAN_POINT('',(-1.584505952768,-32.5213588075));
#8301 = VECTOR('',#8302,1.);
#8302 = DIRECTION('',(1.,0.));
#8303 = ( GEOMETRIC_REPRESENTATION_CONTEXT(2) 
PARAMETRIC_REPRESENTATION_CONTEXT() REPRESENTATION_CONTEXT('2D SPACE',''
  ) );
#8304 = PCURVE('',#8305,#8310);
#8305 = B_SPLINE_SURFACE_WITH_KNOTS('',1,1,(
    (#8306,#8307)
    ,(#8308,#8309
  )),.UNSPECIFIED.,.F.,.F.,.F.,(2,2),(2,2),(0.,14.923494),(0.,1.),
  .PIECEWISE_BEZIER_KNOTS.);
#8306 = CARTESIAN_POINT('',(36.5,1.05973485669E-14,47.726215057001));
#8307 = CARTESIAN_POINT('',(36.290219564169,3.,47.935995492832));
#8308 = CARTESIAN_POINT('',(51.423494,1.05973485669E-14,47.726215057001)
  );
#8309 = CARTESIAN_POINT('',(51.213713564169,3.,47.935995492832));
#8310 = DEFINITIONAL_REPRESENTATION('',(#8311),#8314);
#8311 = B_SPLINE_CURVE_WITH_KNOTS('',1,(#8312,#8313),.UNSPECIFIED.,.F.,
  .F.,(2,2),(0.,14.923494),.PIECEWISE_BEZIER_KNOTS.);
#8312 = CARTESIAN_POINT('',(0.,0.));
#8313 = CARTESIAN_POINT('',(14.923494,0.));
#8314 = ( GEOMETRIC_REPRESENTATION_CONTEXT(2) 
PARAMETRIC_REPRESENTATION_CONTEXT() REPRESENTATION_CONTEXT('2D SPACE',''
  ) );
#8315 = ORIENTED_EDGE('',*,*,#8316,.T.);
#8316 = EDGE_CURVE('',#8290,#8317,#8319,.T.);
#8317 = VERTEX_POINT('',#8318);
#8318 = CARTESIAN_POINT('',(51.423494,1.14855269866E-14,51.726215057001)
  );
#8319 = SURFACE_CURVE('',#8320,(#8324,#8331),.PCURVE_S1.);
#8320 = LINE('',#8321,#8322);
#8321 = CARTESIAN_POINT('',(51.423494,1.05973485669E-14,47.726215057001)
  );
#8322 = VECTOR('',#8323,1.);
#8323 = DIRECTION('',(0.,2.22044604925E-16,1.));
#8324 = PCURVE('',#7889,#8325);
#8325 = DEFINITIONAL_REPRESENTATION('',(#8326),#8330);
#8326 = LINE('',#8327,#8328);
#8327 = CARTESIAN_POINT('',(13.338988047232,-32.5213588075));
#8328 = VECTOR('',#8329,1.);
#8329 = DIRECTION('',(0.,1.));
#8330 = ( GEOMETRIC_REPRESENTATION_CONTEXT(2) 
PARAMETRIC_REPRESENTATION_CONTEXT() REPRESENTATION_CONTEXT('2D SPACE',''
  ) );
#8331 = PCURVE('',#8332,#8337);
#8332 = B_SPLINE_SURFACE_WITH_KNOTS('',1,1,(
    (#8333,#8334)
    ,(#8335,#8336
    )),.UNSPECIFIED.,.F.,.F.,.F.,(2,2),(2,2),(0.,4.),(0.,1.),
  .PIECEWISE_BEZIER_KNOTS.);
#8333 = CARTESIAN_POINT('',(51.423494,1.05973485669E-14,47.726215057001)
  );
#8334 = CARTESIAN_POINT('',(51.213713564169,3.,47.935995492832));
#8335 = CARTESIAN_POINT('',(51.423494,1.14855269866E-14,51.726215057001)
  );
#8336 = CARTESIAN_POINT('',(51.213713564169,3.,51.516434621171));
#8337 = DEFINITIONAL_REPRESENTATION('',(#8338),#8341);
#8338 = B_SPLINE_CURVE_WITH_KNOTS('',1,(#8339,#8340),.UNSPECIFIED.,.F.,
  .F.,(2,2),(0.,4.),.PIECEWISE_BEZIER_KNOTS.);
#8339 = CARTESIAN_POINT('',(0.,0.));
#8340 = CARTESIAN_POINT('',(4.,0.));
#8341 = ( GEOMETRIC_REPRESENTATION_CONTEXT(2) 
PARAMETRIC_REPRESENTATION_CONTEXT() REPRESENTATION_CONTEXT('2D SPACE',''
  ) );
#8342 = ORIENTED_EDGE('',*,*,#8343,.T.);
#8343 = EDGE_CURVE('',#8317,#8344,#8346,.T.);
#8344 = VERTEX_POINT('',#8345);
#8345 = CARTESIAN_POINT('',(36.5,1.14855269866E-14,51.726215057001));
#8346 = SURFACE_CURVE('',#8347,(#8351,#8358),.PCURVE_S1.);
#8347 = LINE('',#8348,#8349);
#8348 = CARTESIAN_POINT('',(51.423494,1.14855269866E-14,51.726215057001)
  );
#8349 = VECTOR('',#8350,1.);
#8350 = DIRECTION('',(-1.,0.,0.));
#8351 = PCURVE('',#7889,#8352);
#8352 = DEFINITIONAL_REPRESENTATION('',(#8353),#8357);
#8353 = LINE('',#8354,#8355);
#8354 = CARTESIAN_POINT('',(13.338988047232,-28.5213588075));
#8355 = VECTOR('',#8356,1.);
#8356 = DIRECTION('',(-1.,0.));
#8357 = ( GEOMETRIC_REPRESENTATION_CONTEXT(2) 
PARAMETRIC_REPRESENTATION_CONTEXT() REPRESENTATION_CONTEXT('2D SPACE',''
  ) );
#8358 = PCURVE('',#8359,#8364);
#8359 = B_SPLINE_SURFACE_WITH_KNOTS('',1,1,(
    (#8360,#8361)
    ,(#8362,#8363
  )),.UNSPECIFIED.,.F.,.F.,.F.,(2,2),(2,2),(0.,14.923494),(0.,1.),
  .PIECEWISE_BEZIER_KNOTS.);
#8360 = CARTESIAN_POINT('',(51.423494,1.14855269866E-14,51.726215057001)
  );
#8361 = CARTESIAN_POINT('',(51.213713564169,3.,51.516434621171));
#8362 = CARTESIAN_POINT('',(36.5,1.14855269866E-14,51.726215057001));
#8363 = CARTESIAN_POINT('',(36.290219564169,3.,51.516434621171));
#8364 = DEFINITIONAL_REPRESENTATION('',(#8365),#8368);
#8365 = B_SPLINE_CURVE_WITH_KNOTS('',1,(#8366,#8367),.UNSPECIFIED.,.F.,
  .F.,(2,2),(0.,14.923494),.PIECEWISE_BEZIER_KNOTS.);
#8366 = CARTESIAN_POINT('',(0.,0.));
#8367 = CARTESIAN_POINT('',(14.923494,0.));
#8368 = ( GEOMETRIC_REPRESENTATION_CONTEXT(2) 
PARAMETRIC_REPRESENTATION_CONTEXT() REPRESENTATION_CONTEXT('2D SPACE',''
  ) );
#8369 = ORIENTED_EDGE('',*,*,#8370,.T.);
#8370 = EDGE_CURVE('',#8344,#8371,#8373,.T.);
#8371 = VERTEX_POINT('',#8372);
#8372 = CARTESIAN_POINT('',(36.5,1.571963673491E-14,70.794950141736));
#8373 = SURFACE_CURVE('',#8374,(#8378,#8385),.PCURVE_S1.);
#8374 = LINE('',#8375,#8376);
#8375 = CARTESIAN_POINT('',(36.5,1.14855269866E-14,51.726215057001));
#8376 = VECTOR('',#8377,1.);
#8377 = DIRECTION('',(0.,2.22044604925E-16,1.));
#8378 = PCURVE('',#7889,#8379);
#8379 = DEFINITIONAL_REPRESENTATION('',(#8380),#8384);
#8380 = LINE('',#8381,#8382);
#8381 = CARTESIAN_POINT('',(-1.584505952768,-28.5213588075));
#8382 = VECTOR('',#8383,1.);
#8383 = DIRECTION('',(0.,1.));
#8384 = ( GEOMETRIC_REPRESENTATION_CONTEXT(2) 
PARAMETRIC_REPRESENTATION_CONTEXT() REPRESENTATION_CONTEXT('2D SPACE',''
  ) );
#8385 = PCURVE('',#8386,#8391);
#8386 = B_SPLINE_SURFACE_WITH_KNOTS('',1,1,(
    (#8387,#8388)
    ,(#8389,#8390
    )),.UNSPECIFIED.,.F.,.F.,.F.,(2,2),(2,2),(-0.209780435831,
    19.319945064302),(0.,1.),.PIECEWISE_BEZIER_KNOTS.);
#8387 = CARTESIAN_POINT('',(36.5,1.14855269866E-14,51.726215057001));
#8388 = CARTESIAN_POINT('',(36.290219564169,3.,51.516434621171));
#8389 = CARTESIAN_POINT('',(36.5,1.571963673491E-14,70.794950141736));
#8390 = CARTESIAN_POINT('',(36.290219564169,3.,71.046160121303));
#8391 = DEFINITIONAL_REPRESENTATION('',(#8392),#8395);
#8392 = B_SPLINE_CURVE_WITH_KNOTS('',1,(#8393,#8394),.UNSPECIFIED.,.F.,
  .F.,(2,2),(0.,19.068735084735),.PIECEWISE_BEZIER_KNOTS.);
#8393 = CARTESIAN_POINT('',(-0.209780435831,0.));
#8394 = CARTESIAN_POINT('',(19.319945064302,0.));
#8395 = ( GEOMETRIC_REPRESENTATION_CONTEXT(2) 
PARAMETRIC_REPRESENTATION_CONTEXT() REPRESENTATION_CONTEXT('2D SPACE',''
  ) );
#8396 = ORIENTED_EDGE('',*,*,#8397,.T.);
#8397 = EDGE_CURVE('',#8371,#8398,#8400,.T.);
#8398 = VERTEX_POINT('',#8399);
#8399 = CARTESIAN_POINT('',(28.5,1.781854083494E-14,80.247573864507));
#8400 = SURFACE_CURVE('',#8401,(#8406,#8413),.PCURVE_S1.);
#8401 = CIRCLE('',#8402,9.584505952768);
#8402 = AXIS2_PLACEMENT_3D('',#8403,#8404,#8405);
#8403 = CARTESIAN_POINT('',(38.084505952768,1.781854083494E-14,
    80.247573864507));
#8404 = DIRECTION('',(0.,-1.,2.22044604925E-16));
#8405 = DIRECTION('',(1.,0.,0.));
#8406 = PCURVE('',#7889,#8407);
#8407 = DEFINITIONAL_REPRESENTATION('',(#8408),#8412);
#8408 = CIRCLE('',#8409,9.584505952768);
#8409 = AXIS2_PLACEMENT_2D('',#8410,#8411);
#8410 = CARTESIAN_POINT('',(0.,0.));
#8411 = DIRECTION('',(1.,0.));
#8412 = ( GEOMETRIC_REPRESENTATION_CONTEXT(2) 
PARAMETRIC_REPRESENTATION_CONTEXT() REPRESENTATION_CONTEXT('2D SPACE',''
  ) );
#8413 = PCURVE('',#8414,#8441);
#8414 = B_SPLINE_SURFACE_WITH_KNOTS('',12,1,(
    (#8415,#8416)
    ,(#8417,#8418)
    ,(#8419,#8420)
    ,(#8421,#8422)
    ,(#8423,#8424)
    ,(#8425,#8426)
    ,(#8427,#8428)
    ,(#8429,#8430)
    ,(#8431,#8432)
    ,(#8433,#8434)
    ,(#8435,#8436)
    ,(#8437,#8438)
    ,(#8439,#8440
    )),.UNSPECIFIED.,.F.,.F.,.F.,(13,13),(2,2),(4.51980458175,
    9.424777960769),(0.,1.),.PIECEWISE_BEZIER_KNOTS.);
#8415 = CARTESIAN_POINT('',(36.5,1.571963673491E-14,70.794950141736));
#8416 = CARTESIAN_POINT('',(36.290219564169,3.,71.046160121303));
#8417 = CARTESIAN_POINT('',(40.342862530356,1.55766036258E-14,
    70.15078628484));
#8418 = CARTESIAN_POINT('',(40.051277019159,3.000000000001,
    70.312749540461));
#8419 = CARTESIAN_POINT('',(44.471407703766,1.581200178027E-14,
    71.210925325604));
#8420 = CARTESIAN_POINT('',(44.13936475669,2.999999999997,
    71.256423279695));
#8421 = CARTESIAN_POINT('',(48.054221296322,1.64567695583E-14,
    74.114701250498));
#8422 = CARTESIAN_POINT('',(47.731903068742,3.000000000008,
    74.037551298138));
#8423 = CARTESIAN_POINT('',(50.184205174439,1.744182425228E-14,
    78.550993203237));
#8424 = CARTESIAN_POINT('',(49.91874900234,2.999999999986,
    78.368427804719));
#8425 = CARTESIAN_POINT('',(50.154024341019,1.858759141817E-14,
    83.711069784599));
#8426 = CARTESIAN_POINT('',(49.9776990326,3.000000000019,83.458522456862
    ));
#8427 = CARTESIAN_POINT('',(47.761369873084,1.963703736173E-14,
    88.437354144929));
#8428 = CARTESIAN_POINT('',(47.685216336807,2.99999999998,88.15696721228
    ));
#8429 = CARTESIAN_POINT('',(43.495671399063,2.033449695433E-14,
    91.578432906272));
#8430 = CARTESIAN_POINT('',(43.512404707817,3.000000000017,
    91.306332728305));
#8431 = CARTESIAN_POINT('',(38.41158664452,2.053052391486E-14,
    92.461259852671));
#8432 = CARTESIAN_POINT('',(38.505128491449,2.999999999988,
    92.222697043119));
#8433 = CARTESIAN_POINT('',(33.684209885496,2.022692904175E-14,
    91.093990095268));
#8434 = CARTESIAN_POINT('',(33.835763566973,3.000000000006,
    90.90519271359));
#8435 = CARTESIAN_POINT('',(30.228080709776,1.954892395849E-14,
    88.040526654941));
#8436 = CARTESIAN_POINT('',(30.418452617025,2.999999999998,
    87.911367326339));
#8437 = CARTESIAN_POINT('',(28.499999999996,1.868373271593E-14,
    84.144051697336));
#8438 = CARTESIAN_POINT('',(28.709780435838,3.000000000001,
    84.079472122541));
#8439 = CARTESIAN_POINT('',(28.5,1.781854083494E-14,80.247573864507));
#8440 = CARTESIAN_POINT('',(28.709780435831,3.,80.247573864507));
#8441 = DEFINITIONAL_REPRESENTATION('',(#8442),#8445);
#8442 = B_SPLINE_CURVE_WITH_KNOTS('',1,(#8443,#8444),.UNSPECIFIED.,.F.,
  .F.,(2,2),(4.546306996858,9.424777960769),.PIECEWISE_BEZIER_KNOTS.);
#8443 = CARTESIAN_POINT('',(4.51980458175,0.));
#8444 = CARTESIAN_POINT('',(9.424777960769,0.));
#8445 = ( GEOMETRIC_REPRESENTATION_CONTEXT(2) 
PARAMETRIC_REPRESENTATION_CONTEXT() REPRESENTATION_CONTEXT('2D SPACE',''
  ) );
#8446 = ORIENTED_EDGE('',*,*,#8447,.T.);
#8447 = EDGE_CURVE('',#8398,#8448,#8450,.T.);
#8448 = VERTEX_POINT('',#8449);
#8449 = CARTESIAN_POINT('',(28.5,1.14855269866E-14,51.726215057001));
#8450 = SURFACE_CURVE('',#8451,(#8455,#8462),.PCURVE_S1.);
#8451 = LINE('',#8452,#8453);
#8452 = CARTESIAN_POINT('',(28.5,1.781854083494E-14,80.247573864507));
#8453 = VECTOR('',#8454,1.);
#8454 = DIRECTION('',(0.,-2.22044604925E-16,-1.));
#8455 = PCURVE('',#7889,#8456);
#8456 = DEFINITIONAL_REPRESENTATION('',(#8457),#8461);
#8457 = LINE('',#8458,#8459);
#8458 = CARTESIAN_POINT('',(-9.584505952768,0.));
#8459 = VECTOR('',#8460,1.);
#8460 = DIRECTION('',(0.,-1.));
#8461 = ( GEOMETRIC_REPRESENTATION_CONTEXT(2) 
PARAMETRIC_REPRESENTATION_CONTEXT() REPRESENTATION_CONTEXT('2D SPACE',''
  ) );
#8462 = PCURVE('',#8463,#8468);
#8463 = B_SPLINE_SURFACE_WITH_KNOTS('',1,1,(
    (#8464,#8465)
    ,(#8466,#8467
    )),.UNSPECIFIED.,.F.,.F.,.F.,(2,2),(2,2),(1.415580533464E-36,
    28.731139243336),(0.,1.),.PIECEWISE_BEZIER_KNOTS.);
#8464 = CARTESIAN_POINT('',(28.5,1.781854083494E-14,80.247573864507));
#8465 = CARTESIAN_POINT('',(28.709780435831,3.,80.247573864507));
#8466 = CARTESIAN_POINT('',(28.5,1.14855269866E-14,51.726215057001));
#8467 = CARTESIAN_POINT('',(28.709780435831,3.,51.516434621171));
#8468 = DEFINITIONAL_REPRESENTATION('',(#8469),#8472);
#8469 = B_SPLINE_CURVE_WITH_KNOTS('',1,(#8470,#8471),.UNSPECIFIED.,.F.,
  .F.,(2,2),(0.,28.521358807506),.PIECEWISE_BEZIER_KNOTS.);
#8470 = CARTESIAN_POINT('',(1.415580533464E-36,0.));
#8471 = CARTESIAN_POINT('',(28.731139243336,0.));
#8472 = ( GEOMETRIC_REPRESENTATION_CONTEXT(2) 
PARAMETRIC_REPRESENTATION_CONTEXT() REPRESENTATION_CONTEXT('2D SPACE',''
  ) );
#8473 = ORIENTED_EDGE('',*,*,#8474,.T.);
#8474 = EDGE_CURVE('',#8448,#8475,#8477,.T.);
#8475 = VERTEX_POINT('',#8476);
#8476 = CARTESIAN_POINT('',(13.576506,1.14855269866E-14,51.726215057001)
  );
#8477 = SURFACE_CURVE('',#8478,(#8482,#8489),.PCURVE_S1.);
#8478 = LINE('',#8479,#8480);
#8479 = CARTESIAN_POINT('',(28.5,1.14855269866E-14,51.726215057001));
#8480 = VECTOR('',#8481,1.);
#8481 = DIRECTION('',(-1.,0.,0.));
#8482 = PCURVE('',#7889,#8483);
#8483 = DEFINITIONAL_REPRESENTATION('',(#8484),#8488);
#8484 = LINE('',#8485,#8486);
#8485 = CARTESIAN_POINT('',(-9.584505952768,-28.5213588075));
#8486 = VECTOR('',#8487,1.);
#8487 = DIRECTION('',(-1.,0.));
#8488 = ( GEOMETRIC_REPRESENTATION_CONTEXT(2) 
PARAMETRIC_REPRESENTATION_CONTEXT() REPRESENTATION_CONTEXT('2D SPACE',''
  ) );
#8489 = PCURVE('',#8490,#8495);
#8490 = B_SPLINE_SURFACE_WITH_KNOTS('',1,1,(
    (#8491,#8492)
    ,(#8493,#8494
  )),.UNSPECIFIED.,.F.,.F.,.F.,(2,2),(2,2),(0.,14.923494),(0.,1.),
  .PIECEWISE_BEZIER_KNOTS.);
#8491 = CARTESIAN_POINT('',(28.5,1.14855269866E-14,51.726215057001));
#8492 = CARTESIAN_POINT('',(28.709780435831,3.,51.516434621171));
#8493 = CARTESIAN_POINT('',(13.576506,1.14855269866E-14,51.726215057001)
  );
#8494 = CARTESIAN_POINT('',(13.786286435831,3.,51.516434621171));
#8495 = DEFINITIONAL_REPRESENTATION('',(#8496),#8499);
#8496 = B_SPLINE_CURVE_WITH_KNOTS('',1,(#8497,#8498),.UNSPECIFIED.,.F.,
  .F.,(2,2),(0.,14.923494),.PIECEWISE_BEZIER_KNOTS.);
#8497 = CARTESIAN_POINT('',(0.,0.));
#8498 = CARTESIAN_POINT('',(14.923494,0.));
#8499 = ( GEOMETRIC_REPRESENTATION_CONTEXT(2) 
PARAMETRIC_REPRESENTATION_CONTEXT() REPRESENTATION_CONTEXT('2D SPACE',''
  ) );
#8500 = ORIENTED_EDGE('',*,*,#8501,.T.);
#8501 = EDGE_CURVE('',#8475,#8502,#8504,.T.);
#8502 = VERTEX_POINT('',#8503);
#8503 = CARTESIAN_POINT('',(13.576506,1.05973485669E-14,47.726215057001)
  );
#8504 = SURFACE_CURVE('',#8505,(#8509,#8516),.PCURVE_S1.);
#8505 = LINE('',#8506,#8507);
#8506 = CARTESIAN_POINT('',(13.576506,1.14855269866E-14,51.726215057001)
  );
#8507 = VECTOR('',#8508,1.);
#8508 = DIRECTION('',(0.,-2.22044604925E-16,-1.));
#8509 = PCURVE('',#7889,#8510);
#8510 = DEFINITIONAL_REPRESENTATION('',(#8511),#8515);
#8511 = LINE('',#8512,#8513);
#8512 = CARTESIAN_POINT('',(-24.50799995276,-28.5213588075));
#8513 = VECTOR('',#8514,1.);
#8514 = DIRECTION('',(0.,-1.));
#8515 = ( GEOMETRIC_REPRESENTATION_CONTEXT(2) 
PARAMETRIC_REPRESENTATION_CONTEXT() REPRESENTATION_CONTEXT('2D SPACE',''
  ) );
#8516 = PCURVE('',#8517,#8522);
#8517 = B_SPLINE_SURFACE_WITH_KNOTS('',1,1,(
    (#8518,#8519)
    ,(#8520,#8521
    )),.UNSPECIFIED.,.F.,.F.,.F.,(2,2),(2,2),(0.,4.),(0.,1.),
  .PIECEWISE_BEZIER_KNOTS.);
#8518 = CARTESIAN_POINT('',(13.576506,1.14855269866E-14,51.726215057001)
  );
#8519 = CARTESIAN_POINT('',(13.786286435831,3.,51.516434621171));
#8520 = CARTESIAN_POINT('',(13.576506,1.05973485669E-14,47.726215057001)
  );
#8521 = CARTESIAN_POINT('',(13.786286435831,3.,47.935995492832));
#8522 = DEFINITIONAL_REPRESENTATION('',(#8523),#8526);
#8523 = B_SPLINE_CURVE_WITH_KNOTS('',1,(#8524,#8525),.UNSPECIFIED.,.F.,
  .F.,(2,2),(0.,4.),.PIECEWISE_BEZIER_KNOTS.);
#8524 = CARTESIAN_POINT('',(0.,0.));
#8525 = CARTESIAN_POINT('',(4.,0.));
#8526 = ( GEOMETRIC_REPRESENTATION_CONTEXT(2) 
PARAMETRIC_REPRESENTATION_CONTEXT() REPRESENTATION_CONTEXT('2D SPACE',''
  ) );
#8527 = ORIENTED_EDGE('',*,*,#8528,.T.);
#8528 = EDGE_CURVE('',#8502,#8529,#8531,.T.);
#8529 = VERTEX_POINT('',#8530);
#8530 = CARTESIAN_POINT('',(28.5,1.05973485669E-14,47.726215057001));
#8531 = SURFACE_CURVE('',#8532,(#8536,#8543),.PCURVE_S1.);
#8532 = LINE('',#8533,#8534);
#8533 = CARTESIAN_POINT('',(13.576506,1.05973485669E-14,47.726215057001)
  );
#8534 = VECTOR('',#8535,1.);
#8535 = DIRECTION('',(1.,0.,0.));
#8536 = PCURVE('',#7889,#8537);
#8537 = DEFINITIONAL_REPRESENTATION('',(#8538),#8542);
#8538 = LINE('',#8539,#8540);
#8539 = CARTESIAN_POINT('',(-24.50799995276,-32.5213588075));
#8540 = VECTOR('',#8541,1.);
#8541 = DIRECTION('',(1.,0.));
#8542 = ( GEOMETRIC_REPRESENTATION_CONTEXT(2) 
PARAMETRIC_REPRESENTATION_CONTEXT() REPRESENTATION_CONTEXT('2D SPACE',''
  ) );
#8543 = PCURVE('',#8544,#8549);
#8544 = B_SPLINE_SURFACE_WITH_KNOTS('',1,1,(
    (#8545,#8546)
    ,(#8547,#8548
  )),.UNSPECIFIED.,.F.,.F.,.F.,(2,2),(2,2),(0.,14.923494),(0.,1.),
  .PIECEWISE_BEZIER_KNOTS.);
#8545 = CARTESIAN_POINT('',(13.576506,1.05973485669E-14,47.726215057001)
  );
#8546 = CARTESIAN_POINT('',(13.786286435831,3.,47.935995492832));
#8547 = CARTESIAN_POINT('',(28.5,1.05973485669E-14,47.726215057001));
#8548 = CARTESIAN_POINT('',(28.709780435831,3.,47.935995492832));
#8549 = DEFINITIONAL_REPRESENTATION('',(#8550),#8553);
#8550 = B_SPLINE_CURVE_WITH_KNOTS('',1,(#8551,#8552),.UNSPECIFIED.,.F.,
  .F.,(2,2),(0.,14.923494),.PIECEWISE_BEZIER_KNOTS.);
#8551 = CARTESIAN_POINT('',(0.,0.));
#8552 = CARTESIAN_POINT('',(14.923494,0.));
#8553 = ( GEOMETRIC_REPRESENTATION_CONTEXT(2) 
PARAMETRIC_REPRESENTATION_CONTEXT() REPRESENTATION_CONTEXT('2D SPACE',''
  ) );
#8554 = ORIENTED_EDGE('',*,*,#8555,.T.);
#8555 = EDGE_CURVE('',#8529,#8556,#8558,.T.);
#8556 = VERTEX_POINT('',#8557);
#8557 = CARTESIAN_POINT('',(28.5,4.122087116087E-16,1.856423));
#8558 = SURFACE_CURVE('',#8559,(#8563,#8570),.PCURVE_S1.);
#8559 = LINE('',#8560,#8561);
#8560 = CARTESIAN_POINT('',(28.5,1.05973485669E-14,47.726215057001));
#8561 = VECTOR('',#8562,1.);
#8562 = DIRECTION('',(0.,-2.22044604925E-16,-1.));
#8563 = PCURVE('',#7889,#8564);
#8564 = DEFINITIONAL_REPRESENTATION('',(#8565),#8569);
#8565 = LINE('',#8566,#8567);
#8566 = CARTESIAN_POINT('',(-9.584505952768,-32.5213588075));
#8567 = VECTOR('',#8568,1.);
#8568 = DIRECTION('',(0.,-1.));
#8569 = ( GEOMETRIC_REPRESENTATION_CONTEXT(2) 
PARAMETRIC_REPRESENTATION_CONTEXT() REPRESENTATION_CONTEXT('2D SPACE',''
  ) );
#8570 = PCURVE('',#8571,#8576);
#8571 = B_SPLINE_SURFACE_WITH_KNOTS('',1,1,(
    (#8572,#8573)
    ,(#8574,#8575
    )),.UNSPECIFIED.,.F.,.F.,.F.,(2,2),(2,2),(-0.209780435831,
    46.079572492832),(0.,1.),.PIECEWISE_BEZIER_KNOTS.);
#8572 = CARTESIAN_POINT('',(28.5,1.05973485669E-14,47.726215057001));
#8573 = CARTESIAN_POINT('',(28.709780435831,3.,47.935995492832));
#8574 = CARTESIAN_POINT('',(28.5,4.122087116087E-16,1.856423));
#8575 = CARTESIAN_POINT('',(28.709780435831,3.,1.646642564169));
#8576 = DEFINITIONAL_REPRESENTATION('',(#8577),#8580);
#8577 = B_SPLINE_CURVE_WITH_KNOTS('',1,(#8578,#8579),.UNSPECIFIED.,.F.,
  .F.,(2,2),(0.,45.869792057001),.PIECEWISE_BEZIER_KNOTS.);
#8578 = CARTESIAN_POINT('',(-0.209780435831,0.));
#8579 = CARTESIAN_POINT('',(46.079572492832,0.));
#8580 = ( GEOMETRIC_REPRESENTATION_CONTEXT(2) 
PARAMETRIC_REPRESENTATION_CONTEXT() REPRESENTATION_CONTEXT('2D SPACE',''
  ) );
#8581 = ORIENTED_EDGE('',*,*,#8582,.T.);
#8582 = EDGE_CURVE('',#8556,#7980,#8583,.T.);
#8583 = SURFACE_CURVE('',#8584,(#8588,#8595),.PCURVE_S1.);
#8584 = LINE('',#8585,#8586);
#8585 = CARTESIAN_POINT('',(28.5,4.122087116087E-16,1.856423));
#8586 = VECTOR('',#8587,1.);
#8587 = DIRECTION('',(-1.,0.,0.));
#8588 = PCURVE('',#7889,#8589);
#8589 = DEFINITIONAL_REPRESENTATION('',(#8590),#8594);
#8590 = LINE('',#8591,#8592);
#8591 = CARTESIAN_POINT('',(-9.584505952768,-78.3911508645));
#8592 = VECTOR('',#8593,1.);
#8593 = DIRECTION('',(-1.,0.));
#8594 = ( GEOMETRIC_REPRESENTATION_CONTEXT(2) 
PARAMETRIC_REPRESENTATION_CONTEXT() REPRESENTATION_CONTEXT('2D SPACE',''
  ) );
#8595 = PCURVE('',#8596,#8601);
#8596 = B_SPLINE_SURFACE_WITH_KNOTS('',1,1,(
    (#8597,#8598)
    ,(#8599,#8600
  )),.UNSPECIFIED.,.F.,.F.,.F.,(2,2),(2,2),(0.,14.923494),(0.,1.),
  .PIECEWISE_BEZIER_KNOTS.);
#8597 = CARTESIAN_POINT('',(28.5,4.122087116087E-16,1.856423));
#8598 = CARTESIAN_POINT('',(28.709780435831,3.,1.646642564169));
#8599 = CARTESIAN_POINT('',(13.576506,4.122087116087E-16,1.856423));
#8600 = CARTESIAN_POINT('',(13.786286435831,3.,1.646642564169));
#8601 = DEFINITIONAL_REPRESENTATION('',(#8602),#8605);
#8602 = B_SPLINE_CURVE_WITH_KNOTS('',1,(#8603,#8604),.UNSPECIFIED.,.F.,
  .F.,(2,2),(0.,14.923494),.PIECEWISE_BEZIER_KNOTS.);
#8603 = CARTESIAN_POINT('',(0.,0.));
#8604 = CARTESIAN_POINT('',(14.923494,0.));
#8605 = ( GEOMETRIC_REPRESENTATION_CONTEXT(2) 
PARAMETRIC_REPRESENTATION_CONTEXT() REPRESENTATION_CONTEXT('2D SPACE',''
  ) );
#8606 = ADVANCED_FACE('',(#8607),#7915,.F.);
#8607 = FACE_BOUND('',#8608,.F.);
#8608 = EDGE_LOOP('',(#8609,#8610,#8630,#8650));
#8609 = ORIENTED_EDGE('',*,*,#8002,.T.);
#8610 = ORIENTED_EDGE('',*,*,#8611,.T.);
#8611 = EDGE_CURVE('',#8003,#8612,#8614,.T.);
#8612 = VERTEX_POINT('',#8613);
#8613 = CARTESIAN_POINT('',(28.709780435831,3.,-35.08315756416));
#8614 = SURFACE_CURVE('',#8615,(#8618,#8624),.PCURVE_S1.);
#8615 = B_SPLINE_CURVE_WITH_KNOTS('',1,(#8616,#8617),.UNSPECIFIED.,.F.,
  .F.,(2,2),(0.,1.),.PIECEWISE_BEZIER_KNOTS.);
#8616 = CARTESIAN_POINT('',(28.5,-7.836606474854E-15,-35.292938));
#8617 = CARTESIAN_POINT('',(28.709780435831,3.,-35.08315756416));
#8618 = PCURVE('',#7915,#8619);
#8619 = DEFINITIONAL_REPRESENTATION('',(#8620),#8623);
#8620 = B_SPLINE_CURVE_WITH_KNOTS('',1,(#8621,#8622),.UNSPECIFIED.,.F.,
  .F.,(2,2),(0.,1.),.PIECEWISE_BEZIER_KNOTS.);
#8621 = CARTESIAN_POINT('',(33.149361,0.));
#8622 = CARTESIAN_POINT('',(33.149361,1.));
#8623 = ( GEOMETRIC_REPRESENTATION_CONTEXT(2) 
PARAMETRIC_REPRESENTATION_CONTEXT() REPRESENTATION_CONTEXT('2D SPACE',''
  ) );
#8624 = PCURVE('',#8040,#8625);
#8625 = DEFINITIONAL_REPRESENTATION('',(#8626),#8629);
#8626 = B_SPLINE_CURVE_WITH_KNOTS('',1,(#8627,#8628),.UNSPECIFIED.,.F.,
  .F.,(2,2),(0.,1.),.PIECEWISE_BEZIER_KNOTS.);
#8627 = CARTESIAN_POINT('',(0.,0.));
#8628 = CARTESIAN_POINT('',(0.,1.));
#8629 = ( GEOMETRIC_REPRESENTATION_CONTEXT(2) 
PARAMETRIC_REPRESENTATION_CONTEXT() REPRESENTATION_CONTEXT('2D SPACE',''
  ) );
#8630 = ORIENTED_EDGE('',*,*,#8631,.F.);
#8631 = EDGE_CURVE('',#7902,#8612,#8632,.T.);
#8632 = SURFACE_CURVE('',#8633,(#8637,#8643),.PCURVE_S1.);
#8633 = LINE('',#8634,#8635);
#8634 = CARTESIAN_POINT('',(28.709780435831,3.,-2.143577));
#8635 = VECTOR('',#8636,1.);
#8636 = DIRECTION('',(1.509996779006E-37,-2.215524937112E-16,-1.));
#8637 = PCURVE('',#7915,#8638);
#8638 = DEFINITIONAL_REPRESENTATION('',(#8639),#8642);
#8639 = B_SPLINE_CURVE_WITH_KNOTS('',1,(#8640,#8641),.UNSPECIFIED.,.F.,
  .F.,(2,2),(-0.209780435831,32.939580564169),.PIECEWISE_BEZIER_KNOTS.);
#8640 = CARTESIAN_POINT('',(0.,1.));
#8641 = CARTESIAN_POINT('',(33.149361,1.));
#8642 = ( GEOMETRIC_REPRESENTATION_CONTEXT(2) 
PARAMETRIC_REPRESENTATION_CONTEXT() REPRESENTATION_CONTEXT('2D SPACE',''
  ) );
#8643 = PCURVE('',#7941,#8644);
#8644 = DEFINITIONAL_REPRESENTATION('',(#8645),#8649);
#8645 = LINE('',#8646,#8647);
#8646 = CARTESIAN_POINT('',(-9.374725516938,-82.3911508645));
#8647 = VECTOR('',#8648,1.);
#8648 = DIRECTION('',(1.509996779006E-37,-1.));
#8649 = ( GEOMETRIC_REPRESENTATION_CONTEXT(2) 
PARAMETRIC_REPRESENTATION_CONTEXT() REPRESENTATION_CONTEXT('2D SPACE',''
  ) );
#8650 = ORIENTED_EDGE('',*,*,#7901,.F.);
#8651 = ADVANCED_FACE('',(#8652),#7941,.F.);
#8652 = FACE_BOUND('',#8653,.F.);
#8653 = EDGE_LOOP('',(#8654,#8655,#8656,#8678,#8700,#8722,#8744,#8766,
    #8788,#8810,#8832,#8854,#8876,#8899,#8921,#8943,#8965,#8987,#9009,
    #9031));
#8654 = ORIENTED_EDGE('',*,*,#7926,.T.);
#8655 = ORIENTED_EDGE('',*,*,#8631,.T.);
#8656 = ORIENTED_EDGE('',*,*,#8657,.T.);
#8657 = EDGE_CURVE('',#8612,#8658,#8660,.T.);
#8658 = VERTEX_POINT('',#8659);
#8659 = CARTESIAN_POINT('',(36.290219564169,3.,-35.08315756416));
#8660 = SURFACE_CURVE('',#8661,(#8665,#8672),.PCURVE_S1.);
#8661 = LINE('',#8662,#8663);
#8662 = CARTESIAN_POINT('',(28.5,3.,-35.08315756416));
#8663 = VECTOR('',#8664,1.);
#8664 = DIRECTION('',(1.,-3.068405548742E-19,6.798129010412E-35));
#8665 = PCURVE('',#7941,#8666);
#8666 = DEFINITIONAL_REPRESENTATION('',(#8667),#8671);
#8667 = LINE('',#8668,#8669);
#8668 = CARTESIAN_POINT('',(-9.584505952768,-115.3307314286));
#8669 = VECTOR('',#8670,1.);
#8670 = DIRECTION('',(1.,-1.069105884037E-50));
#8671 = ( GEOMETRIC_REPRESENTATION_CONTEXT(2) 
PARAMETRIC_REPRESENTATION_CONTEXT() REPRESENTATION_CONTEXT('2D SPACE',''
  ) );
#8672 = PCURVE('',#8040,#8673);
#8673 = DEFINITIONAL_REPRESENTATION('',(#8674),#8677);
#8674 = B_SPLINE_CURVE_WITH_KNOTS('',1,(#8675,#8676),.UNSPECIFIED.,.F.,
  .F.,(2,2),(0.209780435831,7.790219564169),.PIECEWISE_BEZIER_KNOTS.);
#8675 = CARTESIAN_POINT('',(0.,1.));
#8676 = CARTESIAN_POINT('',(8.,1.));
#8677 = ( GEOMETRIC_REPRESENTATION_CONTEXT(2) 
PARAMETRIC_REPRESENTATION_CONTEXT() REPRESENTATION_CONTEXT('2D SPACE',''
  ) );
#8678 = ORIENTED_EDGE('',*,*,#8679,.T.);
#8679 = EDGE_CURVE('',#8658,#8680,#8682,.T.);
#8680 = VERTEX_POINT('',#8681);
#8681 = CARTESIAN_POINT('',(36.290219564169,3.,-1.933796564169));
#8682 = SURFACE_CURVE('',#8683,(#8687,#8694),.PCURVE_S1.);
#8683 = LINE('',#8684,#8685);
#8684 = CARTESIAN_POINT('',(36.290219564169,3.,-35.292938));
#8685 = VECTOR('',#8686,1.);
#8686 = DIRECTION('',(-1.509996779006E-37,2.215524937112E-16,1.));
#8687 = PCURVE('',#7941,#8688);
#8688 = DEFINITIONAL_REPRESENTATION('',(#8689),#8693);
#8689 = LINE('',#8690,#8691);
#8690 = CARTESIAN_POINT('',(-1.794286388599,-115.5405118645));
#8691 = VECTOR('',#8692,1.);
#8692 = DIRECTION('',(-1.509996779006E-37,1.));
#8693 = ( GEOMETRIC_REPRESENTATION_CONTEXT(2) 
PARAMETRIC_REPRESENTATION_CONTEXT() REPRESENTATION_CONTEXT('2D SPACE',''
  ) );
#8694 = PCURVE('',#8170,#8695);
#8695 = DEFINITIONAL_REPRESENTATION('',(#8696),#8699);
#8696 = B_SPLINE_CURVE_WITH_KNOTS('',1,(#8697,#8698),.UNSPECIFIED.,.F.,
  .F.,(2,2),(0.209780435831,33.359141435831),.PIECEWISE_BEZIER_KNOTS.);
#8697 = CARTESIAN_POINT('',(0.,1.));
#8698 = CARTESIAN_POINT('',(33.149361,1.));
#8699 = ( GEOMETRIC_REPRESENTATION_CONTEXT(2) 
PARAMETRIC_REPRESENTATION_CONTEXT() REPRESENTATION_CONTEXT('2D SPACE',''
  ) );
#8700 = ORIENTED_EDGE('',*,*,#8701,.T.);
#8701 = EDGE_CURVE('',#8680,#8702,#8704,.T.);
#8702 = VERTEX_POINT('',#8703);
#8703 = CARTESIAN_POINT('',(51.213713564169,3.,-1.933796564169));
#8704 = SURFACE_CURVE('',#8705,(#8709,#8716),.PCURVE_S1.);
#8705 = LINE('',#8706,#8707);
#8706 = CARTESIAN_POINT('',(36.5,3.,-1.933796564169));
#8707 = VECTOR('',#8708,1.);
#8708 = DIRECTION('',(1.,-3.068405548742E-19,6.798129010412E-35));
#8709 = PCURVE('',#7941,#8710);
#8710 = DEFINITIONAL_REPRESENTATION('',(#8711),#8715);
#8711 = LINE('',#8712,#8713);
#8712 = CARTESIAN_POINT('',(-1.584505952768,-82.18137042867));
#8713 = VECTOR('',#8714,1.);
#8714 = DIRECTION('',(1.,-1.069105884037E-50));
#8715 = ( GEOMETRIC_REPRESENTATION_CONTEXT(2) 
PARAMETRIC_REPRESENTATION_CONTEXT() REPRESENTATION_CONTEXT('2D SPACE',''
  ) );
#8716 = PCURVE('',#8197,#8717);
#8717 = DEFINITIONAL_REPRESENTATION('',(#8718),#8721);
#8718 = B_SPLINE_CURVE_WITH_KNOTS('',1,(#8719,#8720),.UNSPECIFIED.,.F.,
  .F.,(2,2),(-0.209780435831,14.713713564169),.PIECEWISE_BEZIER_KNOTS.);
#8719 = CARTESIAN_POINT('',(0.,1.));
#8720 = CARTESIAN_POINT('',(14.923494,1.));
#8721 = ( GEOMETRIC_REPRESENTATION_CONTEXT(2) 
PARAMETRIC_REPRESENTATION_CONTEXT() REPRESENTATION_CONTEXT('2D SPACE',''
  ) );
#8722 = ORIENTED_EDGE('',*,*,#8723,.T.);
#8723 = EDGE_CURVE('',#8702,#8724,#8726,.T.);
#8724 = VERTEX_POINT('',#8725);
#8725 = CARTESIAN_POINT('',(51.213713564169,3.,1.646642564169));
#8726 = SURFACE_CURVE('',#8727,(#8731,#8738),.PCURVE_S1.);
#8727 = LINE('',#8728,#8729);
#8728 = CARTESIAN_POINT('',(51.213713564169,3.,-2.143577));
#8729 = VECTOR('',#8730,1.);
#8730 = DIRECTION('',(-1.509996779006E-37,2.215524937112E-16,1.));
#8731 = PCURVE('',#7941,#8732);
#8732 = DEFINITIONAL_REPRESENTATION('',(#8733),#8737);
#8733 = LINE('',#8734,#8735);
#8734 = CARTESIAN_POINT('',(13.129207611401,-82.3911508645));
#8735 = VECTOR('',#8736,1.);
#8736 = DIRECTION('',(-1.509996779006E-37,1.));
#8737 = ( GEOMETRIC_REPRESENTATION_CONTEXT(2) 
PARAMETRIC_REPRESENTATION_CONTEXT() REPRESENTATION_CONTEXT('2D SPACE',''
  ) );
#8738 = PCURVE('',#8224,#8739);
#8739 = DEFINITIONAL_REPRESENTATION('',(#8740),#8743);
#8740 = B_SPLINE_CURVE_WITH_KNOTS('',1,(#8741,#8742),.UNSPECIFIED.,.F.,
  .F.,(2,2),(0.209780435831,3.790219564169),.PIECEWISE_BEZIER_KNOTS.);
#8741 = CARTESIAN_POINT('',(0.,1.));
#8742 = CARTESIAN_POINT('',(4.,1.));
#8743 = ( GEOMETRIC_REPRESENTATION_CONTEXT(2) 
PARAMETRIC_REPRESENTATION_CONTEXT() REPRESENTATION_CONTEXT('2D SPACE',''
  ) );
#8744 = ORIENTED_EDGE('',*,*,#8745,.T.);
#8745 = EDGE_CURVE('',#8724,#8746,#8748,.T.);
#8746 = VERTEX_POINT('',#8747);
#8747 = CARTESIAN_POINT('',(36.290219564169,3.,1.646642564169));
#8748 = SURFACE_CURVE('',#8749,(#8753,#8760),.PCURVE_S1.);
#8749 = LINE('',#8750,#8751);
#8750 = CARTESIAN_POINT('',(51.423494,3.,1.646642564169));
#8751 = VECTOR('',#8752,1.);
#8752 = DIRECTION('',(-1.,3.068405548742E-19,-6.798129010412E-35));
#8753 = PCURVE('',#7941,#8754);
#8754 = DEFINITIONAL_REPRESENTATION('',(#8755),#8759);
#8755 = LINE('',#8756,#8757);
#8756 = CARTESIAN_POINT('',(13.338988047232,-78.60093130033));
#8757 = VECTOR('',#8758,1.);
#8758 = DIRECTION('',(-1.,1.069105884037E-50));
#8759 = ( GEOMETRIC_REPRESENTATION_CONTEXT(2) 
PARAMETRIC_REPRESENTATION_CONTEXT() REPRESENTATION_CONTEXT('2D SPACE',''
  ) );
#8760 = PCURVE('',#8251,#8761);
#8761 = DEFINITIONAL_REPRESENTATION('',(#8762),#8765);
#8762 = B_SPLINE_CURVE_WITH_KNOTS('',1,(#8763,#8764),.UNSPECIFIED.,.F.,
  .F.,(2,2),(0.209780435831,15.133274435831),.PIECEWISE_BEZIER_KNOTS.);
#8763 = CARTESIAN_POINT('',(0.,1.));
#8764 = CARTESIAN_POINT('',(14.923494,1.));
#8765 = ( GEOMETRIC_REPRESENTATION_CONTEXT(2) 
PARAMETRIC_REPRESENTATION_CONTEXT() REPRESENTATION_CONTEXT('2D SPACE',''
  ) );
#8766 = ORIENTED_EDGE('',*,*,#8767,.T.);
#8767 = EDGE_CURVE('',#8746,#8768,#8770,.T.);
#8768 = VERTEX_POINT('',#8769);
#8769 = CARTESIAN_POINT('',(36.290219564169,3.,47.935995492832));
#8770 = SURFACE_CURVE('',#8771,(#8775,#8782),.PCURVE_S1.);
#8771 = LINE('',#8772,#8773);
#8772 = CARTESIAN_POINT('',(36.290219564169,3.,1.856423));
#8773 = VECTOR('',#8774,1.);
#8774 = DIRECTION('',(-1.509996779006E-37,2.215524937112E-16,1.));
#8775 = PCURVE('',#7941,#8776);
#8776 = DEFINITIONAL_REPRESENTATION('',(#8777),#8781);
#8777 = LINE('',#8778,#8779);
#8778 = CARTESIAN_POINT('',(-1.794286388599,-78.3911508645));
#8779 = VECTOR('',#8780,1.);
#8780 = DIRECTION('',(-1.509996779006E-37,1.));
#8781 = ( GEOMETRIC_REPRESENTATION_CONTEXT(2) 
PARAMETRIC_REPRESENTATION_CONTEXT() REPRESENTATION_CONTEXT('2D SPACE',''
  ) );
#8782 = PCURVE('',#8278,#8783);
#8783 = DEFINITIONAL_REPRESENTATION('',(#8784),#8787);
#8784 = B_SPLINE_CURVE_WITH_KNOTS('',1,(#8785,#8786),.UNSPECIFIED.,.F.,
  .F.,(2,2),(-0.209780435831,46.079572492832),.PIECEWISE_BEZIER_KNOTS.);
#8785 = CARTESIAN_POINT('',(-0.209780435831,1.));
#8786 = CARTESIAN_POINT('',(46.079572492832,1.));
#8787 = ( GEOMETRIC_REPRESENTATION_CONTEXT(2) 
PARAMETRIC_REPRESENTATION_CONTEXT() REPRESENTATION_CONTEXT('2D SPACE',''
  ) );
#8788 = ORIENTED_EDGE('',*,*,#8789,.T.);
#8789 = EDGE_CURVE('',#8768,#8790,#8792,.T.);
#8790 = VERTEX_POINT('',#8791);
#8791 = CARTESIAN_POINT('',(51.213713564169,3.,47.935995492832));
#8792 = SURFACE_CURVE('',#8793,(#8797,#8804),.PCURVE_S1.);
#8793 = LINE('',#8794,#8795);
#8794 = CARTESIAN_POINT('',(36.5,3.,47.935995492832));
#8795 = VECTOR('',#8796,1.);
#8796 = DIRECTION('',(1.,-3.068405548742E-19,6.798129010412E-35));
#8797 = PCURVE('',#7941,#8798);
#8798 = DEFINITIONAL_REPRESENTATION('',(#8799),#8803);
#8799 = LINE('',#8800,#8801);
#8800 = CARTESIAN_POINT('',(-1.584505952768,-32.31157837167));
#8801 = VECTOR('',#8802,1.);
#8802 = DIRECTION('',(1.,-1.069105884037E-50));
#8803 = ( GEOMETRIC_REPRESENTATION_CONTEXT(2) 
PARAMETRIC_REPRESENTATION_CONTEXT() REPRESENTATION_CONTEXT('2D SPACE',''
  ) );
#8804 = PCURVE('',#8305,#8805);
#8805 = DEFINITIONAL_REPRESENTATION('',(#8806),#8809);
#8806 = B_SPLINE_CURVE_WITH_KNOTS('',1,(#8807,#8808),.UNSPECIFIED.,.F.,
  .F.,(2,2),(-0.209780435831,14.713713564169),.PIECEWISE_BEZIER_KNOTS.);
#8807 = CARTESIAN_POINT('',(0.,1.));
#8808 = CARTESIAN_POINT('',(14.923494,1.));
#8809 = ( GEOMETRIC_REPRESENTATION_CONTEXT(2) 
PARAMETRIC_REPRESENTATION_CONTEXT() REPRESENTATION_CONTEXT('2D SPACE',''
  ) );
#8810 = ORIENTED_EDGE('',*,*,#8811,.T.);
#8811 = EDGE_CURVE('',#8790,#8812,#8814,.T.);
#8812 = VERTEX_POINT('',#8813);
#8813 = CARTESIAN_POINT('',(51.213713564169,3.,51.516434621171));
#8814 = SURFACE_CURVE('',#8815,(#8819,#8826),.PCURVE_S1.);
#8815 = LINE('',#8816,#8817);
#8816 = CARTESIAN_POINT('',(51.213713564169,3.,47.726215057001));
#8817 = VECTOR('',#8818,1.);
#8818 = DIRECTION('',(-1.509996779006E-37,2.215524937112E-16,1.));
#8819 = PCURVE('',#7941,#8820);
#8820 = DEFINITIONAL_REPRESENTATION('',(#8821),#8825);
#8821 = LINE('',#8822,#8823);
#8822 = CARTESIAN_POINT('',(13.129207611401,-32.5213588075));
#8823 = VECTOR('',#8824,1.);
#8824 = DIRECTION('',(-1.509996779006E-37,1.));
#8825 = ( GEOMETRIC_REPRESENTATION_CONTEXT(2) 
PARAMETRIC_REPRESENTATION_CONTEXT() REPRESENTATION_CONTEXT('2D SPACE',''
  ) );
#8826 = PCURVE('',#8332,#8827);
#8827 = DEFINITIONAL_REPRESENTATION('',(#8828),#8831);
#8828 = B_SPLINE_CURVE_WITH_KNOTS('',1,(#8829,#8830),.UNSPECIFIED.,.F.,
  .F.,(2,2),(0.209780435831,3.790219564169),.PIECEWISE_BEZIER_KNOTS.);
#8829 = CARTESIAN_POINT('',(0.,1.));
#8830 = CARTESIAN_POINT('',(4.,1.));
#8831 = ( GEOMETRIC_REPRESENTATION_CONTEXT(2) 
PARAMETRIC_REPRESENTATION_CONTEXT() REPRESENTATION_CONTEXT('2D SPACE',''
  ) );
#8832 = ORIENTED_EDGE('',*,*,#8833,.T.);
#8833 = EDGE_CURVE('',#8812,#8834,#8836,.T.);
#8834 = VERTEX_POINT('',#8835);
#8835 = CARTESIAN_POINT('',(36.290219564169,3.,51.516434621171));
#8836 = SURFACE_CURVE('',#8837,(#8841,#8848),.PCURVE_S1.);
#8837 = LINE('',#8838,#8839);
#8838 = CARTESIAN_POINT('',(51.423494,3.,51.516434621171));
#8839 = VECTOR('',#8840,1.);
#8840 = DIRECTION('',(-1.,3.068405548742E-19,-6.798129010412E-35));
#8841 = PCURVE('',#7941,#8842);
#8842 = DEFINITIONAL_REPRESENTATION('',(#8843),#8847);
#8843 = LINE('',#8844,#8845);
#8844 = CARTESIAN_POINT('',(13.338988047232,-28.73113924333));
#8845 = VECTOR('',#8846,1.);
#8846 = DIRECTION('',(-1.,1.069105884037E-50));
#8847 = ( GEOMETRIC_REPRESENTATION_CONTEXT(2) 
PARAMETRIC_REPRESENTATION_CONTEXT() REPRESENTATION_CONTEXT('2D SPACE',''
  ) );
#8848 = PCURVE('',#8359,#8849);
#8849 = DEFINITIONAL_REPRESENTATION('',(#8850),#8853);
#8850 = B_SPLINE_CURVE_WITH_KNOTS('',1,(#8851,#8852),.UNSPECIFIED.,.F.,
  .F.,(2,2),(0.209780435831,15.133274435831),.PIECEWISE_BEZIER_KNOTS.);
#8851 = CARTESIAN_POINT('',(0.,1.));
#8852 = CARTESIAN_POINT('',(14.923494,1.));
#8853 = ( GEOMETRIC_REPRESENTATION_CONTEXT(2) 
PARAMETRIC_REPRESENTATION_CONTEXT() REPRESENTATION_CONTEXT('2D SPACE',''
  ) );
#8854 = ORIENTED_EDGE('',*,*,#8855,.T.);
#8855 = EDGE_CURVE('',#8834,#8856,#8858,.T.);
#8856 = VERTEX_POINT('',#8857);
#8857 = CARTESIAN_POINT('',(36.290219564169,3.,71.046160121303));
#8858 = SURFACE_CURVE('',#8859,(#8863,#8870),.PCURVE_S1.);
#8859 = LINE('',#8860,#8861);
#8860 = CARTESIAN_POINT('',(36.290219564169,3.,51.726215057001));
#8861 = VECTOR('',#8862,1.);
#8862 = DIRECTION('',(-1.509996779006E-37,2.215524937112E-16,1.));
#8863 = PCURVE('',#7941,#8864);
#8864 = DEFINITIONAL_REPRESENTATION('',(#8865),#8869);
#8865 = LINE('',#8866,#8867);
#8866 = CARTESIAN_POINT('',(-1.794286388599,-28.5213588075));
#8867 = VECTOR('',#8868,1.);
#8868 = DIRECTION('',(-1.509996779006E-37,1.));
#8869 = ( GEOMETRIC_REPRESENTATION_CONTEXT(2) 
PARAMETRIC_REPRESENTATION_CONTEXT() REPRESENTATION_CONTEXT('2D SPACE',''
  ) );
#8870 = PCURVE('',#8386,#8871);
#8871 = DEFINITIONAL_REPRESENTATION('',(#8872),#8875);
#8872 = B_SPLINE_CURVE_WITH_KNOTS('',1,(#8873,#8874),.UNSPECIFIED.,.F.,
  .F.,(2,2),(-0.209780435831,19.319945064302),.PIECEWISE_BEZIER_KNOTS.);
#8873 = CARTESIAN_POINT('',(-0.209780435831,1.));
#8874 = CARTESIAN_POINT('',(19.319945064302,1.));
#8875 = ( GEOMETRIC_REPRESENTATION_CONTEXT(2) 
PARAMETRIC_REPRESENTATION_CONTEXT() REPRESENTATION_CONTEXT('2D SPACE',''
  ) );
#8876 = ORIENTED_EDGE('',*,*,#8877,.T.);
#8877 = EDGE_CURVE('',#8856,#8878,#8880,.T.);
#8878 = VERTEX_POINT('',#8879);
#8879 = CARTESIAN_POINT('',(28.709780435831,3.,80.247573864507));
#8880 = SURFACE_CURVE('',#8881,(#8886,#8893),.PCURVE_S1.);
#8881 = CIRCLE('',#8882,9.374725516938);
#8882 = AXIS2_PLACEMENT_3D('',#8883,#8884,#8885);
#8883 = CARTESIAN_POINT('',(38.084505952768,3.,80.247573864507));
#8884 = DIRECTION('',(-3.068405548742E-19,-1.,2.215524937112E-16));
#8885 = DIRECTION('',(1.,-3.068405548742E-19,6.798129010412E-35));
#8886 = PCURVE('',#7941,#8887);
#8887 = DEFINITIONAL_REPRESENTATION('',(#8888),#8892);
#8888 = CIRCLE('',#8889,9.374725516938);
#8889 = AXIS2_PLACEMENT_2D('',#8890,#8891);
#8890 = CARTESIAN_POINT('',(0.,0.));
#8891 = DIRECTION('',(1.,-1.069105884037E-50));
#8892 = ( GEOMETRIC_REPRESENTATION_CONTEXT(2) 
PARAMETRIC_REPRESENTATION_CONTEXT() REPRESENTATION_CONTEXT('2D SPACE',''
  ) );
#8893 = PCURVE('',#8414,#8894);
#8894 = DEFINITIONAL_REPRESENTATION('',(#8895),#8898);
#8895 = B_SPLINE_CURVE_WITH_KNOTS('',1,(#8896,#8897),.UNSPECIFIED.,.F.,
  .F.,(2,2),(4.51980458175,9.424777960769),.PIECEWISE_BEZIER_KNOTS.);
#8896 = CARTESIAN_POINT('',(4.51980458175,1.));
#8897 = CARTESIAN_POINT('',(9.424777960769,1.));
#8898 = ( GEOMETRIC_REPRESENTATION_CONTEXT(2) 
PARAMETRIC_REPRESENTATION_CONTEXT() REPRESENTATION_CONTEXT('2D SPACE',''
  ) );
#8899 = ORIENTED_EDGE('',*,*,#8900,.T.);
#8900 = EDGE_CURVE('',#8878,#8901,#8903,.T.);
#8901 = VERTEX_POINT('',#8902);
#8902 = CARTESIAN_POINT('',(28.709780435831,3.,51.516434621171));
#8903 = SURFACE_CURVE('',#8904,(#8908,#8915),.PCURVE_S1.);
#8904 = LINE('',#8905,#8906);
#8905 = CARTESIAN_POINT('',(28.709780435831,3.,80.247573864507));
#8906 = VECTOR('',#8907,1.);
#8907 = DIRECTION('',(1.509996779006E-37,-2.215524937112E-16,-1.));
#8908 = PCURVE('',#7941,#8909);
#8909 = DEFINITIONAL_REPRESENTATION('',(#8910),#8914);
#8910 = LINE('',#8911,#8912);
#8911 = CARTESIAN_POINT('',(-9.374725516938,0.));
#8912 = VECTOR('',#8913,1.);
#8913 = DIRECTION('',(1.509996779006E-37,-1.));
#8914 = ( GEOMETRIC_REPRESENTATION_CONTEXT(2) 
PARAMETRIC_REPRESENTATION_CONTEXT() REPRESENTATION_CONTEXT('2D SPACE',''
  ) );
#8915 = PCURVE('',#8463,#8916);
#8916 = DEFINITIONAL_REPRESENTATION('',(#8917),#8920);
#8917 = B_SPLINE_CURVE_WITH_KNOTS('',1,(#8918,#8919),.UNSPECIFIED.,.F.,
  .F.,(2,2),(1.415580533464E-36,28.731139243336),
  .PIECEWISE_BEZIER_KNOTS.);
#8918 = CARTESIAN_POINT('',(1.415580533464E-36,1.));
#8919 = CARTESIAN_POINT('',(28.731139243336,1.));
#8920 = ( GEOMETRIC_REPRESENTATION_CONTEXT(2) 
PARAMETRIC_REPRESENTATION_CONTEXT() REPRESENTATION_CONTEXT('2D SPACE',''
  ) );
#8921 = ORIENTED_EDGE('',*,*,#8922,.T.);
#8922 = EDGE_CURVE('',#8901,#8923,#8925,.T.);
#8923 = VERTEX_POINT('',#8924);
#8924 = CARTESIAN_POINT('',(13.786286435831,3.,51.516434621171));
#8925 = SURFACE_CURVE('',#8926,(#8930,#8937),.PCURVE_S1.);
#8926 = LINE('',#8927,#8928);
#8927 = CARTESIAN_POINT('',(28.5,3.,51.516434621171));
#8928 = VECTOR('',#8929,1.);
#8929 = DIRECTION('',(-1.,3.068405548742E-19,-6.798129010412E-35));
#8930 = PCURVE('',#7941,#8931);
#8931 = DEFINITIONAL_REPRESENTATION('',(#8932),#8936);
#8932 = LINE('',#8933,#8934);
#8933 = CARTESIAN_POINT('',(-9.584505952768,-28.73113924333));
#8934 = VECTOR('',#8935,1.);
#8935 = DIRECTION('',(-1.,1.069105884037E-50));
#8936 = ( GEOMETRIC_REPRESENTATION_CONTEXT(2) 
PARAMETRIC_REPRESENTATION_CONTEXT() REPRESENTATION_CONTEXT('2D SPACE',''
  ) );
#8937 = PCURVE('',#8490,#8938);
#8938 = DEFINITIONAL_REPRESENTATION('',(#8939),#8942);
#8939 = B_SPLINE_CURVE_WITH_KNOTS('',1,(#8940,#8941),.UNSPECIFIED.,.F.,
  .F.,(2,2),(-0.209780435831,14.713713564169),.PIECEWISE_BEZIER_KNOTS.);
#8940 = CARTESIAN_POINT('',(0.,1.));
#8941 = CARTESIAN_POINT('',(14.923494,1.));
#8942 = ( GEOMETRIC_REPRESENTATION_CONTEXT(2) 
PARAMETRIC_REPRESENTATION_CONTEXT() REPRESENTATION_CONTEXT('2D SPACE',''
  ) );
#8943 = ORIENTED_EDGE('',*,*,#8944,.T.);
#8944 = EDGE_CURVE('',#8923,#8945,#8947,.T.);
#8945 = VERTEX_POINT('',#8946);
#8946 = CARTESIAN_POINT('',(13.786286435831,3.,47.935995492832));
#8947 = SURFACE_CURVE('',#8948,(#8952,#8959),.PCURVE_S1.);
#8948 = LINE('',#8949,#8950);
#8949 = CARTESIAN_POINT('',(13.786286435831,3.,51.726215057001));
#8950 = VECTOR('',#8951,1.);
#8951 = DIRECTION('',(1.509996779006E-37,-2.215524937112E-16,-1.));
#8952 = PCURVE('',#7941,#8953);
#8953 = DEFINITIONAL_REPRESENTATION('',(#8954),#8958);
#8954 = LINE('',#8955,#8956);
#8955 = CARTESIAN_POINT('',(-24.29821951693,-28.5213588075));
#8956 = VECTOR('',#8957,1.);
#8957 = DIRECTION('',(1.509996779006E-37,-1.));
#8958 = ( GEOMETRIC_REPRESENTATION_CONTEXT(2) 
PARAMETRIC_REPRESENTATION_CONTEXT() REPRESENTATION_CONTEXT('2D SPACE',''
  ) );
#8959 = PCURVE('',#8517,#8960);
#8960 = DEFINITIONAL_REPRESENTATION('',(#8961),#8964);
#8961 = B_SPLINE_CURVE_WITH_KNOTS('',1,(#8962,#8963),.UNSPECIFIED.,.F.,
  .F.,(2,2),(0.209780435831,3.790219564169),.PIECEWISE_BEZIER_KNOTS.);
#8962 = CARTESIAN_POINT('',(0.,1.));
#8963 = CARTESIAN_POINT('',(4.,1.));
#8964 = ( GEOMETRIC_REPRESENTATION_CONTEXT(2) 
PARAMETRIC_REPRESENTATION_CONTEXT() REPRESENTATION_CONTEXT('2D SPACE',''
  ) );
#8965 = ORIENTED_EDGE('',*,*,#8966,.T.);
#8966 = EDGE_CURVE('',#8945,#8967,#8969,.T.);
#8967 = VERTEX_POINT('',#8968);
#8968 = CARTESIAN_POINT('',(28.709780435831,3.,47.935995492832));
#8969 = SURFACE_CURVE('',#8970,(#8974,#8981),.PCURVE_S1.);
#8970 = LINE('',#8971,#8972);
#8971 = CARTESIAN_POINT('',(13.576506,3.,47.935995492832));
#8972 = VECTOR('',#8973,1.);
#8973 = DIRECTION('',(1.,-3.068405548742E-19,6.798129010412E-35));
#8974 = PCURVE('',#7941,#8975);
#8975 = DEFINITIONAL_REPRESENTATION('',(#8976),#8980);
#8976 = LINE('',#8977,#8978);
#8977 = CARTESIAN_POINT('',(-24.50799995276,-32.31157837167));
#8978 = VECTOR('',#8979,1.);
#8979 = DIRECTION('',(1.,-1.069105884037E-50));
#8980 = ( GEOMETRIC_REPRESENTATION_CONTEXT(2) 
PARAMETRIC_REPRESENTATION_CONTEXT() REPRESENTATION_CONTEXT('2D SPACE',''
  ) );
#8981 = PCURVE('',#8544,#8982);
#8982 = DEFINITIONAL_REPRESENTATION('',(#8983),#8986);
#8983 = B_SPLINE_CURVE_WITH_KNOTS('',1,(#8984,#8985),.UNSPECIFIED.,.F.,
  .F.,(2,2),(0.209780435831,15.133274435831),.PIECEWISE_BEZIER_KNOTS.);
#8984 = CARTESIAN_POINT('',(0.,1.));
#8985 = CARTESIAN_POINT('',(14.923494,1.));
#8986 = ( GEOMETRIC_REPRESENTATION_CONTEXT(2) 
PARAMETRIC_REPRESENTATION_CONTEXT() REPRESENTATION_CONTEXT('2D SPACE',''
  ) );
#8987 = ORIENTED_EDGE('',*,*,#8988,.T.);
#8988 = EDGE_CURVE('',#8967,#8989,#8991,.T.);
#8989 = VERTEX_POINT('',#8990);
#8990 = CARTESIAN_POINT('',(28.709780435831,3.,1.646642564169));
#8991 = SURFACE_CURVE('',#8992,(#8996,#9003),.PCURVE_S1.);
#8992 = LINE('',#8993,#8994);
#8993 = CARTESIAN_POINT('',(28.709780435831,3.,47.726215057001));
#8994 = VECTOR('',#8995,1.);
#8995 = DIRECTION('',(1.509996779006E-37,-2.215524937112E-16,-1.));
#8996 = PCURVE('',#7941,#8997);
#8997 = DEFINITIONAL_REPRESENTATION('',(#8998),#9002);
#8998 = LINE('',#8999,#9000);
#8999 = CARTESIAN_POINT('',(-9.374725516938,-32.5213588075));
#9000 = VECTOR('',#9001,1.);
#9001 = DIRECTION('',(1.509996779006E-37,-1.));
#9002 = ( GEOMETRIC_REPRESENTATION_CONTEXT(2) 
PARAMETRIC_REPRESENTATION_CONTEXT() REPRESENTATION_CONTEXT('2D SPACE',''
  ) );
#9003 = PCURVE('',#8571,#9004);
#9004 = DEFINITIONAL_REPRESENTATION('',(#9005),#9008);
#9005 = B_SPLINE_CURVE_WITH_KNOTS('',1,(#9006,#9007),.UNSPECIFIED.,.F.,
  .F.,(2,2),(-0.209780435831,46.079572492832),.PIECEWISE_BEZIER_KNOTS.);
#9006 = CARTESIAN_POINT('',(-0.209780435831,1.));
#9007 = CARTESIAN_POINT('',(46.079572492832,1.));
#9008 = ( GEOMETRIC_REPRESENTATION_CONTEXT(2) 
PARAMETRIC_REPRESENTATION_CONTEXT() REPRESENTATION_CONTEXT('2D SPACE',''
  ) );
#9009 = ORIENTED_EDGE('',*,*,#9010,.T.);
#9010 = EDGE_CURVE('',#8989,#9011,#9013,.T.);
#9011 = VERTEX_POINT('',#9012);
#9012 = CARTESIAN_POINT('',(13.786286435831,3.,1.646642564169));
#9013 = SURFACE_CURVE('',#9014,(#9018,#9025),.PCURVE_S1.);
#9014 = LINE('',#9015,#9016);
#9015 = CARTESIAN_POINT('',(28.5,3.,1.646642564169));
#9016 = VECTOR('',#9017,1.);
#9017 = DIRECTION('',(-1.,3.068405548742E-19,-6.798129010412E-35));
#9018 = PCURVE('',#7941,#9019);
#9019 = DEFINITIONAL_REPRESENTATION('',(#9020),#9024);
#9020 = LINE('',#9021,#9022);
#9021 = CARTESIAN_POINT('',(-9.584505952768,-78.60093130033));
#9022 = VECTOR('',#9023,1.);
#9023 = DIRECTION('',(-1.,1.069105884037E-50));
#9024 = ( GEOMETRIC_REPRESENTATION_CONTEXT(2) 
PARAMETRIC_REPRESENTATION_CONTEXT() REPRESENTATION_CONTEXT('2D SPACE',''
  ) );
#9025 = PCURVE('',#8596,#9026);
#9026 = DEFINITIONAL_REPRESENTATION('',(#9027),#9030);
#9027 = B_SPLINE_CURVE_WITH_KNOTS('',1,(#9028,#9029),.UNSPECIFIED.,.F.,
  .F.,(2,2),(-0.209780435831,14.713713564169),.PIECEWISE_BEZIER_KNOTS.);
#9028 = CARTESIAN_POINT('',(0.,1.));
#9029 = CARTESIAN_POINT('',(14.923494,1.));
#9030 = ( GEOMETRIC_REPRESENTATION_CONTEXT(2) 
PARAMETRIC_REPRESENTATION_CONTEXT() REPRESENTATION_CONTEXT('2D SPACE',''
  ) );
#9031 = ORIENTED_EDGE('',*,*,#9032,.T.);
#9032 = EDGE_CURVE('',#9011,#7927,#9033,.T.);
#9033 = SURFACE_CURVE('',#9034,(#9038,#9045),.PCURVE_S1.);
#9034 = LINE('',#9035,#9036);
#9035 = CARTESIAN_POINT('',(13.786286435831,3.,1.856423));
#9036 = VECTOR('',#9037,1.);
#9037 = DIRECTION('',(1.509996779006E-37,-2.215524937112E-16,-1.));
#9038 = PCURVE('',#7941,#9039);
#9039 = DEFINITIONAL_REPRESENTATION('',(#9040),#9044);
#9040 = LINE('',#9041,#9042);
#9041 = CARTESIAN_POINT('',(-24.29821951693,-78.3911508645));
#9042 = VECTOR('',#9043,1.);
#9043 = DIRECTION('',(1.509996779006E-37,-1.));
#9044 = ( GEOMETRIC_REPRESENTATION_CONTEXT(2) 
PARAMETRIC_REPRESENTATION_CONTEXT() REPRESENTATION_CONTEXT('2D SPACE',''
  ) );
#9045 = PCURVE('',#7965,#9046);
#9046 = DEFINITIONAL_REPRESENTATION('',(#9047),#9050);
#9047 = B_SPLINE_CURVE_WITH_KNOTS('',1,(#9048,#9049),.UNSPECIFIED.,.F.,
  .F.,(2,2),(0.209780435831,3.790219564169),.PIECEWISE_BEZIER_KNOTS.);
#9048 = CARTESIAN_POINT('',(0.,1.));
#9049 = CARTESIAN_POINT('',(4.,1.));
#9050 = ( GEOMETRIC_REPRESENTATION_CONTEXT(2) 
PARAMETRIC_REPRESENTATION_CONTEXT() REPRESENTATION_CONTEXT('2D SPACE',''
  ) );
#9051 = ADVANCED_FACE('',(#9052),#7965,.F.);
#9052 = FACE_BOUND('',#9053,.F.);
#9053 = EDGE_LOOP('',(#9054,#9055,#9056,#9057));
#9054 = ORIENTED_EDGE('',*,*,#7979,.T.);
#9055 = ORIENTED_EDGE('',*,*,#7953,.T.);
#9056 = ORIENTED_EDGE('',*,*,#9032,.F.);
#9057 = ORIENTED_EDGE('',*,*,#9058,.F.);
#9058 = EDGE_CURVE('',#7980,#9011,#9059,.T.);
#9059 = SURFACE_CURVE('',#9060,(#9063,#9069),.PCURVE_S1.);
#9060 = B_SPLINE_CURVE_WITH_KNOTS('',1,(#9061,#9062),.UNSPECIFIED.,.F.,
  .F.,(2,2),(0.,1.),.PIECEWISE_BEZIER_KNOTS.);
#9061 = CARTESIAN_POINT('',(13.576506,4.122087116087E-16,1.856423));
#9062 = CARTESIAN_POINT('',(13.786286435831,3.,1.646642564169));
#9063 = PCURVE('',#7965,#9064);
#9064 = DEFINITIONAL_REPRESENTATION('',(#9065),#9068);
#9065 = B_SPLINE_CURVE_WITH_KNOTS('',1,(#9066,#9067),.UNSPECIFIED.,.F.,
  .F.,(2,2),(0.,1.),.PIECEWISE_BEZIER_KNOTS.);
#9066 = CARTESIAN_POINT('',(0.,0.));
#9067 = CARTESIAN_POINT('',(0.,1.));
#9068 = ( GEOMETRIC_REPRESENTATION_CONTEXT(2) 
PARAMETRIC_REPRESENTATION_CONTEXT() REPRESENTATION_CONTEXT('2D SPACE',''
  ) );
#9069 = PCURVE('',#8596,#9070);
#9070 = DEFINITIONAL_REPRESENTATION('',(#9071),#9074);
#9071 = B_SPLINE_CURVE_WITH_KNOTS('',1,(#9072,#9073),.UNSPECIFIED.,.F.,
  .F.,(2,2),(0.,1.),.PIECEWISE_BEZIER_KNOTS.);
#9072 = CARTESIAN_POINT('',(14.923494,0.));
#9073 = CARTESIAN_POINT('',(14.923494,1.));
#9074 = ( GEOMETRIC_REPRESENTATION_CONTEXT(2) 
PARAMETRIC_REPRESENTATION_CONTEXT() REPRESENTATION_CONTEXT('2D SPACE',''
  ) );
#9075 = ADVANCED_FACE('',(#9076),#8596,.F.);
#9076 = FACE_BOUND('',#9077,.F.);
#9077 = EDGE_LOOP('',(#9078,#9079,#9080,#9081));
#9078 = ORIENTED_EDGE('',*,*,#8582,.T.);
#9079 = ORIENTED_EDGE('',*,*,#9058,.T.);
#9080 = ORIENTED_EDGE('',*,*,#9010,.F.);
#9081 = ORIENTED_EDGE('',*,*,#9082,.F.);
#9082 = EDGE_CURVE('',#8556,#8989,#9083,.T.);
#9083 = SURFACE_CURVE('',#9084,(#9087,#9093),.PCURVE_S1.);
#9084 = B_SPLINE_CURVE_WITH_KNOTS('',1,(#9085,#9086),.UNSPECIFIED.,.F.,
  .F.,(2,2),(0.,1.),.PIECEWISE_BEZIER_KNOTS.);
#9085 = CARTESIAN_POINT('',(28.5,4.122087116087E-16,1.856423));
#9086 = CARTESIAN_POINT('',(28.709780435831,3.,1.646642564169));
#9087 = PCURVE('',#8596,#9088);
#9088 = DEFINITIONAL_REPRESENTATION('',(#9089),#9092);
#9089 = B_SPLINE_CURVE_WITH_KNOTS('',1,(#9090,#9091),.UNSPECIFIED.,.F.,
  .F.,(2,2),(0.,1.),.PIECEWISE_BEZIER_KNOTS.);
#9090 = CARTESIAN_POINT('',(0.,0.));
#9091 = CARTESIAN_POINT('',(0.,1.));
#9092 = ( GEOMETRIC_REPRESENTATION_CONTEXT(2) 
PARAMETRIC_REPRESENTATION_CONTEXT() REPRESENTATION_CONTEXT('2D SPACE',''
  ) );
#9093 = PCURVE('',#8571,#9094);
#9094 = DEFINITIONAL_REPRESENTATION('',(#9095),#9098);
#9095 = B_SPLINE_CURVE_WITH_KNOTS('',1,(#9096,#9097),.UNSPECIFIED.,.F.,
  .F.,(2,2),(0.,1.),.PIECEWISE_BEZIER_KNOTS.);
#9096 = CARTESIAN_POINT('',(46.079572492832,0.));
#9097 = CARTESIAN_POINT('',(46.079572492832,1.));
#9098 = ( GEOMETRIC_REPRESENTATION_CONTEXT(2) 
PARAMETRIC_REPRESENTATION_CONTEXT() REPRESENTATION_CONTEXT('2D SPACE',''
  ) );
#9099 = ADVANCED_FACE('',(#9100),#8571,.F.);
#9100 = FACE_BOUND('',#9101,.F.);
#9101 = EDGE_LOOP('',(#9102,#9103,#9104,#9105));
#9102 = ORIENTED_EDGE('',*,*,#8555,.T.);
#9103 = ORIENTED_EDGE('',*,*,#9082,.T.);
#9104 = ORIENTED_EDGE('',*,*,#8988,.F.);
#9105 = ORIENTED_EDGE('',*,*,#9106,.F.);
#9106 = EDGE_CURVE('',#8529,#8967,#9107,.T.);
#9107 = SURFACE_CURVE('',#9108,(#9111,#9117),.PCURVE_S1.);
#9108 = B_SPLINE_CURVE_WITH_KNOTS('',1,(#9109,#9110),.UNSPECIFIED.,.F.,
  .F.,(2,2),(0.,1.),.PIECEWISE_BEZIER_KNOTS.);
#9109 = CARTESIAN_POINT('',(28.5,1.05973485669E-14,47.726215057001));
#9110 = CARTESIAN_POINT('',(28.709780435831,3.,47.935995492832));
#9111 = PCURVE('',#8571,#9112);
#9112 = DEFINITIONAL_REPRESENTATION('',(#9113),#9116);
#9113 = B_SPLINE_CURVE_WITH_KNOTS('',1,(#9114,#9115),.UNSPECIFIED.,.F.,
  .F.,(2,2),(0.,1.),.PIECEWISE_BEZIER_KNOTS.);
#9114 = CARTESIAN_POINT('',(-0.209780435831,0.));
#9115 = CARTESIAN_POINT('',(-0.209780435831,1.));
#9116 = ( GEOMETRIC_REPRESENTATION_CONTEXT(2) 
PARAMETRIC_REPRESENTATION_CONTEXT() REPRESENTATION_CONTEXT('2D SPACE',''
  ) );
#9117 = PCURVE('',#8544,#9118);
#9118 = DEFINITIONAL_REPRESENTATION('',(#9119),#9122);
#9119 = B_SPLINE_CURVE_WITH_KNOTS('',1,(#9120,#9121),.UNSPECIFIED.,.F.,
  .F.,(2,2),(0.,1.),.PIECEWISE_BEZIER_KNOTS.);
#9120 = CARTESIAN_POINT('',(14.923494,0.));
#9121 = CARTESIAN_POINT('',(14.923494,1.));
#9122 = ( GEOMETRIC_REPRESENTATION_CONTEXT(2) 
PARAMETRIC_REPRESENTATION_CONTEXT() REPRESENTATION_CONTEXT('2D SPACE',''
  ) );
#9123 = ADVANCED_FACE('',(#9124),#8544,.F.);
#9124 = FACE_BOUND('',#9125,.F.);
#9125 = EDGE_LOOP('',(#9126,#9127,#9128,#9129));
#9126 = ORIENTED_EDGE('',*,*,#8528,.T.);
#9127 = ORIENTED_EDGE('',*,*,#9106,.T.);
#9128 = ORIENTED_EDGE('',*,*,#8966,.F.);
#9129 = ORIENTED_EDGE('',*,*,#9130,.F.);
#9130 = EDGE_CURVE('',#8502,#8945,#9131,.T.);
#9131 = SURFACE_CURVE('',#9132,(#9135,#9141),.PCURVE_S1.);
#9132 = B_SPLINE_CURVE_WITH_KNOTS('',1,(#9133,#9134),.UNSPECIFIED.,.F.,
  .F.,(2,2),(0.,1.),.PIECEWISE_BEZIER_KNOTS.);
#9133 = CARTESIAN_POINT('',(13.576506,1.05973485669E-14,47.726215057001)
  );
#9134 = CARTESIAN_POINT('',(13.786286435831,3.,47.935995492832));
#9135 = PCURVE('',#8544,#9136);
#9136 = DEFINITIONAL_REPRESENTATION('',(#9137),#9140);
#9137 = B_SPLINE_CURVE_WITH_KNOTS('',1,(#9138,#9139),.UNSPECIFIED.,.F.,
  .F.,(2,2),(0.,1.),.PIECEWISE_BEZIER_KNOTS.);
#9138 = CARTESIAN_POINT('',(0.,0.));
#9139 = CARTESIAN_POINT('',(0.,1.));
#9140 = ( GEOMETRIC_REPRESENTATION_CONTEXT(2) 
PARAMETRIC_REPRESENTATION_CONTEXT() REPRESENTATION_CONTEXT('2D SPACE',''
  ) );
#9141 = PCURVE('',#8517,#9142);
#9142 = DEFINITIONAL_REPRESENTATION('',(#9143),#9146);
#9143 = B_SPLINE_CURVE_WITH_KNOTS('',1,(#9144,#9145),.UNSPECIFIED.,.F.,
  .F.,(2,2),(0.,1.),.PIECEWISE_BEZIER_KNOTS.);
#9144 = CARTESIAN_POINT('',(4.,0.));
#9145 = CARTESIAN_POINT('',(4.,1.));
#9146 = ( GEOMETRIC_REPRESENTATION_CONTEXT(2) 
PARAMETRIC_REPRESENTATION_CONTEXT() REPRESENTATION_CONTEXT('2D SPACE',''
  ) );
#9147 = ADVANCED_FACE('',(#9148),#8517,.F.);
#9148 = FACE_BOUND('',#9149,.F.);
#9149 = EDGE_LOOP('',(#9150,#9151,#9152,#9153));
#9150 = ORIENTED_EDGE('',*,*,#8501,.T.);
#9151 = ORIENTED_EDGE('',*,*,#9130,.T.);
#9152 = ORIENTED_EDGE('',*,*,#8944,.F.);
#9153 = ORIENTED_EDGE('',*,*,#9154,.F.);
#9154 = EDGE_CURVE('',#8475,#8923,#9155,.T.);
#9155 = SURFACE_CURVE('',#9156,(#9159,#9165),.PCURVE_S1.);
#9156 = B_SPLINE_CURVE_WITH_KNOTS('',1,(#9157,#9158),.UNSPECIFIED.,.F.,
  .F.,(2,2),(0.,1.),.PIECEWISE_BEZIER_KNOTS.);
#9157 = CARTESIAN_POINT('',(13.576506,1.14855269866E-14,51.726215057001)
  );
#9158 = CARTESIAN_POINT('',(13.786286435831,3.,51.516434621171));
#9159 = PCURVE('',#8517,#9160);
#9160 = DEFINITIONAL_REPRESENTATION('',(#9161),#9164);
#9161 = B_SPLINE_CURVE_WITH_KNOTS('',1,(#9162,#9163),.UNSPECIFIED.,.F.,
  .F.,(2,2),(0.,1.),.PIECEWISE_BEZIER_KNOTS.);
#9162 = CARTESIAN_POINT('',(0.,0.));
#9163 = CARTESIAN_POINT('',(0.,1.));
#9164 = ( GEOMETRIC_REPRESENTATION_CONTEXT(2) 
PARAMETRIC_REPRESENTATION_CONTEXT() REPRESENTATION_CONTEXT('2D SPACE',''
  ) );
#9165 = PCURVE('',#8490,#9166);
#9166 = DEFINITIONAL_REPRESENTATION('',(#9167),#9170);
#9167 = B_SPLINE_CURVE_WITH_KNOTS('',1,(#9168,#9169),.UNSPECIFIED.,.F.,
  .F.,(2,2),(0.,1.),.PIECEWISE_BEZIER_KNOTS.);
#9168 = CARTESIAN_POINT('',(14.923494,0.));
#9169 = CARTESIAN_POINT('',(14.923494,1.));
#9170 = ( GEOMETRIC_REPRESENTATION_CONTEXT(2) 
PARAMETRIC_REPRESENTATION_CONTEXT() REPRESENTATION_CONTEXT('2D SPACE',''
  ) );
#9171 = ADVANCED_FACE('',(#9172),#8490,.F.);
#9172 = FACE_BOUND('',#9173,.F.);
#9173 = EDGE_LOOP('',(#9174,#9175,#9176,#9177));
#9174 = ORIENTED_EDGE('',*,*,#8474,.T.);
#9175 = ORIENTED_EDGE('',*,*,#9154,.T.);
#9176 = ORIENTED_EDGE('',*,*,#8922,.F.);
#9177 = ORIENTED_EDGE('',*,*,#9178,.F.);
#9178 = EDGE_CURVE('',#8448,#8901,#9179,.T.);
#9179 = SURFACE_CURVE('',#9180,(#9183,#9189),.PCURVE_S1.);
#9180 = B_SPLINE_CURVE_WITH_KNOTS('',1,(#9181,#9182),.UNSPECIFIED.,.F.,
  .F.,(2,2),(0.,1.),.PIECEWISE_BEZIER_KNOTS.);
#9181 = CARTESIAN_POINT('',(28.5,1.14855269866E-14,51.726215057001));
#9182 = CARTESIAN_POINT('',(28.709780435831,3.,51.516434621171));
#9183 = PCURVE('',#8490,#9184);
#9184 = DEFINITIONAL_REPRESENTATION('',(#9185),#9188);
#9185 = B_SPLINE_CURVE_WITH_KNOTS('',1,(#9186,#9187),.UNSPECIFIED.,.F.,
  .F.,(2,2),(0.,1.),.PIECEWISE_BEZIER_KNOTS.);
#9186 = CARTESIAN_POINT('',(0.,0.));
#9187 = CARTESIAN_POINT('',(0.,1.));
#9188 = ( GEOMETRIC_REPRESENTATION_CONTEXT(2) 
PARAMETRIC_REPRESENTATION_CONTEXT() REPRESENTATION_CONTEXT('2D SPACE',''
  ) );
#9189 = PCURVE('',#8463,#9190);
#9190 = DEFINITIONAL_REPRESENTATION('',(#9191),#9194);
#9191 = B_SPLINE_CURVE_WITH_KNOTS('',1,(#9192,#9193),.UNSPECIFIED.,.F.,
  .F.,(2,2),(0.,1.),.PIECEWISE_BEZIER_KNOTS.);
#9192 = CARTESIAN_POINT('',(28.731139243336,0.));
#9193 = CARTESIAN_POINT('',(28.731139243336,1.));
#9194 = ( GEOMETRIC_REPRESENTATION_CONTEXT(2) 
PARAMETRIC_REPRESENTATION_CONTEXT() REPRESENTATION_CONTEXT('2D SPACE',''
  ) );
#9195 = ADVANCED_FACE('',(#9196),#8463,.F.);
#9196 = FACE_BOUND('',#9197,.F.);
#9197 = EDGE_LOOP('',(#9198,#9199,#9200,#9201));
#9198 = ORIENTED_EDGE('',*,*,#8447,.T.);
#9199 = ORIENTED_EDGE('',*,*,#9178,.T.);
#9200 = ORIENTED_EDGE('',*,*,#8900,.F.);
#9201 = ORIENTED_EDGE('',*,*,#9202,.F.);
#9202 = EDGE_CURVE('',#8398,#8878,#9203,.T.);
#9203 = SURFACE_CURVE('',#9204,(#9207,#9213),.PCURVE_S1.);
#9204 = B_SPLINE_CURVE_WITH_KNOTS('',1,(#9205,#9206),.UNSPECIFIED.,.F.,
  .F.,(2,2),(0.,1.),.PIECEWISE_BEZIER_KNOTS.);
#9205 = CARTESIAN_POINT('',(28.5,1.781854083494E-14,80.247573864507));
#9206 = CARTESIAN_POINT('',(28.709780435831,3.,80.247573864507));
#9207 = PCURVE('',#8463,#9208);
#9208 = DEFINITIONAL_REPRESENTATION('',(#9209),#9212);
#9209 = B_SPLINE_CURVE_WITH_KNOTS('',1,(#9210,#9211),.UNSPECIFIED.,.F.,
  .F.,(2,2),(0.,1.),.PIECEWISE_BEZIER_KNOTS.);
#9210 = CARTESIAN_POINT('',(1.415580533464E-36,0.));
#9211 = CARTESIAN_POINT('',(1.415580533464E-36,1.));
#9212 = ( GEOMETRIC_REPRESENTATION_CONTEXT(2) 
PARAMETRIC_REPRESENTATION_CONTEXT() REPRESENTATION_CONTEXT('2D SPACE',''
  ) );
#9213 = PCURVE('',#8414,#9214);
#9214 = DEFINITIONAL_REPRESENTATION('',(#9215),#9218);
#9215 = B_SPLINE_CURVE_WITH_KNOTS('',1,(#9216,#9217),.UNSPECIFIED.,.F.,
  .F.,(2,2),(0.,1.),.PIECEWISE_BEZIER_KNOTS.);
#9216 = CARTESIAN_POINT('',(9.424777960769,0.));
#9217 = CARTESIAN_POINT('',(9.424777960769,1.));
#9218 = ( GEOMETRIC_REPRESENTATION_CONTEXT(2) 
PARAMETRIC_REPRESENTATION_CONTEXT() REPRESENTATION_CONTEXT('2D SPACE',''
  ) );
#9219 = ADVANCED_FACE('',(#9220),#8414,.F.);
#9220 = FACE_BOUND('',#9221,.F.);
#9221 = EDGE_LOOP('',(#9222,#9223,#9224,#9225));
#9222 = ORIENTED_EDGE('',*,*,#8397,.T.);
#9223 = ORIENTED_EDGE('',*,*,#9202,.T.);
#9224 = ORIENTED_EDGE('',*,*,#8877,.F.);
#9225 = ORIENTED_EDGE('',*,*,#9226,.F.);
#9226 = EDGE_CURVE('',#8371,#8856,#9227,.T.);
#9227 = SURFACE_CURVE('',#9228,(#9231,#9237),.PCURVE_S1.);
#9228 = B_SPLINE_CURVE_WITH_KNOTS('',1,(#9229,#9230),.UNSPECIFIED.,.F.,
  .F.,(2,2),(0.,1.),.PIECEWISE_BEZIER_KNOTS.);
#9229 = CARTESIAN_POINT('',(36.5,1.571963673491E-14,70.794950141736));
#9230 = CARTESIAN_POINT('',(36.290219564169,3.,71.046160121303));
#9231 = PCURVE('',#8414,#9232);
#9232 = DEFINITIONAL_REPRESENTATION('',(#9233),#9236);
#9233 = B_SPLINE_CURVE_WITH_KNOTS('',1,(#9234,#9235),.UNSPECIFIED.,.F.,
  .F.,(2,2),(0.,1.),.PIECEWISE_BEZIER_KNOTS.);
#9234 = CARTESIAN_POINT('',(4.51980458175,0.));
#9235 = CARTESIAN_POINT('',(4.51980458175,1.));
#9236 = ( GEOMETRIC_REPRESENTATION_CONTEXT(2) 
PARAMETRIC_REPRESENTATION_CONTEXT() REPRESENTATION_CONTEXT('2D SPACE',''
  ) );
#9237 = PCURVE('',#8386,#9238);
#9238 = DEFINITIONAL_REPRESENTATION('',(#9239),#9242);
#9239 = B_SPLINE_CURVE_WITH_KNOTS('',1,(#9240,#9241),.UNSPECIFIED.,.F.,
  .F.,(2,2),(0.,1.),.PIECEWISE_BEZIER_KNOTS.);
#9240 = CARTESIAN_POINT('',(19.319945064302,0.));
#9241 = CARTESIAN_POINT('',(19.319945064302,1.));
#9242 = ( GEOMETRIC_REPRESENTATION_CONTEXT(2) 
PARAMETRIC_REPRESENTATION_CONTEXT() REPRESENTATION_CONTEXT('2D SPACE',''
  ) );
#9243 = ADVANCED_FACE('',(#9244),#8386,.F.);
#9244 = FACE_BOUND('',#9245,.F.);
#9245 = EDGE_LOOP('',(#9246,#9247,#9248,#9249));
#9246 = ORIENTED_EDGE('',*,*,#8370,.T.);
#9247 = ORIENTED_EDGE('',*,*,#9226,.T.);
#9248 = ORIENTED_EDGE('',*,*,#8855,.F.);
#9249 = ORIENTED_EDGE('',*,*,#9250,.F.);
#9250 = EDGE_CURVE('',#8344,#8834,#9251,.T.);
#9251 = SURFACE_CURVE('',#9252,(#9255,#9261),.PCURVE_S1.);
#9252 = B_SPLINE_CURVE_WITH_KNOTS('',1,(#9253,#9254),.UNSPECIFIED.,.F.,
  .F.,(2,2),(0.,1.),.PIECEWISE_BEZIER_KNOTS.);
#9253 = CARTESIAN_POINT('',(36.5,1.14855269866E-14,51.726215057001));
#9254 = CARTESIAN_POINT('',(36.290219564169,3.,51.516434621171));
#9255 = PCURVE('',#8386,#9256);
#9256 = DEFINITIONAL_REPRESENTATION('',(#9257),#9260);
#9257 = B_SPLINE_CURVE_WITH_KNOTS('',1,(#9258,#9259),.UNSPECIFIED.,.F.,
  .F.,(2,2),(0.,1.),.PIECEWISE_BEZIER_KNOTS.);
#9258 = CARTESIAN_POINT('',(-0.209780435831,0.));
#9259 = CARTESIAN_POINT('',(-0.209780435831,1.));
#9260 = ( GEOMETRIC_REPRESENTATION_CONTEXT(2) 
PARAMETRIC_REPRESENTATION_CONTEXT() REPRESENTATION_CONTEXT('2D SPACE',''
  ) );
#9261 = PCURVE('',#8359,#9262);
#9262 = DEFINITIONAL_REPRESENTATION('',(#9263),#9266);
#9263 = B_SPLINE_CURVE_WITH_KNOTS('',1,(#9264,#9265),.UNSPECIFIED.,.F.,
  .F.,(2,2),(0.,1.),.PIECEWISE_BEZIER_KNOTS.);
#9264 = CARTESIAN_POINT('',(14.923494,0.));
#9265 = CARTESIAN_POINT('',(14.923494,1.));
#9266 = ( GEOMETRIC_REPRESENTATION_CONTEXT(2) 
PARAMETRIC_REPRESENTATION_CONTEXT() REPRESENTATION_CONTEXT('2D SPACE',''
  ) );
#9267 = ADVANCED_FACE('',(#9268),#8359,.F.);
#9268 = FACE_BOUND('',#9269,.F.);
#9269 = EDGE_LOOP('',(#9270,#9271,#9272,#9273));
#9270 = ORIENTED_EDGE('',*,*,#8343,.T.);
#9271 = ORIENTED_EDGE('',*,*,#9250,.T.);
#9272 = ORIENTED_EDGE('',*,*,#8833,.F.);
#9273 = ORIENTED_EDGE('',*,*,#9274,.F.);
#9274 = EDGE_CURVE('',#8317,#8812,#9275,.T.);
#9275 = SURFACE_CURVE('',#9276,(#9279,#9285),.PCURVE_S1.);
#9276 = B_SPLINE_CURVE_WITH_KNOTS('',1,(#9277,#9278),.UNSPECIFIED.,.F.,
  .F.,(2,2),(0.,1.),.PIECEWISE_BEZIER_KNOTS.);
#9277 = CARTESIAN_POINT('',(51.423494,1.14855269866E-14,51.726215057001)
  );
#9278 = CARTESIAN_POINT('',(51.213713564169,3.,51.516434621171));
#9279 = PCURVE('',#8359,#9280);
#9280 = DEFINITIONAL_REPRESENTATION('',(#9281),#9284);
#9281 = B_SPLINE_CURVE_WITH_KNOTS('',1,(#9282,#9283),.UNSPECIFIED.,.F.,
  .F.,(2,2),(0.,1.),.PIECEWISE_BEZIER_KNOTS.);
#9282 = CARTESIAN_POINT('',(0.,0.));
#9283 = CARTESIAN_POINT('',(0.,1.));
#9284 = ( GEOMETRIC_REPRESENTATION_CONTEXT(2) 
PARAMETRIC_REPRESENTATION_CONTEXT() REPRESENTATION_CONTEXT('2D SPACE',''
  ) );
#9285 = PCURVE('',#8332,#9286);
#9286 = DEFINITIONAL_REPRESENTATION('',(#9287),#9290);
#9287 = B_SPLINE_CURVE_WITH_KNOTS('',1,(#9288,#9289),.UNSPECIFIED.,.F.,
  .F.,(2,2),(0.,1.),.PIECEWISE_BEZIER_KNOTS.);
#9288 = CARTESIAN_POINT('',(4.,0.));
#9289 = CARTESIAN_POINT('',(4.,1.));
#9290 = ( GEOMETRIC_REPRESENTATION_CONTEXT(2) 
PARAMETRIC_REPRESENTATION_CONTEXT() REPRESENTATION_CONTEXT('2D SPACE',''
  ) );
#9291 = ADVANCED_FACE('',(#9292),#8332,.F.);
#9292 = FACE_BOUND('',#9293,.F.);
#9293 = EDGE_LOOP('',(#9294,#9295,#9296,#9297));
#9294 = ORIENTED_EDGE('',*,*,#8316,.T.);
#9295 = ORIENTED_EDGE('',*,*,#9274,.T.);
#9296 = ORIENTED_EDGE('',*,*,#8811,.F.);
#9297 = ORIENTED_EDGE('',*,*,#9298,.F.);
#9298 = EDGE_CURVE('',#8290,#8790,#9299,.T.);
#9299 = SURFACE_CURVE('',#9300,(#9303,#9309),.PCURVE_S1.);
#9300 = B_SPLINE_CURVE_WITH_KNOTS('',1,(#9301,#9302),.UNSPECIFIED.,.F.,
  .F.,(2,2),(0.,1.),.PIECEWISE_BEZIER_KNOTS.);
#9301 = CARTESIAN_POINT('',(51.423494,1.05973485669E-14,47.726215057001)
  );
#9302 = CARTESIAN_POINT('',(51.213713564169,3.,47.935995492832));
#9303 = PCURVE('',#8332,#9304);
#9304 = DEFINITIONAL_REPRESENTATION('',(#9305),#9308);
#9305 = B_SPLINE_CURVE_WITH_KNOTS('',1,(#9306,#9307),.UNSPECIFIED.,.F.,
  .F.,(2,2),(0.,1.),.PIECEWISE_BEZIER_KNOTS.);
#9306 = CARTESIAN_POINT('',(0.,0.));
#9307 = CARTESIAN_POINT('',(0.,1.));
#9308 = ( GEOMETRIC_REPRESENTATION_CONTEXT(2) 
PARAMETRIC_REPRESENTATION_CONTEXT() REPRESENTATION_CONTEXT('2D SPACE',''
  ) );
#9309 = PCURVE('',#8305,#9310);
#9310 = DEFINITIONAL_REPRESENTATION('',(#9311),#9314);
#9311 = B_SPLINE_CURVE_WITH_KNOTS('',1,(#9312,#9313),.UNSPECIFIED.,.F.,
  .F.,(2,2),(0.,1.),.PIECEWISE_BEZIER_KNOTS.);
#9312 = CARTESIAN_POINT('',(14.923494,0.));
#9313 = CARTESIAN_POINT('',(14.923494,1.));
#9314 = ( GEOMETRIC_REPRESENTATION_CONTEXT(2) 
PARAMETRIC_REPRESENTATION_CONTEXT() REPRESENTATION_CONTEXT('2D SPACE',''
  ) );
#9315 = ADVANCED_FACE('',(#9316),#8305,.F.);
#9316 = FACE_BOUND('',#9317,.F.);
#9317 = EDGE_LOOP('',(#9318,#9319,#9320,#9321));
#9318 = ORIENTED_EDGE('',*,*,#8289,.T.);
#9319 = ORIENTED_EDGE('',*,*,#9298,.T.);
#9320 = ORIENTED_EDGE('',*,*,#8789,.F.);
#9321 = ORIENTED_EDGE('',*,*,#9322,.F.);
#9322 = EDGE_CURVE('',#8263,#8768,#9323,.T.);
#9323 = SURFACE_CURVE('',#9324,(#9327,#9333),.PCURVE_S1.);
#9324 = B_SPLINE_CURVE_WITH_KNOTS('',1,(#9325,#9326),.UNSPECIFIED.,.F.,
  .F.,(2,2),(0.,1.),.PIECEWISE_BEZIER_KNOTS.);
#9325 = CARTESIAN_POINT('',(36.5,1.05973485669E-14,47.726215057001));
#9326 = CARTESIAN_POINT('',(36.290219564169,3.,47.935995492832));
#9327 = PCURVE('',#8305,#9328);
#9328 = DEFINITIONAL_REPRESENTATION('',(#9329),#9332);
#9329 = B_SPLINE_CURVE_WITH_KNOTS('',1,(#9330,#9331),.UNSPECIFIED.,.F.,
  .F.,(2,2),(0.,1.),.PIECEWISE_BEZIER_KNOTS.);
#9330 = CARTESIAN_POINT('',(0.,0.));
#9331 = CARTESIAN_POINT('',(0.,1.));
#9332 = ( GEOMETRIC_REPRESENTATION_CONTEXT(2) 
PARAMETRIC_REPRESENTATION_CONTEXT() REPRESENTATION_CONTEXT('2D SPACE',''
  ) );
#9333 = PCURVE('',#8278,#9334);
#9334 = DEFINITIONAL_REPRESENTATION('',(#9335),#9338);
#9335 = B_SPLINE_CURVE_WITH_KNOTS('',1,(#9336,#9337),.UNSPECIFIED.,.F.,
  .F.,(2,2),(0.,1.),.PIECEWISE_BEZIER_KNOTS.);
#9336 = CARTESIAN_POINT('',(46.079572492832,0.));
#9337 = CARTESIAN_POINT('',(46.079572492832,1.));
#9338 = ( GEOMETRIC_REPRESENTATION_CONTEXT(2) 
PARAMETRIC_REPRESENTATION_CONTEXT() REPRESENTATION_CONTEXT('2D SPACE',''
  ) );
#9339 = ADVANCED_FACE('',(#9340),#8278,.F.);
#9340 = FACE_BOUND('',#9341,.F.);
#9341 = EDGE_LOOP('',(#9342,#9343,#9344,#9345));
#9342 = ORIENTED_EDGE('',*,*,#8262,.T.);
#9343 = ORIENTED_EDGE('',*,*,#9322,.T.);
#9344 = ORIENTED_EDGE('',*,*,#8767,.F.);
#9345 = ORIENTED_EDGE('',*,*,#9346,.F.);
#9346 = EDGE_CURVE('',#8236,#8746,#9347,.T.);
#9347 = SURFACE_CURVE('',#9348,(#9351,#9357),.PCURVE_S1.);
#9348 = B_SPLINE_CURVE_WITH_KNOTS('',1,(#9349,#9350),.UNSPECIFIED.,.F.,
  .F.,(2,2),(0.,1.),.PIECEWISE_BEZIER_KNOTS.);
#9349 = CARTESIAN_POINT('',(36.5,4.122087116087E-16,1.856423));
#9350 = CARTESIAN_POINT('',(36.290219564169,3.,1.646642564169));
#9351 = PCURVE('',#8278,#9352);
#9352 = DEFINITIONAL_REPRESENTATION('',(#9353),#9356);
#9353 = B_SPLINE_CURVE_WITH_KNOTS('',1,(#9354,#9355),.UNSPECIFIED.,.F.,
  .F.,(2,2),(0.,1.),.PIECEWISE_BEZIER_KNOTS.);
#9354 = CARTESIAN_POINT('',(-0.209780435831,0.));
#9355 = CARTESIAN_POINT('',(-0.209780435831,1.));
#9356 = ( GEOMETRIC_REPRESENTATION_CONTEXT(2) 
PARAMETRIC_REPRESENTATION_CONTEXT() REPRESENTATION_CONTEXT('2D SPACE',''
  ) );
#9357 = PCURVE('',#8251,#9358);
#9358 = DEFINITIONAL_REPRESENTATION('',(#9359),#9362);
#9359 = B_SPLINE_CURVE_WITH_KNOTS('',1,(#9360,#9361),.UNSPECIFIED.,.F.,
  .F.,(2,2),(0.,1.),.PIECEWISE_BEZIER_KNOTS.);
#9360 = CARTESIAN_POINT('',(14.923494,0.));
#9361 = CARTESIAN_POINT('',(14.923494,1.));
#9362 = ( GEOMETRIC_REPRESENTATION_CONTEXT(2) 
PARAMETRIC_REPRESENTATION_CONTEXT() REPRESENTATION_CONTEXT('2D SPACE',''
  ) );
#9363 = ADVANCED_FACE('',(#9364),#8251,.F.);
#9364 = FACE_BOUND('',#9365,.F.);
#9365 = EDGE_LOOP('',(#9366,#9367,#9368,#9369));
#9366 = ORIENTED_EDGE('',*,*,#8235,.T.);
#9367 = ORIENTED_EDGE('',*,*,#9346,.T.);
#9368 = ORIENTED_EDGE('',*,*,#8745,.F.);
#9369 = ORIENTED_EDGE('',*,*,#9370,.F.);
#9370 = EDGE_CURVE('',#8209,#8724,#9371,.T.);
#9371 = SURFACE_CURVE('',#9372,(#9375,#9381),.PCURVE_S1.);
#9372 = B_SPLINE_CURVE_WITH_KNOTS('',1,(#9373,#9374),.UNSPECIFIED.,.F.,
  .F.,(2,2),(0.,1.),.PIECEWISE_BEZIER_KNOTS.);
#9373 = CARTESIAN_POINT('',(51.423494,4.122087116087E-16,1.856423));
#9374 = CARTESIAN_POINT('',(51.213713564169,3.,1.646642564169));
#9375 = PCURVE('',#8251,#9376);
#9376 = DEFINITIONAL_REPRESENTATION('',(#9377),#9380);
#9377 = B_SPLINE_CURVE_WITH_KNOTS('',1,(#9378,#9379),.UNSPECIFIED.,.F.,
  .F.,(2,2),(0.,1.),.PIECEWISE_BEZIER_KNOTS.);
#9378 = CARTESIAN_POINT('',(0.,0.));
#9379 = CARTESIAN_POINT('',(0.,1.));
#9380 = ( GEOMETRIC_REPRESENTATION_CONTEXT(2) 
PARAMETRIC_REPRESENTATION_CONTEXT() REPRESENTATION_CONTEXT('2D SPACE',''
  ) );
#9381 = PCURVE('',#8224,#9382);
#9382 = DEFINITIONAL_REPRESENTATION('',(#9383),#9386);
#9383 = B_SPLINE_CURVE_WITH_KNOTS('',1,(#9384,#9385),.UNSPECIFIED.,.F.,
  .F.,(2,2),(0.,1.),.PIECEWISE_BEZIER_KNOTS.);
#9384 = CARTESIAN_POINT('',(4.,0.));
#9385 = CARTESIAN_POINT('',(4.,1.));
#9386 = ( GEOMETRIC_REPRESENTATION_CONTEXT(2) 
PARAMETRIC_REPRESENTATION_CONTEXT() REPRESENTATION_CONTEXT('2D SPACE',''
  ) );
#9387 = ADVANCED_FACE('',(#9388),#8224,.F.);
#9388 = FACE_BOUND('',#9389,.F.);
#9389 = EDGE_LOOP('',(#9390,#9391,#9392,#9393));
#9390 = ORIENTED_EDGE('',*,*,#8208,.T.);
#9391 = ORIENTED_EDGE('',*,*,#9370,.T.);
#9392 = ORIENTED_EDGE('',*,*,#8723,.F.);
#9393 = ORIENTED_EDGE('',*,*,#9394,.F.);
#9394 = EDGE_CURVE('',#8182,#8702,#9395,.T.);
#9395 = SURFACE_CURVE('',#9396,(#9399,#9405),.PCURVE_S1.);
#9396 = B_SPLINE_CURVE_WITH_KNOTS('',1,(#9397,#9398),.UNSPECIFIED.,.F.,
  .F.,(2,2),(0.,1.),.PIECEWISE_BEZIER_KNOTS.);
#9397 = CARTESIAN_POINT('',(51.423494,-4.759697080914E-16,-2.143577));
#9398 = CARTESIAN_POINT('',(51.213713564169,3.,-1.933796564169));
#9399 = PCURVE('',#8224,#9400);
#9400 = DEFINITIONAL_REPRESENTATION('',(#9401),#9404);
#9401 = B_SPLINE_CURVE_WITH_KNOTS('',1,(#9402,#9403),.UNSPECIFIED.,.F.,
  .F.,(2,2),(0.,1.),.PIECEWISE_BEZIER_KNOTS.);
#9402 = CARTESIAN_POINT('',(0.,0.));
#9403 = CARTESIAN_POINT('',(0.,1.));
#9404 = ( GEOMETRIC_REPRESENTATION_CONTEXT(2) 
PARAMETRIC_REPRESENTATION_CONTEXT() REPRESENTATION_CONTEXT('2D SPACE',''
  ) );
#9405 = PCURVE('',#8197,#9406);
#9406 = DEFINITIONAL_REPRESENTATION('',(#9407),#9410);
#9407 = B_SPLINE_CURVE_WITH_KNOTS('',1,(#9408,#9409),.UNSPECIFIED.,.F.,
  .F.,(2,2),(0.,1.),.PIECEWISE_BEZIER_KNOTS.);
#9408 = CARTESIAN_POINT('',(14.923494,0.));
#9409 = CARTESIAN_POINT('',(14.923494,1.));
#9410 = ( GEOMETRIC_REPRESENTATION_CONTEXT(2) 
PARAMETRIC_REPRESENTATION_CONTEXT() REPRESENTATION_CONTEXT('2D SPACE',''
  ) );
#9411 = ADVANCED_FACE('',(#9412),#8197,.F.);
#9412 = FACE_BOUND('',#9413,.F.);
#9413 = EDGE_LOOP('',(#9414,#9415,#9416,#9417));
#9414 = ORIENTED_EDGE('',*,*,#8181,.T.);
#9415 = ORIENTED_EDGE('',*,*,#9394,.T.);
#9416 = ORIENTED_EDGE('',*,*,#8701,.F.);
#9417 = ORIENTED_EDGE('',*,*,#9418,.F.);
#9418 = EDGE_CURVE('',#8155,#8680,#9419,.T.);
#9419 = SURFACE_CURVE('',#9420,(#9423,#9429),.PCURVE_S1.);
#9420 = B_SPLINE_CURVE_WITH_KNOTS('',1,(#9421,#9422),.UNSPECIFIED.,.F.,
  .F.,(2,2),(0.,1.),.PIECEWISE_BEZIER_KNOTS.);
#9421 = CARTESIAN_POINT('',(36.5,-4.759697080914E-16,-2.143577));
#9422 = CARTESIAN_POINT('',(36.290219564169,3.,-1.933796564169));
#9423 = PCURVE('',#8197,#9424);
#9424 = DEFINITIONAL_REPRESENTATION('',(#9425),#9428);
#9425 = B_SPLINE_CURVE_WITH_KNOTS('',1,(#9426,#9427),.UNSPECIFIED.,.F.,
  .F.,(2,2),(0.,1.),.PIECEWISE_BEZIER_KNOTS.);
#9426 = CARTESIAN_POINT('',(0.,0.));
#9427 = CARTESIAN_POINT('',(0.,1.));
#9428 = ( GEOMETRIC_REPRESENTATION_CONTEXT(2) 
PARAMETRIC_REPRESENTATION_CONTEXT() REPRESENTATION_CONTEXT('2D SPACE',''
  ) );
#9429 = PCURVE('',#8170,#9430);
#9430 = DEFINITIONAL_REPRESENTATION('',(#9431),#9434);
#9431 = B_SPLINE_CURVE_WITH_KNOTS('',1,(#9432,#9433),.UNSPECIFIED.,.F.,
  .F.,(2,2),(0.,1.),.PIECEWISE_BEZIER_KNOTS.);
#9432 = CARTESIAN_POINT('',(33.149361,0.));
#9433 = CARTESIAN_POINT('',(33.149361,1.));
#9434 = ( GEOMETRIC_REPRESENTATION_CONTEXT(2) 
PARAMETRIC_REPRESENTATION_CONTEXT() REPRESENTATION_CONTEXT('2D SPACE',''
  ) );
#9435 = ADVANCED_FACE('',(#9436),#8170,.F.);
#9436 = FACE_BOUND('',#9437,.F.);
#9437 = EDGE_LOOP('',(#9438,#9439,#9440,#9441));
#9438 = ORIENTED_EDGE('',*,*,#8154,.T.);
#9439 = ORIENTED_EDGE('',*,*,#9418,.T.);
#9440 = ORIENTED_EDGE('',*,*,#8679,.F.);
#9441 = ORIENTED_EDGE('',*,*,#9442,.F.);
#9442 = EDGE_CURVE('',#8133,#8658,#9443,.T.);
#9443 = SURFACE_CURVE('',#9444,(#9447,#9453),.PCURVE_S1.);
#9444 = B_SPLINE_CURVE_WITH_KNOTS('',1,(#9445,#9446),.UNSPECIFIED.,.F.,
  .F.,(2,2),(0.,1.),.PIECEWISE_BEZIER_KNOTS.);
#9445 = CARTESIAN_POINT('',(36.5,-7.836606474854E-15,-35.292938));
#9446 = CARTESIAN_POINT('',(36.290219564169,3.,-35.08315756416));
#9447 = PCURVE('',#8170,#9448);
#9448 = DEFINITIONAL_REPRESENTATION('',(#9449),#9452);
#9449 = B_SPLINE_CURVE_WITH_KNOTS('',1,(#9450,#9451),.UNSPECIFIED.,.F.,
  .F.,(2,2),(0.,1.),.PIECEWISE_BEZIER_KNOTS.);
#9450 = CARTESIAN_POINT('',(0.,0.));
#9451 = CARTESIAN_POINT('',(0.,1.));
#9452 = ( GEOMETRIC_REPRESENTATION_CONTEXT(2) 
PARAMETRIC_REPRESENTATION_CONTEXT() REPRESENTATION_CONTEXT('2D SPACE',''
  ) );
#9453 = PCURVE('',#8040,#9454);
#9454 = DEFINITIONAL_REPRESENTATION('',(#9455),#9458);
#9455 = B_SPLINE_CURVE_WITH_KNOTS('',1,(#9456,#9457),.UNSPECIFIED.,.F.,
  .F.,(2,2),(0.,1.),.PIECEWISE_BEZIER_KNOTS.);
#9456 = CARTESIAN_POINT('',(8.,0.));
#9457 = CARTESIAN_POINT('',(8.,1.));
#9458 = ( GEOMETRIC_REPRESENTATION_CONTEXT(2) 
PARAMETRIC_REPRESENTATION_CONTEXT() REPRESENTATION_CONTEXT('2D SPACE',''
  ) );
#9459 = ADVANCED_FACE('',(#9460),#8040,.F.);
#9460 = FACE_BOUND('',#9461,.F.);
#9461 = EDGE_LOOP('',(#9462,#9463,#9464,#9493,#9518,#9545,#9546,#9547));
#9462 = ORIENTED_EDGE('',*,*,#8611,.F.);
#9463 = ORIENTED_EDGE('',*,*,#8024,.T.);
#9464 = ORIENTED_EDGE('',*,*,#9465,.T.);
#9465 = EDGE_CURVE('',#8025,#9466,#9468,.T.);
#9466 = VERTEX_POINT('',#9467);
#9467 = CARTESIAN_POINT('',(30.587488663526,1.,-35.22301118805));
#9468 = SURFACE_CURVE('',#9469,(#9475,#9484),.PCURVE_S1.);
#9469 = B_SPLINE_CURVE_WITH_KNOTS('',4,(#9470,#9471,#9472,#9473,#9474),
  .UNSPECIFIED.,.F.,.F.,(5,5),(0.,1.),.PIECEWISE_BEZIER_KNOTS.);
#9470 = CARTESIAN_POINT('',(30.5,-7.928560474824E-15,-35.292938));
#9471 = CARTESIAN_POINT('',(30.521872680857,0.250005886202,
    -35.27545588541));
#9472 = CARTESIAN_POINT('',(30.543745028254,0.500007960929,
    -35.25797403734));
#9473 = CARTESIAN_POINT('',(30.565617027827,0.750006060015,
    -35.24049246728));
#9474 = CARTESIAN_POINT('',(30.587488663526,1.,-35.22301118805));
#9475 = PCURVE('',#8040,#9476);
#9476 = DEFINITIONAL_REPRESENTATION('',(#9477),#9483);
#9477 = B_SPLINE_CURVE_WITH_KNOTS('',4,(#9478,#9479,#9480,#9481,#9482),
  .UNSPECIFIED.,.F.,.F.,(5,5),(0.,1.),.PIECEWISE_BEZIER_KNOTS.);
#9478 = CARTESIAN_POINT('',(2.,0.));
#9479 = CARTESIAN_POINT('',(2.013131623458,8.333529540074E-02));
#9480 = CARTESIAN_POINT('',(2.026416093044,0.16666932031));
#9481 = CARTESIAN_POINT('',(2.039857400269,0.250002020005));
#9482 = CARTESIAN_POINT('',(2.05345982636,0.333333333333));
#9483 = ( GEOMETRIC_REPRESENTATION_CONTEXT(2) 
PARAMETRIC_REPRESENTATION_CONTEXT() REPRESENTATION_CONTEXT('2D SPACE',''
  ) );
#9484 = PCURVE('',#8067,#9485);
#9485 = DEFINITIONAL_REPRESENTATION('',(#9486),#9492);
#9486 = B_SPLINE_CURVE_WITH_KNOTS('',4,(#9487,#9488,#9489,#9490,#9491),
  .UNSPECIFIED.,.F.,.F.,(5,5),(0.,1.),.PIECEWISE_BEZIER_KNOTS.);
#9487 = CARTESIAN_POINT('',(0.862212999998,9.900002316368E-11));
#9488 = CARTESIAN_POINT('',(0.858146338673,0.250005886017));
#9489 = CARTESIAN_POINT('',(0.854075665442,0.500007961093));
#9490 = CARTESIAN_POINT('',(0.850000974091,0.750006059954));
#9491 = CARTESIAN_POINT('',(0.845922258669,1.));
#9492 = ( GEOMETRIC_REPRESENTATION_CONTEXT(2) 
PARAMETRIC_REPRESENTATION_CONTEXT() REPRESENTATION_CONTEXT('2D SPACE',''
  ) );
#9493 = ORIENTED_EDGE('',*,*,#9494,.F.);
#9494 = EDGE_CURVE('',#9495,#9466,#9497,.T.);
#9495 = VERTEX_POINT('',#9496);
#9496 = CARTESIAN_POINT('',(34.412511336474,1.,-35.22301118805));
#9497 = SURFACE_CURVE('',#9498,(#9501,#9507),.PCURVE_S1.);
#9498 = B_SPLINE_CURVE_WITH_KNOTS('',1,(#9499,#9500),.UNSPECIFIED.,.F.,
  .F.,(2,2),(0.,1.),.PIECEWISE_BEZIER_KNOTS.);
#9499 = CARTESIAN_POINT('',(36.430073188056,1.,-35.22301118805));
#9500 = CARTESIAN_POINT('',(30.559702060459,1.,-35.22301118805));
#9501 = PCURVE('',#8040,#9502);
#9502 = DEFINITIONAL_REPRESENTATION('',(#9503),#9506);
#9503 = B_SPLINE_CURVE_WITH_KNOTS('',1,(#9504,#9505),.UNSPECIFIED.,.F.,
  .F.,(2,2),(0.343685570764,0.99526663605),.PIECEWISE_BEZIER_KNOTS.);
#9504 = CARTESIAN_POINT('',(5.94654017364,0.333333333333));
#9505 = CARTESIAN_POINT('',(2.05345982636,0.333333333333));
#9506 = ( GEOMETRIC_REPRESENTATION_CONTEXT(2) 
PARAMETRIC_REPRESENTATION_CONTEXT() REPRESENTATION_CONTEXT('2D SPACE',''
  ) );
#9507 = PCURVE('',#9508,#9513);
#9508 = PLANE('',#9509);
#9509 = AXIS2_PLACEMENT_3D('',#9510,#9511,#9512);
#9510 = CARTESIAN_POINT('',(30.587488663526,1.,80.204549336474));
#9511 = DIRECTION('',(0.,-1.,2.238694660641E-16));
#9512 = DIRECTION('',(3.287934868944E-02,-2.237484261237E-16,
    -0.999459328052));
#9513 = DEFINITIONAL_REPRESENTATION('',(#9514),#9517);
#9514 = B_SPLINE_CURVE_WITH_KNOTS('',1,(#9515,#9516),.UNSPECIFIED.,.F.,
  .F.,(2,2),(0.,1.),.PIECEWISE_BEZIER_KNOTS.);
#9515 = CARTESIAN_POINT('',(115.55725245433,2.044242592115));
#9516 = CARTESIAN_POINT('',(115.36423847509,-3.822954590488));
#9517 = ( GEOMETRIC_REPRESENTATION_CONTEXT(2) 
PARAMETRIC_REPRESENTATION_CONTEXT() REPRESENTATION_CONTEXT('2D SPACE',''
  ) );
#9518 = ORIENTED_EDGE('',*,*,#9519,.T.);
#9519 = EDGE_CURVE('',#9495,#8106,#9520,.T.);
#9520 = SURFACE_CURVE('',#9521,(#9527,#9536),.PCURVE_S1.);
#9521 = B_SPLINE_CURVE_WITH_KNOTS('',4,(#9522,#9523,#9524,#9525,#9526),
  .UNSPECIFIED.,.F.,.F.,(5,5),(0.,1.),.PIECEWISE_BEZIER_KNOTS.);
#9522 = CARTESIAN_POINT('',(34.412511336474,1.,-35.22301118805));
#9523 = CARTESIAN_POINT('',(34.434382972173,0.750006060015,
    -35.24049246728));
#9524 = CARTESIAN_POINT('',(34.456254971746,0.50000796093,
    -35.25797403734));
#9525 = CARTESIAN_POINT('',(34.478127319143,0.250005886201,
    -35.27545588541));
#9526 = CARTESIAN_POINT('',(34.5,-7.817538172361E-15,-35.292938));
#9527 = PCURVE('',#8040,#9528);
#9528 = DEFINITIONAL_REPRESENTATION('',(#9529),#9535);
#9529 = B_SPLINE_CURVE_WITH_KNOTS('',4,(#9530,#9531,#9532,#9533,#9534),
  .UNSPECIFIED.,.F.,.F.,(5,5),(0.,1.),.PIECEWISE_BEZIER_KNOTS.);
#9530 = CARTESIAN_POINT('',(5.94654017364,0.333333333333));
#9531 = CARTESIAN_POINT('',(5.960142599731,0.250002020005));
#9532 = CARTESIAN_POINT('',(5.973583906955,0.16666932031));
#9533 = CARTESIAN_POINT('',(5.986868376543,8.333529540044E-02));
#9534 = CARTESIAN_POINT('',(6.,0.));
#9535 = ( GEOMETRIC_REPRESENTATION_CONTEXT(2) 
PARAMETRIC_REPRESENTATION_CONTEXT() REPRESENTATION_CONTEXT('2D SPACE',''
  ) );
#9536 = PCURVE('',#8121,#9537);
#9537 = DEFINITIONAL_REPRESENTATION('',(#9538),#9544);
#9538 = B_SPLINE_CURVE_WITH_KNOTS('',4,(#9539,#9540,#9541,#9542,#9543),
  .UNSPECIFIED.,.F.,.F.,(5,5),(0.,1.),.PIECEWISE_BEZIER_KNOTS.);
#9539 = CARTESIAN_POINT('',(115.60126674133,1.));
#9540 = CARTESIAN_POINT('',(115.5971880259,0.750006059954));
#9541 = CARTESIAN_POINT('',(115.59311333455,0.500007961092));
#9542 = CARTESIAN_POINT('',(115.58904266132,0.250005886018));
#9543 = CARTESIAN_POINT('',(115.584976,9.830064617044E-11));
#9544 = ( GEOMETRIC_REPRESENTATION_CONTEXT(2) 
PARAMETRIC_REPRESENTATION_CONTEXT() REPRESENTATION_CONTEXT('2D SPACE',''
  ) );
#9545 = ORIENTED_EDGE('',*,*,#8132,.T.);
#9546 = ORIENTED_EDGE('',*,*,#9442,.T.);
#9547 = ORIENTED_EDGE('',*,*,#8657,.F.);
#9548 = ADVANCED_FACE('',(#9549),#8121,.F.);
#9549 = FACE_BOUND('',#9550,.F.);
#9550 = EDGE_LOOP('',(#9551,#9552,#9553,#9575));
#9551 = ORIENTED_EDGE('',*,*,#8105,.T.);
#9552 = ORIENTED_EDGE('',*,*,#9519,.F.);
#9553 = ORIENTED_EDGE('',*,*,#9554,.F.);
#9554 = EDGE_CURVE('',#9555,#9495,#9557,.T.);
#9555 = VERTEX_POINT('',#9556);
#9556 = CARTESIAN_POINT('',(34.412511336474,1.,80.204549336474));
#9557 = SURFACE_CURVE('',#9558,(#9562,#9568),.PCURVE_S1.);
#9558 = LINE('',#9559,#9560);
#9559 = CARTESIAN_POINT('',(34.412511336474,1.,80.292038));
#9560 = VECTOR('',#9561,1.);
#9561 = DIRECTION('',(0.,-2.231994211029E-16,-1.));
#9562 = PCURVE('',#8121,#9563);
#9563 = DEFINITIONAL_REPRESENTATION('',(#9564),#9567);
#9564 = B_SPLINE_CURVE_WITH_KNOTS('',1,(#9565,#9566),.UNSPECIFIED.,.F.,
  .F.,(2,2),(8.748866352592E-02,115.51504918805),
  .PIECEWISE_BEZIER_KNOTS.);
#9565 = CARTESIAN_POINT('',(0.,1.));
#9566 = CARTESIAN_POINT('',(115.60126674133,1.));
#9567 = ( GEOMETRIC_REPRESENTATION_CONTEXT(2) 
PARAMETRIC_REPRESENTATION_CONTEXT() REPRESENTATION_CONTEXT('2D SPACE',''
  ) );
#9568 = PCURVE('',#9508,#9569);
#9569 = DEFINITIONAL_REPRESENTATION('',(#9570),#9574);
#9570 = LINE('',#9571,#9572);
#9571 = CARTESIAN_POINT('',(3.832289334913E-02,3.825831160762));
#9572 = VECTOR('',#9573,1.);
#9573 = DIRECTION('',(0.999459328052,-3.287934868944E-02));
#9574 = ( GEOMETRIC_REPRESENTATION_CONTEXT(2) 
PARAMETRIC_REPRESENTATION_CONTEXT() REPRESENTATION_CONTEXT('2D SPACE',''
  ) );
#9575 = ORIENTED_EDGE('',*,*,#9576,.F.);
#9576 = EDGE_CURVE('',#8079,#9555,#9577,.T.);
#9577 = SURFACE_CURVE('',#9578,(#9581,#9587),.PCURVE_S1.);
#9578 = B_SPLINE_CURVE_WITH_KNOTS('',1,(#9579,#9580),.UNSPECIFIED.,.F.,
  .F.,(2,2),(0.,1.),.PIECEWISE_BEZIER_KNOTS.);
#9579 = CARTESIAN_POINT('',(34.5,1.782841385634E-14,80.292038));
#9580 = CARTESIAN_POINT('',(34.412511336474,1.,80.204549336474));
#9581 = PCURVE('',#8121,#9582);
#9582 = DEFINITIONAL_REPRESENTATION('',(#9583),#9586);
#9583 = B_SPLINE_CURVE_WITH_KNOTS('',1,(#9584,#9585),.UNSPECIFIED.,.F.,
  .F.,(2,2),(0.,1.),.PIECEWISE_BEZIER_KNOTS.);
#9584 = CARTESIAN_POINT('',(0.,0.));
#9585 = CARTESIAN_POINT('',(0.,1.));
#9586 = ( GEOMETRIC_REPRESENTATION_CONTEXT(2) 
PARAMETRIC_REPRESENTATION_CONTEXT() REPRESENTATION_CONTEXT('2D SPACE',''
  ) );
#9587 = PCURVE('',#8094,#9588);
#9588 = DEFINITIONAL_REPRESENTATION('',(#9589),#9592);
#9589 = B_SPLINE_CURVE_WITH_KNOTS('',1,(#9590,#9591),.UNSPECIFIED.,.F.,
  .F.,(2,2),(0.,1.),.PIECEWISE_BEZIER_KNOTS.);
#9590 = CARTESIAN_POINT('',(4.,0.));
#9591 = CARTESIAN_POINT('',(4.,1.));
#9592 = ( GEOMETRIC_REPRESENTATION_CONTEXT(2) 
PARAMETRIC_REPRESENTATION_CONTEXT() REPRESENTATION_CONTEXT('2D SPACE',''
  ) );
#9593 = ADVANCED_FACE('',(#9594),#8094,.F.);
#9594 = FACE_BOUND('',#9595,.F.);
#9595 = EDGE_LOOP('',(#9596,#9597,#9598,#9620));
#9596 = ORIENTED_EDGE('',*,*,#8078,.T.);
#9597 = ORIENTED_EDGE('',*,*,#9576,.T.);
#9598 = ORIENTED_EDGE('',*,*,#9599,.F.);
#9599 = EDGE_CURVE('',#9600,#9555,#9602,.T.);
#9600 = VERTEX_POINT('',#9601);
#9601 = CARTESIAN_POINT('',(30.587488663526,1.,80.204549336474));
#9602 = SURFACE_CURVE('',#9603,(#9607,#9613),.PCURVE_S1.);
#9603 = LINE('',#9604,#9605);
#9604 = CARTESIAN_POINT('',(30.5,1.,80.204549336474));
#9605 = VECTOR('',#9606,1.);
#9606 = DIRECTION('',(1.,0.,0.));
#9607 = PCURVE('',#8094,#9608);
#9608 = DEFINITIONAL_REPRESENTATION('',(#9609),#9612);
#9609 = B_SPLINE_CURVE_WITH_KNOTS('',1,(#9610,#9611),.UNSPECIFIED.,.F.,
  .F.,(2,2),(8.748866352592E-02,3.912511336474),
  .PIECEWISE_BEZIER_KNOTS.);
#9610 = CARTESIAN_POINT('',(0.,1.));
#9611 = CARTESIAN_POINT('',(4.,1.));
#9612 = ( GEOMETRIC_REPRESENTATION_CONTEXT(2) 
PARAMETRIC_REPRESENTATION_CONTEXT() REPRESENTATION_CONTEXT('2D SPACE',''
  ) );
#9613 = PCURVE('',#9508,#9614);
#9614 = DEFINITIONAL_REPRESENTATION('',(#9615),#9619);
#9615 = LINE('',#9616,#9617);
#9616 = CARTESIAN_POINT('',(-2.876570274442E-03,-8.744136085977E-02));
#9617 = VECTOR('',#9618,1.);
#9618 = DIRECTION('',(3.287934868944E-02,0.999459328052));
#9619 = ( GEOMETRIC_REPRESENTATION_CONTEXT(2) 
PARAMETRIC_REPRESENTATION_CONTEXT() REPRESENTATION_CONTEXT('2D SPACE',''
  ) );
#9620 = ORIENTED_EDGE('',*,*,#9621,.F.);
#9621 = EDGE_CURVE('',#8052,#9600,#9622,.T.);
#9622 = SURFACE_CURVE('',#9623,(#9626,#9632),.PCURVE_S1.);
#9623 = B_SPLINE_CURVE_WITH_KNOTS('',1,(#9624,#9625),.UNSPECIFIED.,.F.,
  .F.,(2,2),(0.,1.),.PIECEWISE_BEZIER_KNOTS.);
#9624 = CARTESIAN_POINT('',(30.5,1.782841385634E-14,80.292038));
#9625 = CARTESIAN_POINT('',(30.587488663526,1.,80.204549336474));
#9626 = PCURVE('',#8094,#9627);
#9627 = DEFINITIONAL_REPRESENTATION('',(#9628),#9631);
#9628 = B_SPLINE_CURVE_WITH_KNOTS('',1,(#9629,#9630),.UNSPECIFIED.,.F.,
  .F.,(2,2),(0.,1.),.PIECEWISE_BEZIER_KNOTS.);
#9629 = CARTESIAN_POINT('',(0.,0.));
#9630 = CARTESIAN_POINT('',(0.,1.));
#9631 = ( GEOMETRIC_REPRESENTATION_CONTEXT(2) 
PARAMETRIC_REPRESENTATION_CONTEXT() REPRESENTATION_CONTEXT('2D SPACE',''
  ) );
#9632 = PCURVE('',#8067,#9633);
#9633 = DEFINITIONAL_REPRESENTATION('',(#9634),#9637);
#9634 = B_SPLINE_CURVE_WITH_KNOTS('',1,(#9635,#9636),.UNSPECIFIED.,.F.,
  .F.,(2,2),(0.,1.),.PIECEWISE_BEZIER_KNOTS.);
#9635 = CARTESIAN_POINT('',(116.447189,0.));
#9636 = CARTESIAN_POINT('',(116.447189,1.));
#9637 = ( GEOMETRIC_REPRESENTATION_CONTEXT(2) 
PARAMETRIC_REPRESENTATION_CONTEXT() REPRESENTATION_CONTEXT('2D SPACE',''
  ) );
#9638 = ADVANCED_FACE('',(#9639),#8067,.F.);
#9639 = FACE_BOUND('',#9640,.F.);
#9640 = EDGE_LOOP('',(#9641,#9642,#9643,#9644));
#9641 = ORIENTED_EDGE('',*,*,#9465,.F.);
#9642 = ORIENTED_EDGE('',*,*,#8051,.T.);
#9643 = ORIENTED_EDGE('',*,*,#9621,.T.);
#9644 = ORIENTED_EDGE('',*,*,#9645,.F.);
#9645 = EDGE_CURVE('',#9466,#9600,#9646,.T.);
#9646 = SURFACE_CURVE('',#9647,(#9651,#9657),.PCURVE_S1.);
#9647 = LINE('',#9648,#9649);
#9648 = CARTESIAN_POINT('',(30.587488663526,1.,-36.155151));
#9649 = VECTOR('',#9650,1.);
#9650 = DIRECTION('',(0.,2.231994211029E-16,1.));
#9651 = PCURVE('',#8067,#9652);
#9652 = DEFINITIONAL_REPRESENTATION('',(#9653),#9656);
#9653 = B_SPLINE_CURVE_WITH_KNOTS('',1,(#9654,#9655),.UNSPECIFIED.,.F.,
  .F.,(2,2),(0.932139811944,116.35970033647),.PIECEWISE_BEZIER_KNOTS.);
#9654 = CARTESIAN_POINT('',(0.845922258669,1.));
#9655 = CARTESIAN_POINT('',(116.447189,1.));
#9656 = ( GEOMETRIC_REPRESENTATION_CONTEXT(2) 
PARAMETRIC_REPRESENTATION_CONTEXT() REPRESENTATION_CONTEXT('2D SPACE',''
  ) );
#9657 = PCURVE('',#9508,#9658);
#9658 = DEFINITIONAL_REPRESENTATION('',(#9659),#9663);
#9659 = LINE('',#9660,#9661);
#9660 = CARTESIAN_POINT('',(116.2967879106,-3.825831160762));
#9661 = VECTOR('',#9662,1.);
#9662 = DIRECTION('',(-0.999459328052,3.287934868944E-02));
#9663 = ( GEOMETRIC_REPRESENTATION_CONTEXT(2) 
PARAMETRIC_REPRESENTATION_CONTEXT() REPRESENTATION_CONTEXT('2D SPACE',''
  ) );
#9664 = ADVANCED_FACE('',(#9665),#9508,.T.);
#9665 = FACE_BOUND('',#9666,.T.);
#9666 = EDGE_LOOP('',(#9667,#9668,#9669,#9670));
#9667 = ORIENTED_EDGE('',*,*,#9599,.F.);
#9668 = ORIENTED_EDGE('',*,*,#9645,.F.);
#9669 = ORIENTED_EDGE('',*,*,#9494,.F.);
#9670 = ORIENTED_EDGE('',*,*,#9554,.F.);
#9671 = ( GEOMETRIC_REPRESENTATION_CONTEXT(3) 
GLOBAL_UNCERTAINTY_ASSIGNED_CONTEXT((#9675)) 
GLOBAL_UNIT_ASSIGNED_CONTEXT((#9672,#9673,#9674)) REPRESENTATION_CONTEXT
('Context #1','3D Context with UNIT and UNCERTAINTY') );
#9672 = ( LENGTH_UNIT() NAMED_UNIT(*) SI_UNIT(.MILLI.,.METRE.) );
#9673 = ( NAMED_UNIT(*) PLANE_ANGLE_UNIT() SI_UNIT($,.RADIAN.) );
#9674 = ( NAMED_UNIT(*) SI_UNIT($,.STERADIAN.) SOLID_ANGLE_UNIT() );
#9675 = UNCERTAINTY_MEASURE_WITH_UNIT(LENGTH_MEASURE(5.E-07),#9672,
  'distance_accuracy_value','confusion accuracy');
#9676 = CONTEXT_DEPENDENT_SHAPE_REPRESENTATION(#9677,#9679);
#9677 = ( REPRESENTATION_RELATIONSHIP('','',#7860,#10) 
REPRESENTATION_RELATIONSHIP_WITH_TRANSFORMATION(#9678) 
SHAPE_REPRESENTATION_RELATIONSHIP() );
#9678 = ITEM_DEFINED_TRANSFORMATION('','',#11,#31);
#9679 = PRODUCT_DEFINITION_SHAPE('Placement','Placement of an item',
  #9680);
#9680 = NEXT_ASSEMBLY_USAGE_OCCURRENCE('12','BodyPorts','',#5,#7855,$);
#9681 = PRODUCT_RELATED_PRODUCT_CATEGORY('part',$,(#7857));
#9682 = MECHANICAL_DESIGN_GEOMETRIC_PRESENTATION_REPRESENTATION('',(
    #9683),#3936);
#9683 = STYLED_ITEM('color',(#9684),#2002);
#9684 = PRESENTATION_STYLE_ASSIGNMENT((#9685,#9691));
#9685 = SURFACE_STYLE_USAGE(.BOTH.,#9686);
#9686 = SURFACE_SIDE_STYLE('',(#9687));
#9687 = SURFACE_STYLE_FILL_AREA(#9688);
#9688 = FILL_AREA_STYLE('',(#9689));
#9689 = FILL_AREA_STYLE_COLOUR('',#9690);
#9690 = COLOUR_RGB('',0.800000010877,0.800000010877,0.800000010877);
#9691 = CURVE_STYLE('',#9692,POSITIVE_LENGTH_MEASURE(0.1),#9693);
#9692 = DRAUGHTING_PRE_DEFINED_CURVE_FONT('continuous');
#9693 = COLOUR_RGB('',9.803921802644E-02,9.803921802644E-02,
  9.803921802644E-02);
#9694 = MECHANICAL_DESIGN_GEOMETRIC_PRESENTATION_REPRESENTATION('',(
    #9695),#7842);
#9695 = STYLED_ITEM('color',(#9696),#5908);
#9696 = PRESENTATION_STYLE_ASSIGNMENT((#9697,#9702));
#9697 = SURFACE_STYLE_USAGE(.BOTH.,#9698);
#9698 = SURFACE_SIDE_STYLE('',(#9699));
#9699 = SURFACE_STYLE_FILL_AREA(#9700);
#9700 = FILL_AREA_STYLE('',(#9701));
#9701 = FILL_AREA_STYLE_COLOUR('',#9690);
#9702 = CURVE_STYLE('',#9703,POSITIVE_LENGTH_MEASURE(0.1),#9693);
#9703 = DRAUGHTING_PRE_DEFINED_CURVE_FONT('continuous');
#9704 = MECHANICAL_DESIGN_GEOMETRIC_PRESENTATION_REPRESENTATION('',(
    #9705),#9671);
#9705 = STYLED_ITEM('color',(#9706),#7861);
#9706 = PRESENTATION_STYLE_ASSIGNMENT((#9707,#9712));
#9707 = SURFACE_STYLE_USAGE(.BOTH.,#9708);
#9708 = SURFACE_SIDE_STYLE('',(#9709));
#9709 = SURFACE_STYLE_FILL_AREA(#9710);
#9710 = FILL_AREA_STYLE('',(#9711));
#9711 = FILL_AREA_STYLE_COLOUR('',#9690);
#9712 = CURVE_STYLE('',#9713,POSITIVE_LENGTH_MEASURE(0.1),#9693);
#9713 = DRAUGHTING_PRE_DEFINED_CURVE_FONT('continuous');
#9714 = MECHANICAL_DESIGN_GEOMETRIC_PRESENTATION_REPRESENTATION('',(
    #9715),#1983);
#9715 = STYLED_ITEM('color',(#9716),#49);
#9716 = PRESENTATION_STYLE_ASSIGNMENT((#9717,#9722));
#9717 = SURFACE_STYLE_USAGE(.BOTH.,#9718);
#9718 = SURFACE_SIDE_STYLE('',(#9719));
#9719 = SURFACE_STYLE_FILL_AREA(#9720);
#9720 = FILL_AREA_STYLE('',(#9721));
#9721 = FILL_AREA_STYLE_COLOUR('',#9690);
#9722 = CURVE_STYLE('',#9723,POSITIVE_LENGTH_MEASURE(0.1),#9693);
#9723 = DRAUGHTING_PRE_DEFINED_CURVE_FONT('continuous');
#9724 = MECHANICAL_DESIGN_GEOMETRIC_PRESENTATION_REPRESENTATION('',(
    #9725),#5889);
#9725 = STYLED_ITEM('color',(#9726),#3955);
#9726 = PRESENTATION_STYLE_ASSIGNMENT((#9727,#9732));
#9727 = SURFACE_STYLE_USAGE(.BOTH.,#9728);
#9728 = SURFACE_SIDE_STYLE('',(#9729));
#9729 = SURFACE_STYLE_FILL_AREA(#9730);
#9730 = FILL_AREA_STYLE('',(#9731));
#9731 = FILL_AREA_STYLE_COLOUR('',#9690);
#9732 = CURVE_STYLE('',#9733,POSITIVE_LENGTH_MEASURE(0.1),#9693);
#9733 = DRAUGHTING_PRE_DEFINED_CURVE_FONT('continuous');
ENDSEC;
END-ISO-10303-21;
